Workbook

Sheet Diseno
A1: FICHA DE UNA PRUEBA DE CUATRO SEMANAS (llénala ANTES de empezar)
A3: Elemento | B3: Qué debes definir | C3: Tu respuesta
A4: Herramienta y objetivo | B4: Qué herramienta pruebas y qué problema de aprendizaje pretende resolver
A5: Hipótesis | B5: Escríbela así: «Los estudiantes que usen la herramienta mejorarán más que los que no, en [resultado]»
A6: Resultado a medir | B6: Un resultado de aprendizaje concreto (no uso ni satisfacción): ¿qué debe saber o poder hacer el estudiante?
A7: Instrumento | B7: La misma prueba (o equivalente) al inicio y al final; fija los criterios de corrección antes
A8: Grupos | B8: Quién usa la herramienta y quién no; asigna al azar o, si no se puede, elige grupos parecidos y dilo
A9: Duración y dosis | B9: Cuatro semanas; cuántas sesiones por semana y de cuántos minutos
A10: Criterio de éxito | B10: Qué diferencia consideras relevante, definida antes de ver los datos
A11: Qué más pasa | B11: Otras cosas que cambien durante la prueba (otro docente, evaluaciones, vacaciones)
A12: Datos y consentimiento | B12: Qué datos de estudiantes se usan, quién los ve y qué autorización existe (datos de menores)
A13: Decisión posterior | B13: Qué harás si funciona, si no funciona o si no es concluyente

Sheet Datos
A1: DATOS DE EJEMPLO (ficticios): 12 estudiantes con la herramienta y 12 sin ella. Reemplázalos por los tuyos (filas amarillas).
A3: Estudiante | B3: Grupo | C3: Prueba inicial (0-100) | D3: Prueba final (0-100) | E3: Ganancia (final - inicial)
A4: H01 | B4: Herramienta | C4: 39 | D4: 58 | E4: =D4-C4
A5: H02 | B5: Herramienta | C5: 32 | D5: 27 | E5: =D5-C5
A6: H03 | B6: Herramienta | C6: 74 | D6: 89 | E6: =D6-C6
A7: H04 | B7: Herramienta | C7: 56 | D7: 60 | E7: =D7-C7
A8: H05 | B8: Herramienta | C8: 52 | D8: 52 | E8: =D8-C8
A9: H06 | B9: Herramienta | C9: 60 | D9: 64 | E9: =D9-C9
A10: H07 | B10: Herramienta | C10: 68 | D10: 63 | E10: =D10-C10
A11: H08 | B11: Herramienta | C11: 54 | D11: 58 | E11: =D11-C11
A12: H09 | B12: Herramienta | C12: 53 | D12: 76 | E12: =D12-C12
A13: H10 | B13: Herramienta | C13: 61 | D13: 72 | E13: =D13-C13
A14: H11 | B14: Herramienta | C14: 83 | D14: 88 | E14: =D14-C14
A15: H12 | B15: Herramienta | C15: 81 | D15: 95 | E15: =D15-C15
... A27: C12 | B27: Comparación | C27: 90 | D27: 101 | E27: =D27-C27

Sheet Resultados
A1: RESULTADOS: se calculan solos con los datos de la hoja Datos (grupo con herramienta: filas 4-15; comparación: filas 16-27)
A3: Ganancia media con herramienta | B3: =AVERAGE(Datos!E4:E15)
A4: Ganancia media del grupo de comparación | B4: =AVERAGE(Datos!E16:E27)
A5: Diferencia de ganancias | B5: =B3-B4
A6: Desviación estándar de las ganancias (herramienta) | B6: =STDEV(Datos!E4:E15)
A7: Desviación estándar de las ganancias (comparación) | B7: =STDEV(Datos!E16:E27)
A8: Tamaño del efecto (d de Cohen con desviación combinada) | B8: =B5/SQRT((B6^2+B7^2)/2)
A9: Valor p (prueba t de dos colas, varianzas distintas) | B9: =TTEST(Datos!E4:E15,Datos!E16:E27,2,3)
A10: Estudiantes por grupo | B10: =COUNT(Datos!E4:E15)
A12: Lectura sugerida | B12: =IF(AND(B9<0.05,B8>=0.2),"Señal a favor: replica la prueba antes de generalizar",IF(B5>0,"Diferencia positiva pero no concluyente: amplía la muestra o repite","Sin señal a favor de la herramienta"))
A14: Cómo leer esto con cuidado
A15: • Con pocos estudiantes, el azar produce diferencias de varios puntos: un p alto significa «no concluyente», no «no funciona».
A16: • Un p bajo no prueba que la herramienta cause la mejora si los grupos no eran comparables o si pasaron otras cosas distintas.
A17: • El tamaño del efecto dice cuánto: alrededor de 0,2 es pequeño, 0,5 mediano y 0,8 grande (convención de Cohen); lo relevante depende de tu contexto y tu costo.
A18: • Esta hoja es una guía didáctica. Para decisiones de mayor impacto, busca apoyo estadístico y evidencia independiente.
