Workbook

Sheet Tareas
A1: DISTANCIA DE TRANSFERENCIA DE LAS TAREAS DE UNA UNIDAD (ejemplo ficticio: proporcionalidad, grado 7)
A2: Califica cada dimensión de 0 a 2 (0 = igual a lo practicado; 1 = algo distinto; 2 = muy distinto). La suma es la distancia (0 a 10). Marco de elaboración propia inspirado en las dimensiones de contexto de la literatura sobre transferencia.
A4: Tarea | B4: Dominio (0 mismo tipo; 1 situación cercana; 2 otra materia o vida real) | C4: Lugar (0 aula; 1 otro espacio del colegio; 2 fuera del colegio) | D4: Tiempo (0 mismo día; 1 una semana después; 2 un mes o más) | E4: Formato (0 igual; 1 distinto; 2 muy distinto o abierto) | F4: Social (0 individual; 1 parejas; 2 público real) | G4: Distancia (0-10) | H4: Nivel
A5: Ejercicios de regla de tres del libro | B5: 0 | C5: 0 | D5: 0 | E5: 0 | F5: 0 | G5: =IF(A5="","",SUM(B5:F5)) | H5: =IF(A5="","",IF(G5<=2,"Cercana",IF(G5<=5,"Intermedia","Lejana")))
A6: Problemas de recetas en el mismo cuaderno | B6: 1 | C6: 0 | D6: 0 | E6: 0 | F6: 0 | G6: =IF(A6="","",SUM(B6:F6)) | H6: =IF(A6="","",IF(G6<=2,"Cercana",IF(G6<=5,"Intermedia","Lejana")))
A7: Quiz oral sobre razones al día siguiente | B7: 0 | C7: 0 | D7: 0 | E7: 1 | F7: 0 | G7: =IF(A7="","",SUM(B7:F7)) | H7: =IF(A7="","",IF(G7<=2,"Cercana",IF(G7<=5,"Intermedia","Lejana")))
A8: Problemas de mapas y escalas en parejas | B8: 1 | C8: 0 | D8: 0 | E8: 1 | F8: 1 | G8: =IF(A8="","",SUM(B8:F8)) | H8: =IF(A8="","",IF(G8<=2,"Cercana",IF(G8<=5,"Intermedia","Lejana")))
A9: Comparar precios en la tienda escolar | B9: 1 | C9: 1 | D9: 0 | E9: 1 | F9: 1 | G9: =IF(A9="","",SUM(B9:F9)) | H9: =IF(A9="","",IF(G9<=2,"Cercana",IF(G9<=5,"Intermedia","Lejana")))
A10: Repaso de proporciones una semana después, formato distinto | B10: 0 | C10: 0 | D10: 1 | E10: 1 | F10: 0 | G10: =IF(A10="","",SUM(B10:F10)) | H10: =IF(A10="","",IF(G10<=2,"Cercana",IF(G10<=5,"Intermedia","Lejana")))
A11: Calcular la dosis de un medicamento (ficticio) en ciencias | B11: 2 | C11: 0 | D11: 1 | E11: 1 | F11: 0 | G11: =IF(A11="","",SUM(B11:F11)) | H11: =IF(A11="","",IF(G11<=2,"Cercana",IF(G11<=5,"Intermedia","Lejana")))
A12: Presupuesto de un evento para otro curso | B12: 2 | C12: 1 | D12: 1 | E12: 2 | F12: 2 | G12: =IF(A12="","",SUM(B12:F12)) | H12: =IF(A12="","",IF(G12<=2,"Cercana",IF(G12<=5,"Intermedia","Lejana")))
A13: Informe de compra en un supermercado con la familia | B13: 2 | C13: 2 | D13: 1 | E13: 2 | F13: 1 | G13: =IF(A13="","",SUM(B13:F13)) | H13: =IF(A13="","",IF(G13<=2,"Cercana",IF(G13<=5,"Intermedia","Lejana")))
A14: Prueba de un mes después con problemas nuevos de otra área | B14: 2 | C14: 0 | D14: 2 | E14: 1 | F14: 0 | G14: =IF(A14="","",SUM(B14:F14)) | H14: =IF(A14="","",IF(G14<=2,"Cercana",IF(G14<=5,"Intermedia","Lejana")))
G15: =IF(A15="","",SUM(B15:F15)) | H15: =IF(A15="","",IF(G15<=2,"Cercana",IF(G15<=5,"Intermedia","Lejana")))
G16: =IF(A16="","",SUM(B16:F16)) | H16: =IF(A16="","",IF(G16<=2,"Cercana",IF(G16<=5,"Intermedia","Lejana")))
G17: =IF(A17="","",SUM(B17:F17)) | H17: =IF(A17="","",IF(G17<=2,"Cercana",IF(G17<=5,"Intermedia","Lejana")))
G18: =IF(A18="","",SUM(B18:F18)) | H18: =IF(A18="","",IF(G18<=2,"Cercana",IF(G18<=5,"Intermedia","Lejana")))
G19: =IF(A19="","",SUM(B19:F19)) | H19: =IF(A19="","",IF(G19<=2,"Cercana",IF(G19<=5,"Intermedia","Lejana")))
G20: =IF(A20="","",SUM(B20:F20)) | H20: =IF(A20="","",IF(G20<=2,"Cercana",IF(G20<=5,"Intermedia","Lejana")))
G21: =IF(A21="","",SUM(B21:F21)) | H21: =IF(A21="","",IF(G21<=2,"Cercana",IF(G21<=5,"Intermedia","Lejana")))
G22: =IF(A22="","",SUM(B22:F22)) | H22: =IF(A22="","",IF(G22<=2,"Cercana",IF(G22<=5,"Intermedia","Lejana")))
G23: =IF(A23="","",SUM(B23:F23)) | H23: =IF(A23="","",IF(G23<=2,"Cercana",IF(G23<=5,"Intermedia","Lejana")))
G24: =IF(A24="","",SUM(B24:F24)) | H24: =IF(A24="","",IF(G24<=2,"Cercana",IF(G24<=5,"Intermedia","Lejana")))
G25: =IF(A25="","",SUM(B25:F25)) | H25: =IF(A25="","",IF(G25<=2,"Cercana",IF(G25<=5,"Intermedia","Lejana")))
G26: =IF(A26="","",SUM(B26:F26)) | H26: =IF(A26="","",IF(G26<=2,"Cercana",IF(G26<=5,"Intermedia","Lejana")))
... G29: =IF(A29="","",SUM(B29:F29)) | H29: =IF(A29="","",IF(G29<=2,"Cercana",IF(G29<=5,"Intermedia","Lejana")))

Sheet Resumen
A1: RESUMEN DE LA UNIDAD
A3: Tareas | B3: =COUNTA(Tareas!A5:A29)
A4: Cercanas (distancia 0 a 2) | B4: =COUNTIF(Tareas!H5:H29,"Cercana")
A5: Intermedias (3 a 5) | B5: =COUNTIF(Tareas!H5:H29,"Intermedia")
A6: Lejanas (6 a 10) | B6: =COUNTIF(Tareas!H5:H29,"Lejana")
A7: Distancia media de la unidad | B7: =IF(B3=0,0,AVERAGE(Tareas!G5:G29))
A8: Distancia máxima | B8: =MAX(Tareas!G5:G29)
A9: Proporción de tareas lejanas | B9: =IF(B3=0,0,B6/B3)
A10: Dimensión menos variada (suma más baja) | B10: =INDEX({"Dominio","Lugar","Tiempo","Formato","Social"},MATCH(MIN(B13:B17),B13:B17,0))
A12: Suma por dimensión
A13: Dominio | B13: =SUM(Tareas!B5:B29)
A14: Lugar | B14: =SUM(Tareas!C5:C29)
A15: Tiempo | B15: =SUM(Tareas!D5:D29)
A16: Formato | B16: =SUM(Tareas!E5:E29)
A17: Social | B17: =SUM(Tareas!F5:F29)
A19: Diagnóstico | B19: =IF(B3=0,"",IF(B6=0,"Ninguna tarea lejana: se practica, pero no se verifica el transferir",IF(B9<0.2,"Pocas tareas lejanas","Hay tareas lejanas")))

Sheet Espaciamiento
A1: CALENDARIO DE REPASO ESPACIADO (recuperación a 1 día, 1 semana y 1 mes; editable)
A2: Intervalos (días): | C2: 1 | D2: 7 | E2: 30
A3: Tema | B3: Fecha en que se enseñó | C3: Repaso 1 (días después) | D3: Repaso 2 (días después) | E3: Repaso 3 (días después) | F3: Fecha repaso 1 | G3: Fecha repaso 2 | H3: Fecha repaso 3
A4: Razones y proporciones | B4: 46419 | C4: =$C$2 | D4: =$D$2 | E4: =$E$2 | F4: =IF(B4="","",B4+C4) | G4: =IF(B4="","",B4+D4) | H4: =IF(B4="","",B4+E4)
A5: Regla de tres directa | B5: 46421 | C5: =$C$2 | D5: =$D$2 | E5: =$E$2 | F5: =IF(B5="","",B5+C5) | G5: =IF(B5="","",B5+D5) | H5: =IF(B5="","",B5+E5)
A6: Regla de tres inversa | B6: 46426 | C6: =$C$2 | D6: =$D$2 | E6: =$E$2 | F6: =IF(B6="","",B6+C6) | G6: =IF(B6="","",B6+D6) | H6: =IF(B6="","",B6+E6)
A7: Porcentajes en consumo | B7: 46433 | C7: =$C$2 | D7: =$D$2 | E7: =$E$2 | F7: =IF(B7="","",B7+C7) | G7: =IF(B7="","",B7+D7) | H7: =IF(B7="","",B7+E7)
C8: =$C$2 | D8: =$D$2 | E8: =$E$2 | F8: =IF(B8="","",B8+C8) | G8: =IF(B8="","",B8+D8) | H8: =IF(B8="","",B8+E8)
C9: =$C$2 | D9: =$D$2 | E9: =$E$2 | F9: =IF(B9="","",B9+C9) | G9: =IF(B9="","",B9+D9) | H9: =IF(B9="","",B9+E9)
C10: =$C$2 | D10: =$D$2 | E10: =$E$2 | F10: =IF(B10="","",B10+C10) | G10: =IF(B10="","",B10+D10) | H10: =IF(B10="","",B10+E10)
C11: =$C$2 | D11: =$D$2 | E11: =$E$2 | F11: =IF(B11="","",B11+C11) | G11: =IF(B11="","",B11+D11) | H11: =IF(B11="","",B11+E11)
C12: =$C$2 | D12: =$D$2 | E12: =$E$2 | F12: =IF(B12="","",B12+C12) | G12: =IF(B12="","",B12+D12) | H12: =IF(B12="","",B12+E12)
C13: =$C$2 | D13: =$D$2 | E13: =$E$2 | F13: =IF(B13="","",B13+C13) | G13: =IF(B13="","",B13+D13) | H13: =IF(B13="","",B13+E13)
C14: =$C$2 | D14: =$D$2 | E14: =$E$2 | F14: =IF(B14="","",B14+C14) | G14: =IF(B14="","",B14+D14) | H14: =IF(B14="","",B14+E14)
C15: =$C$2 | D15: =$D$2 | E15: =$E$2 | F15: =IF(B15="","",B15+C15) | G15: =IF(B15="","",B15+D15) | H15: =IF(B15="","",B15+E15)

Sheet Preguntas_puente
A1: PREGUNTAS PUENTE (para conectar lo aprendido con otros contextos; ajústalas a tu materia)
A3: Tipo | B3: Pregunta | C3: Para qué sirve
A4: Abstracción | B4: ¿Qué tienen en común estos dos problemas aunque parezcan distintos? | C4: Extraer la estructura profunda
A5: Abstracción | B5: ¿Cómo explicarías la idea principal sin usar el ejemplo del libro? | C5: Separar el concepto del contexto
A6: Conexión | B6: ¿Dónde más has visto algo parecido, en otra materia o en la vida diaria? | C6: Buscar analogías
A7: Conexión | B7: ¿Qué problema de otra área se resuelve con la misma idea? | C7: Transferir a otro dominio
A8: Anticipación | B8: ¿Dónde podrías usar esto la semana que viene? | C8: Prever usos futuros
A9: Límites | B9: ¿En qué situación esta estrategia NO funcionaría y por qué? | C9: Reconocer condiciones de aplicación
A10: Metacognición | B10: ¿Cómo supiste qué estrategia usar? | C10: Hacer visible la decisión
A11: Reflexión | B11: ¿Qué cambiarías si el contexto fuera otro? | C11: Adaptar en lugar de copiar
