Workbook

Sheet Etapa1_Resultados
A1: ETAPA 1: RESULTADOS DESEADOS (ejemplo: unidad de proporcionalidad, grado 7)
A2: Escribe qué debe comprender y poder hacer el estudiante al final. Enlaza cada resultado con tu referente (estándar, DBA, malla o el SIEE de tu colegio).
A4: Código | B4: Resultado deseado (qué comprende o puede hacer) | C4: Referente curricular (estándar, DBA, malla)
A5: O1 | B5: Reconoce razones y proporciones en situaciones cotidianas | C5: (escribe el referente)
A6: O2 | B6: Resuelve problemas de proporcionalidad directa e inversa | C6: (escribe el referente)
A7: O3 | B7: Interpreta gráficas y tablas de proporcionalidad | C7: (escribe el referente)
A8: O4 | B8: Justifica sus procedimientos con argumentos | C8: (escribe el referente)
A9: O5 | B9: Usa porcentajes para decidir en contextos de consumo | C9: (escribe el referente)

Sheet Etapa2_Evidencias
A1: ETAPA 2: EVIDENCIAS ACEPTABLES (marca con 1 qué resultado evidencia cada producto o prueba)
A3: Código | B3: Evidencia (qué haré para saber si aprendieron) | C3: O1 | D3: O2 | E3: O3 | F3: O4 | G3: O5 | H3: Resultados que cubre
A4: E1 | B4: Prueba corta de razones y problemas | C4: 1 | D4: 1 | E4: 0 | F4: 0 | G4: 0 | H4: =IF(B4="","",SUM(C4:G4))
A5: E2 | B5: Informe de compra comparativa con justificación | C5: 0 | D5: 1 | E5: 0 | F5: 1 | G5: 1 | H5: =IF(B5="","",SUM(C5:G5))
A6: E3 | B6: Cuaderno de problemas resueltos | C6: 1 | D6: 1 | E6: 0 | F6: 0 | G6: 0 | H6: =IF(B6="","",SUM(C6:G6))
A7: E4 | B7: Autoevaluación escrita del razonamiento | C7: 0 | D7: 0 | E7: 0 | F7: 1 | G7: 0 | H7: =IF(B7="","",SUM(C7:G7))
A8: E5 | H8: =IF(B8="","",SUM(C8:G8))
A9: E6 | H9: =IF(B9="","",SUM(C9:G9))
A10: E7 | H10: =IF(B10="","",SUM(C10:G10))
A11: E8 | H11: =IF(B11="","",SUM(C11:G11))

Sheet Etapa3_Actividades
A1: ETAPA 3: EXPERIENCIAS DE APRENDIZAJE (marca con 1 qué resultado desarrolla cada actividad)
A3: Código | B3: Actividad | C3: O1 | D3: O2 | E3: O3 | F3: O4 | G3: O5 | H3: Resultados que desarrolla
A4: A1 | B4: Exploración con recetas | C4: 1 | D4: 0 | E4: 0 | F4: 0 | G4: 0 | H4: =IF(B4="","",SUM(C4:G4))
A5: A2 | B5: Taller de regla de tres | C5: 0 | D5: 1 | E5: 0 | F5: 0 | G5: 0 | H5: =IF(B5="","",SUM(C5:G5))
A6: A3 | B6: Juego de mercado | C6: 0 | D6: 1 | E6: 0 | F6: 0 | G6: 1 | H6: =IF(B6="","",SUM(C6:G6))
A7: A4 | B7: Gráficas con datos del colegio | C7: 0 | D7: 0 | E7: 1 | F7: 0 | G7: 0 | H7: =IF(B7="","",SUM(C7:G7))
A8: A5 | B8: Resolución de problemas en parejas | C8: 0 | D8: 1 | E8: 0 | F8: 0 | G8: 0 | H8: =IF(B8="","",SUM(C8:G8))
A9: A6 | B9: Visita a la tienda escolar | C9: 0 | D9: 0 | E9: 0 | F9: 0 | G9: 1 | H9: =IF(B9="","",SUM(C9:G9))
A10: A7 | B10: Video de cierre | C10: 0 | D10: 0 | E10: 0 | F10: 0 | G10: 0 | H10: =IF(B10="","",SUM(C10:G10))
A11: A8 | B11: Repaso general | C11: 1 | D11: 1 | E11: 0 | F11: 0 | G11: 0 | H11: =IF(B11="","",SUM(C11:G11))
A12: A9 | H12: =IF(B12="","",SUM(C12:G12))
A13: A10 | H13: =IF(B13="","",SUM(C13:G13))
A14: A11 | H14: =IF(B14="","",SUM(C14:G14))
A15: A12 | H15: =IF(B15="","",SUM(C15:G15))

Sheet Alineacion
A1: REVISIÓN DE ALINEACIÓN: ¿lo que enseño y lo que evalúo apuntan a los mismos resultados?
A3: Resultado | B3: Descripción | C3: Evidencias | D3: Actividades | E3: Diagnóstico
A4: O1 | B4: =Etapa1_Resultados!B5 | C4: =SUM(Etapa2_Evidencias!C4:C15) | D4: =SUM(Etapa3_Actividades!C4:C15) | E4: =IF(AND(C4=0,D4=0),"Sin evidencia ni actividad",IF(C4=0,"Enseñas lo que no evalúas",IF(D4=0,"Evalúas lo que no enseñas","Alineado")))
A5: O2 | B5: =Etapa1_Resultados!B6 | C5: =SUM(Etapa2_Evidencias!D4:D15) | D5: =SUM(Etapa3_Actividades!D4:D15) | E5: =IF(AND(C5=0,D5=0),"Sin evidencia ni actividad",IF(C5=0,"Enseñas lo que no evalúas",IF(D5=0,"Evalúas lo que no enseñas","Alineado")))
A6: O3 | B6: =Etapa1_Resultados!B7 | C6: =SUM(Etapa2_Evidencias!E4:E15) | D6: =SUM(Etapa3_Actividades!E4:E15) | E6: =IF(AND(C6=0,D6=0),"Sin evidencia ni actividad",IF(C6=0,"Enseñas lo que no evalúas",IF(D6=0,"Evalúas lo que no enseñas","Alineado")))
A7: O4 | B7: =Etapa1_Resultados!B8 | C7: =SUM(Etapa2_Evidencias!F4:F15) | D7: =SUM(Etapa3_Actividades!F4:F15) | E7: =IF(AND(C7=0,D7=0),"Sin evidencia ni actividad",IF(C7=0,"Enseñas lo que no evalúas",IF(D7=0,"Evalúas lo que no enseñas","Alineado")))
A8: O5 | B8: =Etapa1_Resultados!B9 | C8: =SUM(Etapa2_Evidencias!G4:G15) | D8: =SUM(Etapa3_Actividades!G4:G15) | E8: =IF(AND(C8=0,D8=0),"Sin evidencia ni actividad",IF(C8=0,"Enseñas lo que no evalúas",IF(D8=0,"Evalúas lo que no enseñas","Alineado")))
A10: Resultados alineados | C10: =COUNTIF(E4:E8,"Alineado")&" de "&COUNTA(A4:A8)
A11: Actividades sin ningún resultado (huérfanas) | C11: =COUNTIFS(Etapa3_Actividades!B4:B15,"<>",Etapa3_Actividades!H4:H15,0)
A12: Evidencias sin ningún resultado (huérfanas) | C12: =COUNTIFS(Etapa2_Evidencias!B4:B15,"<>",Etapa2_Evidencias!H4:H15,0)
A14: Una actividad "huérfana" puede ser valiosa (motivación, convivencia), pero debe ser una decisión consciente, no un hábito.
