Workbook

Sheet Resumen
A1: RESUMEN
A3: Costo total anual | B3: =Calculo!D8
A4: Ingreso total por pensiones | B4: =Calculo!D15
A5: Margen total | B5: =Calculo!D16
A6: Costo por estudiante al mes (promedio) | B6: =Calculo!D10
A7: Pensión promedio por estudiante al mes | B7: =Calculo!D15/Calculo!D4/Parametros!B7
A8: Niveles con déficit con el criterio A (por estudiantes) | B8: =COUNTIF(Calculo!B16:C16,"<0")
A9: Niveles con déficit con el criterio B (partes iguales) | B9: =COUNTIF(Calculo!B17:C17,"<0")
A10: Punto de equilibrio (estudiantes necesarios con los costos actuales) | B10: =ROUNDUP(Calculo!D8/(Calculo!D15/Calculo!D4),0)
A11: Estudiantes de margen sobre el punto de equilibrio | B11: =Calculo!D4-B10
A12: Estudiantes con la variación de matrícula del escenario | B12: =ROUND(Calculo!D4*(1+Parametros!B8),0)
A13: Costo por estudiante al mes en el escenario (costos fijos) | B13: =Calculo!D8/B12/Parametros!B7
A14: Margen total en el escenario (ingreso proporcional, costos fijos) | B14: =Calculo!D15*(1+Parametros!B8)-Calculo!D8

Sheet Parametros
A1: PARÁMETROS (editables; datos ficticios, en pesos colombianos)
A3: Nivel | B3: Estudiantes | C3: Pensión mensual por estudiante
A4: Primaria | B4: 180 | C4: 480000
A5: Secundaria | B5: 240 | C5: 560000
A7: Meses de pensión al año | B7: 10
A8: Variación de la matrícula para el escenario (por ejemplo, -0,10 = 10 % menos) | B8: -0.1
A10: Los costos directos se asignan al nivel; los costos comunes se reparten con dos criterios para comparar: por número de estudiantes y en partes iguales.

Sheet Costos
A1: Rubro | B1: Tipo | C1: Centro (Primaria, Secundaria o Común) | D1: Costo anual
A2: Docentes de primaria | B2: Directo | C2: Primaria | D2: 540000000
A3: Material de primaria | B3: Directo | C3: Primaria | D3: 36000000
A4: Docentes de secundaria | B4: Directo | C4: Secundaria | D4: 780000000
A5: Laboratorios y material de secundaria | B5: Directo | C5: Secundaria | D5: 54000000
A6: Administración | B6: Indirecto | C6: Común | D6: 360000000
A7: Servicios públicos | B7: Indirecto | C7: Común | D7: 96000000
A8: Mantenimiento | B8: Indirecto | C8: Común | D8: 72000000
A9: Tecnología | B9: Indirecto | C9: Común | D9: 84000000
A10: Seguridad y aseo | B10: Indirecto | C10: Común | D10: 120000000
A11: Bienestar | B11: Indirecto | C11: Común | D11: 48000000

Sheet Calculo
A1: COSTO POR NIVEL Y POR ESTUDIANTE, CON DOS CRITERIOS DE REPARTO DE LOS COSTOS COMUNES
A3: Concepto | B3: Primaria | C3: Secundaria | D3: Total
A4: Estudiantes | B4: =Parametros!B4 | C4: =Parametros!B5 | D4: =B4+C4
A5: Costos directos | B5: =SUMIFS(Costos!$D$2:$D$11,Costos!$C$2:$C$11,"Primaria") | C5: =SUMIFS(Costos!$D$2:$D$11,Costos!$C$2:$C$11,"Secundaria") | D5: =B5+C5
A6: Costos comunes (a repartir) | B6: =SUMIFS(Costos!$D$2:$D$11,Costos!$C$2:$C$11,"Común") | C6: =B6 | D6: =B6
A7: A. Reparto de comunes por estudiantes | B7: =$D$6*B4/$D$4 | C7: =$D$6*C4/$D$4 | D7: =B7+C7
A8: A. Costo total del nivel | B8: =B5+B7 | C8: =C5+C7 | D8: =B8+C8
A9: A. Costo por estudiante al año | B9: =B8/B4 | C9: =C8/C4 | D9: =D8/D4
A10: A. Costo por estudiante al mes | B10: =B9/Parametros!$B$7 | C10: =C9/Parametros!$B$7 | D10: =D9/Parametros!$B$7
A11: B. Reparto de comunes en partes iguales | B11: =$D$6/2 | C11: =$D$6/2 | D11: =B11+C11
A12: B. Costo total del nivel | B12: =B5+B11 | C12: =C5+C11 | D12: =B12+C12
A13: B. Costo por estudiante al año | B13: =B12/B4 | C13: =C12/C4 | D13: =D12/D4
A14: B. Costo por estudiante al mes | B14: =B13/Parametros!$B$7 | C14: =C13/Parametros!$B$7 | D14: =D13/Parametros!$B$7
A15: Ingreso por pensiones al año | B15: =B4*Parametros!C4*Parametros!$B$7 | C15: =C4*Parametros!C5*Parametros!$B$7 | D15: =B15+C15
A16: A. Margen del nivel (ingreso menos costo) | B16: =ROUND(B15-B8,0) | C16: =ROUND(C15-C8,0) | D16: =B16+C16
A17: B. Margen del nivel (ingreso menos costo) | B17: =ROUND(B15-B12,0) | C17: =ROUND(C15-C12,0) | D17: =B17+C17
