Workbook

Sheet Reglas
A1: REGLAS DE APROBACIÓN (ejemplo ficticio; define las tuyas según tu manual de procesos y de contratación)
A2: Cada fila dice desde qué monto aplica un nivel. Los montos son de ejemplo en pesos colombianos. Tipos sin monto usan 0.
A4: Clave (se calcula) | B4: Tipo de solicitud | C4: Desde monto (COP) | D4: Quién aprueba | E4: Plazo de respuesta (horas) | F4: Si vence, escala a | G4: Delegado si el aprobador está ausente
A5: =IF(B5="","",B5&"|"&C5) | B5: Compra | C5: 0 | D5: Coordinación | E5: 24 | F5: Rectoría | G5: Coordinación académica
A6: =IF(B6="","",B6&"|"&C6) | B6: Compra | C6: 500001 | D6: Coordinación y Rectoría | E6: 48 | F6: Consejo directivo | G6: Vicerrectoría
A7: =IF(B7="","",B7&"|"&C7) | B7: Compra | C7: 5000001 | D7: Consejo directivo | E7: 120 | F7: Rectoría | G7: Secretaría del consejo
A8: =IF(B8="","",B8&"|"&C8) | B8: Permiso | C8: 0 | D8: Coordinación | E8: 24 | F8: Rectoría | G8: Coordinación académica
A9: =IF(B9="","",B9&"|"&C9) | B9: Uso de espacio | C9: 0 | D9: Secretaría | E9: 48 | F9: Coordinación | G9: Auxiliar administrativo
A10: =IF(B10="","",B10&"|"&C10)
A11: =IF(B11="","",B11&"|"&C11)
A12: =IF(B12="","",B12&"|"&C12)
A13: =IF(B13="","",B13&"|"&C13)
A14: =IF(B14="","",B14&"|"&C14)
A15: =IF(B15="","",B15&"|"&C15)
A16: =IF(B16="","",B16&"|"&C16)
A17: =IF(B17="","",B17&"|"&C17)
A18: =IF(B18="","",B18&"|"&C18)
A19: =IF(B19="","",B19&"|"&C19)
A20: =IF(B20="","",B20&"|"&C20)
A21: =IF(B21="","",B21&"|"&C21)
... A24: =IF(B24="","",B24&"|"&C24)

Sheet Simulador
A1: SIMULADOR: ¿QUIÉN DEBE APROBAR ESTA SOLICITUD?
A3: Tipo de solicitud | B3: Compra
A4: Monto (COP) | B4: 1200000
A6: Umbral aplicado (desde monto) | B6: =_xlfn.MAXIFS(Reglas!$C$5:$C$24,Reglas!$B$5:$B$24,B3,Reglas!$C$5:$C$24,"<="&B4)
A7: Fila de la regla | B7: =MATCH(B3&"|"&B6,Reglas!$A$5:$A$24,0)
A8: Quién aprueba | B8: =INDEX(Reglas!$D$5:$D$24,B7)
A9: Plazo de respuesta (horas) | B9: =INDEX(Reglas!$E$5:$E$24,B7)
A10: Si vence, escala a | B10: =INDEX(Reglas!$F$5:$F$24,B7)
A11: Delegado | B11: =INDEX(Reglas!$G$5:$G$24,B7)
A13: Prueba otros casos: Compra de 400.000 → Coordinación; de 5.000.000 → Coordinación y Rectoría; de 6.000.000 → Consejo directivo.

Sheet Formulario
A1: CAMPOS DEL FORMULARIO DE SOLICITUD (menos es más: cada campo debe servir para decidir o para enrutar)
A3: Campo | B3: Tipo de dato | C3: Obligatorio | D3: Para qué sirve | E3: Validación sugerida
A4: Tipo de solicitud | B4: Lista | C4: Sí | D4: Enrutar a las reglas | E4: Lista cerrada
A5: Descripción breve | B5: Texto | C5: Sí | D5: Que el aprobador entienda qué aprueba | E5: Mínimo 20 caracteres
A6: Monto estimado | B6: Número | C6: Según tipo | D6: Elegir el nivel de aprobación | E6: Número positivo
A7: Fecha en que se necesita | B7: Fecha | C7: Sí | D7: Priorizar y medir el plazo | E7: Posterior a hoy
A8: Soporte (cotización, adjunto) | B8: Archivo | C8: Según tipo | D8: Evidencia para decidir y auditar | E8: Tipos y tamaño limitados
A9: Centro de costo o curso | B9: Lista | C9: Según tipo | D9: Imputar el gasto o el recurso | E9: Lista cerrada
A10: Datos personales de terceros | B10: No pedir | C10: No | D10: Minimización de datos | E10: Evitar campos innecesarios

Sheet Checklist
A1: LISTA ANTES DE PUBLICAR EL FLUJO
A3: Control | B3: Hecho (Sí/No)
A4: Cada tipo de solicitud tiene un dueño del proceso | B4: No
A5: Cada nivel tiene aprobador principal y delegado | B5: No
A6: Hay plazo de respuesta y a quién se escala | B6: No
A7: El solicitante recibe confirmación y resultado | B7: No
A8: Hay registro (quién, cuándo, qué decidió) | B8: No
A9: Los adjuntos y datos personales tienen acceso limitado | B9: No
A10: El flujo no depende de la cuenta personal de una sola persona | B10: No
A11: Se probó con casos de cada nivel y con ausencia del aprobador | B11: No
A12: Hay un procedimiento manual si el flujo falla | B12: No
A13: Se revisan los tiempos cada mes (ver el analizador) | B13: No
A15: Controles cumplidos | B15: =COUNTIF(B4:B13,"Sí")&" de "&COUNTA(A4:A13)
