Workbook

Sheet Resumen
A1: RESUMEN
A3: Proyectos candidatos | B3: =COUNTA(Modelo!A4:A13) -> 10
A4: Costo de todos los proyectos (millones) | B4: =SUM(Modelo!D4:D13) -> 214
A5: Presupuesto disponible (millones) | B5: =Parametros!B3 -> 120
A6: Proyectos elegidos (Solver) | B6: =SUM(Modelo!F4:F13) -> 6
A7: Costo del plan elegido (millones) | B7: =Modelo!G15 -> 120
A8: Beneficio del plan elegido (puntos) | B8: =Modelo!G16 -> 287
A9: Beneficio del criterio voraz (puntos) | B9: =Comparacion!E16 -> 279
A10: Beneficio de baratos primero (puntos) | B10: =Comparacion!F16 -> 279
A11: Ventaja del óptimo sobre el voraz (puntos) | B11: =B8-B9 -> 8

Sheet Parametros
A1: PARÁMETROS Y RESTRICCIONES (editables; datos ficticios, costos en millones de pesos)
A3: Presupuesto disponible (millones) | B3: 120
A4: Mínimo de proyectos pedagógicos | B4: 2
A5: Máximo entre Wi-Fi completo y Wi-Fi básico (son excluyentes) | B5: 1

Sheet Modelo
A1: MODELO PARA SOLVER: ¿QUÉ PROYECTOS ELEGIR? (la columna F son las variables de decisión: 1 = sí, 0 = no)
A3: ID | B3: Proyecto | C3: Categoría | D3: Costo (millones) | E3: Beneficio (puntos de un comité) | F3: Seleccionado (1 = sí) | G3: Costo elegido | H3: Beneficio elegido
A4: P1 | B4: Reparación del techo del patio | C4: Infraestructura | D4: 35 | E4: 72 | F4: 1 | G4: =F4*D4 -> 35 | H4: =F4*E4 -> 72
A5: P2 | B5: Wi-Fi completo | C5: Tecnología | D5: 28 | E5: 60 | F5: 0 | G5: =F5*D5 -> 0 | H5: =F5*E5 -> 0
A6: P3 | B6: Wi-Fi básico (excluyente con el completo) | C6: Tecnología | D6: 12 | E6: 38 | F6: 1 | G6: =F6*D6 -> 12 | H6: =F6*E6 -> 38
A7: P4 | B7: Renovación de libros de la biblioteca | C7: Pedagógico | D7: 18 | E7: 45 | F7: 1 | G7: =F7*D7 -> 18 | H7: =F7*E7 -> 45
A8: P5 | B8: Equipos del laboratorio de ciencias | C8: Pedagógico | D8: 30 | E8: 66 | F8: 1 | G8: =F8*D8 -> 30 | H8: =F8*E8 -> 66
A9: P6 | B9: Capacitación docente en evaluación | C9: Pedagógico | D9: 10 | E9: 41 | F9: 1 | G9: =F9*D9 -> 10 | H9: =F9*E9 -> 41
A10: P7 | B10: Cámaras de seguridad | C10: Seguridad | D10: 20 | E10: 44 | F10: 0 | G10: =F10*D10 -> 0 | H10: =F10*E10 -> 0
A11: P8 | B11: Pintura de aulas | C11: Infraestructura | D11: 15 | E11: 25 | F11: 1 | G11: =F11*D11 -> 15 | H11: =F11*E11 -> 25
A12: P9 | B12: Computadores para el aula | C12: Tecnología | D12: 38 | E12: 63 | F12: 0 | G12: =F12*D12 -> 0 | H12: =F12*E12 -> 0
A13: P10 | B13: Material deportivo | C13: Bienestar | D13: 8 | E13: 20 | F13: 0 | G13: =F13*D13 -> 0 | H13: =F13*E13 -> 0
B15: Costo total (millones) | G15: =SUMPRODUCT(F4:F13,D4:D13) -> 120 | I15: =IF(G15<=Parametros!B3,"Cumple","Excede el presupuesto") -> Cumple
B16: Beneficio total (puntos) | G16: =SUMPRODUCT(F4:F13,E4:E13) -> 287
B17: Proyectos pedagógicos elegidos | G17: =SUMPRODUCT((C4:C13="Pedagógico")*F4:F13) -> 3 | I17: =IF(G17>=Parametros!B4,"Cumple","No cumple el mínimo") -> Cumple
B18: Wi-Fi completo + Wi-Fi básico elegidos | G18: =F5+F6 -> 1 | I18: =IF(G18<=Parametros!B5,"Cumple","Son excluyentes") -> Cumple
B19: Presupuesto no usado (millones) | G19: =Parametros!B3-G15 -> 0

Sheet Comparacion
A1: TRES FORMAS DE ELEGIR CON EL MISMO PRESUPUESTO (1 = proyecto elegido)
A3: ID | B3: Proyecto | C3: Relación beneficio por millón | D3: Óptimo (Solver) | E3: Voraz: mayor relación primero | F3: Baratos primero
A4: P1 | B4: Reparación del techo del patio | C4: =Modelo!E4/Modelo!D4 -> 2.0571429 | D4: =Modelo!F4 -> 1 | E4: 0 | F4: 0
A5: P2 | B5: Wi-Fi completo | C5: =Modelo!E5/Modelo!D5 -> 2.1428571 | D5: =Modelo!F5 -> 0 | E5: 0 | F5: 0
A6: P3 | B6: Wi-Fi básico (excluyente con el completo) | C6: =Modelo!E6/Modelo!D6 -> 3.1666667 | D6: =Modelo!F6 -> 1 | E6: 1 | F6: 1
A7: P4 | B7: Renovación de libros de la biblioteca | C7: =Modelo!E7/Modelo!D7 -> 2.5 | D7: =Modelo!F7 -> 1 | E7: 1 | F7: 1
A8: P5 | B8: Equipos del laboratorio de ciencias | C8: =Modelo!E8/Modelo!D8 -> 2.2 | D8: =Modelo!F8 -> 1 | E8: 1 | F8: 1
A9: P6 | B9: Capacitación docente en evaluación | C9: =Modelo!E9/Modelo!D9 -> 4.1 | D9: =Modelo!F9 -> 1 | E9: 1 | F9: 1
A10: P7 | B10: Cámaras de seguridad | C10: =Modelo!E10/Modelo!D10 -> 2.2 | D10: =Modelo!F10 -> 0 | E10: 1 | F10: 1
A11: P8 | B11: Pintura de aulas | C11: =Modelo!E11/Modelo!D11 -> 1.6666667 | D11: =Modelo!F11 -> 1 | E11: 1 | F11: 1
A12: P9 | B12: Computadores para el aula | C12: =Modelo!E12/Modelo!D12 -> 1.6578947 | D12: =Modelo!F12 -> 0 | E12: 0 | F12: 0
A13: P10 | B13: Material deportivo | C13: =Modelo!E13/Modelo!D13 -> 2.5 | D13: =Modelo!F13 -> 0 | E13: 1 | F13: 1
B15: Costo total (millones) | D15: =SUMPRODUCT(D4:D13,Modelo!$D$4:$D$13) -> 120 | E15: =SUMPRODUCT(E4:E13,Modelo!$D$4:$D$13) -> 113 | F15: =SUMPRODUCT(F4:F13,Modelo!$D$4:$D$13) -> 113
B16: Beneficio total (puntos) | D16: =SUMPRODUCT(D4:D13,Modelo!$E$4:$E$13) -> 287 | E16: =SUMPRODUCT(E4:E13,Modelo!$E$4:$E$13) -> 279 | F16: =SUMPRODUCT(F4:F13,Modelo!$E$4:$E$13) -> 279
B17: Proyectos pedagógicos | D17: =SUMPRODUCT((Modelo!$C$4:$C$13="Pedagógico")*D4:D13) -> 3 | E17: =SUMPRODUCT((Modelo!$C$4:$C$13="Pedagógico")*E4:E13) -> 3 | F17: =SUMPRODUCT((Modelo!$C$4:$C$13="Pedagógico")*F4:F13) -> 3
B18: Cumple las restricciones | D18: =IF(AND(D15<=Parametros!$B$3,D17>=Parametros!$B$4,D5+D6<=Parametros!$B$5),"Sí","No") -> Sí | E18: =IF(AND(E15<=Parametros!$B$3,E17>=Parametros!$B$4,E5+E6<=Parametros!$B$5),"Sí","No") -> Sí | F18: =IF(AND(F15<=Parametros!$B$3,F17>=Parametros!$B$4,F5+F6<=Parametros!$B$5),"Sí","No") -> Sí
B19: Diferencia de beneficio frente al óptimo | D19: =D16-$D$16 -> 0 | E19: =E16-$D$16 -> -8 | F19: =F16-$D$16 -> -8

Sheet Sensibilidad
A1: QUÉ PASA SI CAMBIA EL PRESUPUESTO (valores calculados por enumeración de las 1.024 combinaciones; no se recalculan al editar)
A3: Presupuesto (millones) | B3: Beneficio óptimo (puntos) | C3: Costo del óptimo (millones) | D3: Proyectos elegidos
A4: 100 | B4: 254 | C4: 98 | D4: P3, P4, P5, P6, P7, P10
A5: 110 | B5: 265 | C5: 110 | D5: P1, P3, P4, P6, P7, P8
A6: 120 | B6: 287 | C6: 120 | D6: P1, P3, P4, P5, P6, P8
A7: 130 | B7: 307 | C7: 128 | D7: P1, P3, P4, P5, P6, P8, P10
A8: 140 | B8: 331 | C8: 140 | D8: P1, P3, P4, P5, P6, P7, P8
