Workbook

Sheet Resumen
A1: RESUMEN
A3: Cuentas revisadas | B3: =COUNTA(Cuentas!A2:A25)
A4: Cuentas de personas retiradas | B4: =COUNTIF(Cuentas!G2:G25,"Retirado")
A5: Cuentas activas tras el retiro (incluye las críticas) | B5: =COUNTIF(Cuentas!J2:J25,"Activa tras*")+COUNTIF(Cuentas!J2:J25,"Crítica*")
A6: de ellas, críticas (administrador) | B6: =COUNTIF(Cuentas!J2:J25,"Crítica*")
A7: Bajas tardías | B7: =COUNTIF(Cuentas!J2:J25,"Baja tardía")
A8: Bajas a tiempo | B8: =COUNTIF(Cuentas!J2:J25,"Baja a tiempo")
A9: Cuentas inactivas de personas activas | B9: =COUNTIF(Cuentas!J2:J25,"Inactiva")
A10: Cuentas vigentes | B10: =COUNTIF(Cuentas!J2:J25,"Vigente")
A11: % de las cuentas de personas retiradas que siguen activas | B11: =B5/B4
A12: Mayor número de días activa tras el retiro | B12: =SUMPRODUCT(MAX(((Cuentas!J2:J25="Activa tras el retiro")+(LEFT(Cuentas!J2:J25,7)="Crítica"))*Cuentas!I2:I25))
A13: Personas retiradas con al menos una cuenta activa | B13: =SUMPRODUCT(--(COUNTIFS(Cuentas!B2:B25,Personas!A2:A13,Cuentas!J2:J25,"Activa tras*")+COUNTIFS(Cuentas!B2:B25,Personas!A2:A13,Cuentas!J2:J25,"Crítica*")>0))

Sheet Parametros
A1: PARÁMETROS (editables; datos ficticios)
A3: Fecha de revisión (escribe la de hoy; no se usa HOY() para que el resultado sea reproducible) | B3: 46447
A4: Plazo máximo para dar de baja una cuenta tras el retiro (días) | B4: 2
A5: Días sin iniciar sesión para marcar una cuenta como inactiva | B5: 90

Sheet Personas
A1: ID | B1: Rol | C1: Estado (Activo o Retirado) | D1: Fecha de retiro
A2: P01 | B2: Docente | C2: Activo
A3: P02 | B3: Docente | C3: Retirado | D3: 46356
A4: P03 | B4: Docente | C4: Activo
A5: P04 | B5: Administrativo | C5: Retirado | D5: 46402
A6: P05 | B6: Directivo | C6: Activo
A7: P06 | B7: Contratista | C7: Retirado | D7: 46366
A8: P07 | B8: Docente | C8: Activo
A9: P08 | B9: Practicante | C9: Retirado | D9: 46438
A10: P09 | B10: Administrativo | C10: Activo
A11: P10 | B11: Docente | C11: Retirado | D11: 46203
A12: P11 | B12: Docente | C12: Activo
A13: P12 | B13: Contratista | C13: Activo

Sheet Cuentas
A1: ID cuenta | B1: Persona | C1: Sistema | D1: Nivel (Usuario o Administrador) | E1: Última sesión | F1: Fecha de baja | G1: Estado de la persona | H1: Fecha de retiro | I1: Días desde el retiro o desde la última sesión | J1: Alerta
A2: C01 | B2: P01 | C2: Correo | D2: Usuario | E2: 46444 | G2: =VLOOKUP(B2,Personas!$A$2:$D$13,3,FALSE) | H2: =IF(G2="Retirado",VLOOKUP(B2,Personas!$A$2:$D$13,4,FALSE),"") | I2: =IF(G2="Retirado",IF(F2="",Parametros!$B$3-H2,F2-H2),Parametros!$B$3-E2) | J2: =IF(G2="Retirado",IF(F2="",IF(D2="Administrador","Crítica: administrador activo tras el retiro","Activa tras el retiro"),IF(I2>Parametros!$B$4,"Baja tardía","Baja a tiempo")),IF(F2<>"","Baja con la persona activa",IF(I2>Parametros!$B$5,"Inactiva","Vigente")))
A3: C02 | B3: P01 | C3: Plataforma académica | D3: Usuario | E3: 46443 | G3: =VLOOKUP(B3,Personas!$A$2:$D$13,3,FALSE) | H3: =IF(G3="Retirado",VLOOKUP(B3,Personas!$A$2:$D$13,4,FALSE),"") | I3: =IF(G3="Retirado",IF(F3="",Parametros!$B$3-H3,F3-H3),Parametros!$B$3-E3) | J3: =IF(G3="Retirado",IF(F3="",IF(D3="Administrador","Crítica: administrador activo tras el retiro","Activa tras el retiro"),IF(I3>Parametros!$B$4,"Baja tardía","Baja a tiempo")),IF(F3<>"","Baja con la persona activa",IF(I3>Parametros!$B$5,"Inactiva","Vigente")))
A4: C03 | B4: P02 | C4: Correo | D4: Usuario | E4: 46399 | G4: =VLOOKUP(B4,Personas!$A$2:$D$13,3,FALSE) | H4: =IF(G4="Retirado",VLOOKUP(B4,Personas!$A$2:$D$13,4,FALSE),"") | I4: =IF(G4="Retirado",IF(F4="",Parametros!$B$3-H4,F4-H4),Parametros!$B$3-E4) | J4: =IF(G4="Retirado",IF(F4="",IF(D4="Administrador","Crítica: administrador activo tras el retiro","Activa tras el retiro"),IF(I4>Parametros!$B$4,"Baja tardía","Baja a tiempo")),IF(F4<>"","Baja con la persona activa",IF(I4>Parametros!$B$5,"Inactiva","Vigente")))
A5: C04 | B5: P02 | C5: Plataforma académica | D5: Usuario | E5: 46355 | F5: 46358 | G5: =VLOOKUP(B5,Personas!$A$2:$D$13,3,FALSE) | H5: =IF(G5="Retirado",VLOOKUP(B5,Personas!$A$2:$D$13,4,FALSE),"") | I5: =IF(G5="Retirado",IF(F5="",Parametros!$B$3-H5,F5-H5),Parametros!$B$3-E5) | J5: =IF(G5="Retirado",IF(F5="",IF(D5="Administrador","Crítica: administrador activo tras el retiro","Activa tras el retiro"),IF(I5>Parametros!$B$4,"Baja tardía","Baja a tiempo")),IF(F5<>"","Baja con la persona activa",IF(I5>Parametros!$B$5,"Inactiva","Vigente")))
A6: C05 | B6: P03 | C6: Correo | D6: Usuario | E6: 46445 | G6: =VLOOKUP(B6,Personas!$A$2:$D$13,3,FALSE) | H6: =IF(G6="Retirado",VLOOKUP(B6,Personas!$A$2:$D$13,4,FALSE),"") | I6: =IF(G6="Retirado",IF(F6="",Parametros!$B$3-H6,F6-H6),Parametros!$B$3-E6) | J6: =IF(G6="Retirado",IF(F6="",IF(D6="Administrador","Crítica: administrador activo tras el retiro","Activa tras el retiro"),IF(I6>Parametros!$B$4,"Baja tardía","Baja a tiempo")),IF(F6<>"","Baja con la persona activa",IF(I6>Parametros!$B$5,"Inactiva","Vigente")))
A7: C06 | B7: P03 | C7: Aula virtual | D7: Usuario | E7: 46438 | G7: =VLOOKUP(B7,Personas!$A$2:$D$13,3,FALSE) | H7: =IF(G7="Retirado",VLOOKUP(B7,Personas!$A$2:$D$13,4,FALSE),"") | I7: =IF(G7="Retirado",IF(F7="",Parametros!$B$3-H7,F7-H7),Parametros!$B$3-E7) | J7: =IF(G7="Retirado",IF(F7="",IF(D7="Administrador","Crítica: administrador activo tras el retiro","Activa tras el retiro"),IF(I7>Parametros!$B$4,"Baja tardía","Baja a tiempo")),IF(F7<>"","Baja con la persona activa",IF(I7>Parametros!$B$5,"Inactiva","Vigente")))
A8: C07 | B8: P04 | C8: Correo | D8: Usuario | E8: 46401 | F8: 46417 | G8: =VLOOKUP(B8,Personas!$A$2:$D$13,3,FALSE) | H8: =IF(G8="Retirado",VLOOKUP(B8,Personas!$A$2:$D$13,4,FALSE),"") | I8: =IF(G8="Retirado",IF(F8="",Parametros!$B$3-H8,F8-H8),Parametros!$B$3-E8) | J8: =IF(G8="Retirado",IF(F8="",IF(D8="Administrador","Crítica: administrador activo tras el retiro","Activa tras el retiro"),IF(I8>Parametros!$B$4,"Baja tardía","Baja a tiempo")),IF(F8<>"","Baja con la persona activa",IF(I8>Parametros!$B$5,"Inactiva","Vigente")))
A9: C08 | B9: P04 | C9: Financiero | D9: Administrador | E9: 46402 | G9: =VLOOKUP(B9,Personas!$A$2:$D$13,3,FALSE) | H9: =IF(G9="Retirado",VLOOKUP(B9,Personas!$A$2:$D$13,4,FALSE),"") | I9: =IF(G9="Retirado",IF(F9="",Parametros!$B$3-H9,F9-H9),Parametros!$B$3-E9) | J9: =IF(G9="Retirado",IF(F9="",IF(D9="Administrador","Crítica: administrador activo tras el retiro","Activa tras el retiro"),IF(I9>Parametros!$B$4,"Baja tardía","Baja a tiempo")),IF(F9<>"","Baja con la persona activa",IF(I9>Parametros!$B$5,"Inactiva","Vigente")))
A10: C09 | B10: P05 | C10: Plataforma académica | D10: Administrador | E10: 46446 | G10: =VLOOKUP(B10,Personas!$A$2:$D$13,3,FALSE) | H10: =IF(G10="Retirado",VLOOKUP(B10,Personas!$A$2:$D$13,4,FALSE),"") | I10: =IF(G10="Retirado",IF(F10="",Parametros!$B$3-H10,F10-H10),Parametros!$B$3-E10) | J10: =IF(G10="Retirado",IF(F10="",IF(D10="Administrador","Crítica: administrador activo tras el retiro","Activa tras el retiro"),IF(I10>Parametros!$B$4,"Baja tardía","Baja a tiempo")),IF(F10<>"","Baja con la persona activa",IF(I10>Parametros!$B$5,"Inactiva","Vigente")))
A11: C10 | B11: P05 | C11: Financiero | D11: Administrador | E11: 46428 | G11: =VLOOKUP(B11,Personas!$A$2:$D$13,3,FALSE) | H11: =IF(G11="Retirado",VLOOKUP(B11,Personas!$A$2:$D$13,4,FALSE),"") | I11: =IF(G11="Retirado",IF(F11="",Parametros!$B$3-H11,F11-H11),Parametros!$B$3-E11) | J11: =IF(G11="Retirado",IF(F11="",IF(D11="Administrador","Crítica: administrador activo tras el retiro","Activa tras el retiro"),IF(I11>Parametros!$B$4,"Baja tardía","Baja a tiempo")),IF(F11<>"","Baja con la persona activa",IF(I11>Parametros!$B$5,"Inactiva","Vigente")))
A12: C11 | B12: P06 | C12: Wi-Fi | D12: Usuario | E12: 46365 | F12: 46366 | G12: =VLOOKUP(B12,Personas!$A$2:$D$13,3,FALSE) | H12: =IF(G12="Retirado",VLOOKUP(B12,Personas!$A$2:$D$13,4,FALSE),"") | I12: =IF(G12="Retirado",IF(F12="",Parametros!$B$3-H12,F12-H12),Parametros!$B$3-E12) | J12: =IF(G12="Retirado",IF(F12="",IF(D12="Administrador","Crítica: administrador activo tras el retiro","Activa tras el retiro"),IF(I12>Parametros!$B$4,"Baja tardía","Baja a tiempo")),IF(F12<>"","Baja con la persona activa",IF(I12>Parametros!$B$5,"Inactiva","Vigente")))
A13: C12 | B13: P06 | C13: Plataforma académica | D13: Usuario | E13: 46364 | G13: =VLOOKUP(B13,Personas!$A$2:$D$13,3,FALSE) | H13: =IF(G13="Retirado",VLOOKUP(B13,Personas!$A$2:$D$13,4,FALSE),"") | I13: =IF(G13="Retirado",IF(F13="",Parametros!$B$3-H13,F13-H13),Parametros!$B$3-E13) | J13: =IF(G13="Retirado",IF(F13="",IF(D13="Administrador","Crítica: administrador activo tras el retiro","Activa tras el retiro"),IF(I13>Parametros!$B$4,"Baja tardía","Baja a tiempo")),IF(F13<>"","Baja con la persona activa",IF(I13>Parametros!$B$5,"Inactiva","Vigente")))
A14: C13 | B14: P07 | C14: Correo | D14: Usuario | E14: 46445 | G14: =VLOOKUP(B14,Personas!$A$2:$D$13,3,FALSE) | H14: =IF(G14="Retirado",VLOOKUP(B14,Personas!$A$2:$D$13,4,FALSE),"") | I14: =IF(G14="Retirado",IF(F14="",Parametros!$B$3-H14,F14-H14),Parametros!$B$3-E14) | J14: =IF(G14="Retirado",IF(F14="",IF(D14="Administrador","Crítica: administrador activo tras el retiro","Activa tras el retiro"),IF(I14>Parametros!$B$4,"Baja tardía","Baja a tiempo")),IF(F14<>"","Baja con la persona activa",IF(I14>Parametros!$B$5,"Inactiva","Vigente")))
A15: C14 | B15: P08 | C15: Correo | D15: Usuario | E15: 46437 | F15: 46439 | G15: =VLOOKUP(B15,Personas!$A$2:$D$13,3,FALSE) | H15: =IF(G15="Retirado",VLOOKUP(B15,Personas!$A$2:$D$13,4,FALSE),"") | I15: =IF(G15="Retirado",IF(F15="",Parametros!$B$3-H15,F15-H15),Parametros!$B$3-E15) | J15: =IF(G15="Retirado",IF(F15="",IF(D15="Administrador","Crítica: administrador activo tras el retiro","Activa tras el retiro"),IF(I15>Parametros!$B$4,"Baja tardía","Baja a tiempo")),IF(F15<>"","Baja con la persona activa",IF(I15>Parametros!$B$5,"Inactiva","Vigente")))
A16: C15 | B16: P08 | C16: Aula virtual | D16: Usuario | E16: 46436 | G16: =VLOOKUP(B16,Personas!$A$2:$D$13,3,FALSE) | H16: =IF(G16="Retirado",VLOOKUP(B16,Personas!$A$2:$D$13,4,FALSE),"") | I16: =IF(G16="Retirado",IF(F16="",Parametros!$B$3-H16,F16-H16),Parametros!$B$3-E16) | J16: =IF(G16="Retirado",IF(F16="",IF(D16="Administrador","Crítica: administrador activo tras el retiro","Activa tras el retiro"),IF(I16>Parametros!$B$4,"Baja tardía","Baja a tiempo")),IF(F16<>"","Baja con la persona activa",IF(I16>Parametros!$B$5,"Inactiva","Vigente")))
A17: C16 | B17: P09 | C17: Financiero | D17: Usuario | E17: 46444 | G17: =VLOOKUP(B17,Personas!$A$2:$D$13,3,FALSE) | H17: =IF(G17="Retirado",VLOOKUP(B17,Personas!$A$2:$D$13,4,FALSE),"") | I17: =IF(G17="Retirado",IF(F17="",Parametros!$B$3-H17,F17-H17),Parametros!$B$3-E17) | J17: =IF(G17="Retirado",IF(F17="",IF(D17="Administrador","Crítica: administrador activo tras el retiro","Activa tras el retiro"),IF(I17>Parametros!$B$4,"Baja tardía","Baja a tiempo")),IF(F17<>"","Baja con la persona activa",IF(I17>Parametros!$B$5,"Inactiva","Vigente")))
A18: C17 | B18: P09 | C18: Correo | D18: Usuario | E18: 46300 | G18: =VLOOKUP(B18,Personas!$A$2:$D$13,3,FALSE) | H18: =IF(G18="Retirado",VLOOKUP(B18,Personas!$A$2:$D$13,4,FALSE),"") | I18: =IF(G18="Retirado",IF(F18="",Parametros!$B$3-H18,F18-H18),Parametros!$B$3-E18) | J18: =IF(G18="Retirado",IF(F18="",IF(D18="Administrador","Crítica: administrador activo tras el retiro","Activa tras el retiro"),IF(I18>Parametros!$B$4,"Baja tardía","Baja a tiempo")),IF(F18<>"","Baja con la persona activa",IF(I18>Parametros!$B$5,"Inactiva","Vigente")))
A19: C18 | B19: P10 | C19: Correo | D19: Usuario | E19: 46202 | F19: 46280 | G19: =VLOOKUP(B19,Personas!$A$2:$D$13,3,FALSE) | H19: =IF(G19="Retirado",VLOOKUP(B19,Personas!$A$2:$D$13,4,FALSE),"") | I19: =IF(G19="Retirado",IF(F19="",Parametros!$B$3-H19,F19-H19),Parametros!$B$3-E19) | J19: =IF(G19="Retirado",IF(F19="",IF(D19="Administrador","Crítica: administrador activo tras el retiro","Activa tras el retiro"),IF(I19>Parametros!$B$4,"Baja tardía","Baja a tiempo")),IF(F19<>"","Baja con la persona activa",IF(I19>Parametros!$B$5,"Inactiva","Vigente")))
A20: C19 | B20: P10 | C20: Plataforma académica | D20: Usuario | E20: 46201 | F20: 46203 | G20: =VLOOKUP(B20,Personas!$A$2:$D$13,3,FALSE) | H20: =IF(G20="Retirado",VLOOKUP(B20,Personas!$A$2:$D$13,4,FALSE),"") | I20: =IF(G20="Retirado",IF(F20="",Parametros!$B$3-H20,F20-H20),Parametros!$B$3-E20) | J20: =IF(G20="Retirado",IF(F20="",IF(D20="Administrador","Crítica: administrador activo tras el retiro","Activa tras el retiro"),IF(I20>Parametros!$B$4,"Baja tardía","Baja a tiempo")),IF(F20<>"","Baja con la persona activa",IF(I20>Parametros!$B$5,"Inactiva","Vigente")))
A21: C20 | B21: P11 | C21: Plataforma académica | D21: Usuario | E21: 46446 | G21: =VLOOKUP(B21,Personas!$A$2:$D$13,3,FALSE) | H21: =IF(G21="Retirado",VLOOKUP(B21,Personas!$A$2:$D$13,4,FALSE),"") | I21: =IF(G21="Retirado",IF(F21="",Parametros!$B$3-H21,F21-H21),Parametros!$B$3-E21) | J21: =IF(G21="Retirado",IF(F21="",IF(D21="Administrador","Crítica: administrador activo tras el retiro","Activa tras el retiro"),IF(I21>Parametros!$B$4,"Baja tardía","Baja a tiempo")),IF(F21<>"","Baja con la persona activa",IF(I21>Parametros!$B$5,"Inactiva","Vigente")))
A22: C21 | B22: P11 | C22: Aula virtual | D22: Usuario | E22: 46341 | G22: =VLOOKUP(B22,Personas!$A$2:$D$13,3,FALSE) | H22: =IF(G22="Retirado",VLOOKUP(B22,Personas!$A$2:$D$13,4,FALSE),"") | I22: =IF(G22="Retirado",IF(F22="",Parametros!$B$3-H22,F22-H22),Parametros!$B$3-E22) | J22: =IF(G22="Retirado",IF(F22="",IF(D22="Administrador","Crítica: administrador activo tras el retiro","Activa tras el retiro"),IF(I22>Parametros!$B$4,"Baja tardía","Baja a tiempo")),IF(F22<>"","Baja con la persona activa",IF(I22>Parametros!$B$5,"Inactiva","Vigente")))
A23: C22 | B23: P12 | C23: Wi-Fi | D23: Usuario | E23: 46430 | G23: =VLOOKUP(B23,Personas!$A$2:$D$13,3,FALSE) | H23: =IF(G23="Retirado",VLOOKUP(B23,Personas!$A$2:$D$13,4,FALSE),"") | I23: =IF(G23="Retirado",IF(F23="",Parametros!$B$3-H23,F23-H23),Parametros!$B$3-E23) | J23: =IF(G23="Retirado",IF(F23="",IF(D23="Administrador","Crítica: administrador activo tras el retiro","Activa tras el retiro"),IF(I23>Parametros!$B$4,"Baja tardía","Baja a tiempo")),IF(F23<>"","Baja con la persona activa",IF(I23>Parametros!$B$5,"Inactiva","Vigente")))
A24: C23 | B24: P12 | C24: Plataforma académica | D24: Administrador | E24: 46266 | G24: =VLOOKUP(B24,Personas!$A$2:$D$13,3,FALSE) | H24: =IF(G24="Retirado",VLOOKUP(B24,Personas!$A$2:$D$13,4,FALSE),"") | I24: =IF(G24="Retirado",IF(F24="",Parametros!$B$3-H24,F24-H24),Parametros!$B$3-E24) | J24: =IF(G24="Retirado",IF(F24="",IF(D24="Administrador","Crítica: administrador activo tras el retiro","Activa tras el retiro"),IF(I24>Parametros!$B$4,"Baja tardía","Baja a tiempo")),IF(F24<>"","Baja con la persona activa",IF(I24>Parametros!$B$5,"Inactiva","Vigente")))
A25: C24 | B25: P02 | C25: Aula virtual | D25: Usuario | E25: 46346 | G25: =VLOOKUP(B25,Personas!$A$2:$D$13,3,FALSE) | H25: =IF(G25="Retirado",VLOOKUP(B25,Personas!$A$2:$D$13,4,FALSE),"") | I25: =IF(G25="Retirado",IF(F25="",Parametros!$B$3-H25,F25-H25),Parametros!$B$3-E25) | J25: =IF(G25="Retirado",IF(F25="",IF(D25="Administrador","Crítica: administrador activo tras el retiro","Activa tras el retiro"),IF(I25>Parametros!$B$4,"Baja tardía","Baja a tiempo")),IF(F25<>"","Baja con la persona activa",IF(I25>Parametros!$B$5,"Inactiva","Vigente")))
