Workbook

Sheet Parametros
A1: ESCALA DE USO DE IA POR TAREA (adaptada de la AI Assessment Scale, versión 1, de Furze, Perkins, Roe y MacVaugh) Y NIVEL MÁXIMO SEGÚN EL OBJETIVO
A3: Nivel | B3: Nombre | C3: Qué se permite
A4: 1 | B4: Sin IA | C4: La tarea se hace sin herramientas de IA (en clase, a mano o con supervisión)
A5: 2 | B5: Lluvia de ideas | C5: La IA puede usarse al inicio para generar y revisar ideas
A6: 3 | B6: Esquemas y notas | C6: La IA puede proponer esquemas u ordenar notas; la redacción es propia
A7: 4 | B7: Retroalimentación y edición | C7: La IA puede dar retroalimentación, sugerir ediciones y revisar; las ideas son propias y se declara el uso
A8: 5 | B8: IA total | C8: La IA puede generar todo el producto; se evalúa lo que se hace con él (verificar, criticar, usar)
A11: Objetivo de aprendizaje que evalúa la tarea | B11: Nivel máximo recomendado | C11: Por qué
A12: Conocimiento base | B12: 1 | C12: Se quiere saber qué sabe el estudiante sin ayuda
A13: Escritura y razonamiento propios | B13: 3 | C13: Se evalúa cómo redacta y razona; la IA puede ayudar a empezar y ordenar, no a escribir
A14: Ideas y comprensión | B14: 4 | C14: Se evalúa qué entiende y qué ideas aporta, más que la redacción
A15: Habilidad de usar IA | B15: 5 | C15: Usar y juzgar la IA es el objetivo

Sheet Resumen
A1: RESUMEN
A3: Tareas revisadas | B3: =COUNTA(Tareas!B4:B15)
A4: Tareas en el nivel 1 (Sin IA) | B4: =COUNTIF(Tareas!D4:D15,1)
A5: Tareas en el nivel 2 (Lluvia de ideas) | B5: =COUNTIF(Tareas!D4:D15,2)
A6: Tareas en el nivel 3 (Esquemas y notas) | B6: =COUNTIF(Tareas!D4:D15,3)
A7: Tareas en el nivel 4 (Retroalimentación y edición) | B7: =COUNTIF(Tareas!D4:D15,4)
A8: Tareas en el nivel 5 (IA total) | B8: =COUNTIF(Tareas!D4:D15,5)
A9: Tareas con IA permitida (nivel 2 o más) | B9: =COUNTIF(Tareas!D4:D15,">=2")
A10: % de tareas con IA permitida | B10: =B9/B3
A11: Tareas desalineadas con su objetivo | B11: =COUNTIF(Tareas!H4:H15,"Desal*")
A12: Tareas con IA sin pedir declaración | B12: =COUNTIF(Tareas!I4:I15,"Falta*")
A13: Tareas con IA sin evidencia del proceso | B13: =COUNTIF(Tareas!J4:J15,"Falta*")

Sheet Tareas
A1: MATRIZ DE USO DE IA POR TAREA (ejemplo ficticio: Ciencias Naturales, grado 9.°)
A3: N.º | B3: Tarea | C3: Objetivo que evalúa | D3: Nivel de IA permitido (1 a 5) | E3: ¿Se pide declarar el uso? (Sí/No) | F3: ¿Hay evidencia del proceso? (Sí/No) | G3: Nivel máximo recomendado | H3: Alineación | I3: Declaración | J3: Evidencia
A4: 1 | B4: Quiz semanal de vocabulario científico | C4: Conocimiento base | D4: 1 | E4: No | F4: No | G4: =VLOOKUP(C4,Parametros!$A$12:$B$15,2,FALSE) | H4: =IF(D4>G4,"Desalineada: permite más IA de la que admite el objetivo","Alineada") | I4: =IF(AND(D4>=2,E4="No"),"Falta pedir que se declare el uso","") | J4: =IF(AND(D4>=2,F4="No"),"Falta evidencia del proceso","")
A5: 2 | B5: Informe de laboratorio con datos propios | C5: Escritura y razonamiento propios | D5: 3 | E5: Sí | F5: Sí | G5: =VLOOKUP(C5,Parametros!$A$12:$B$15,2,FALSE) | H5: =IF(D5>G5,"Desalineada: permite más IA de la que admite el objetivo","Alineada") | I5: =IF(AND(D5>=2,E5="No"),"Falta pedir que se declare el uso","") | J5: =IF(AND(D5>=2,F5="No"),"Falta evidencia del proceso","")
A6: 3 | B6: Ensayo argumentativo sobre energías renovables | C6: Escritura y razonamiento propios | D6: 4 | E6: Sí | F6: No | G6: =VLOOKUP(C6,Parametros!$A$12:$B$15,2,FALSE) | H6: =IF(D6>G6,"Desalineada: permite más IA de la que admite el objetivo","Alineada") | I6: =IF(AND(D6>=2,E6="No"),"Falta pedir que se declare el uso","") | J6: =IF(AND(D6>=2,F6="No"),"Falta evidencia del proceso","")
A7: 4 | B7: Resumen de un artículo para la cartelera | C7: Ideas y comprensión | D7: 4 | E7: No | F7: No | G7: =VLOOKUP(C7,Parametros!$A$12:$B$15,2,FALSE) | H7: =IF(D7>G7,"Desalineada: permite más IA de la que admite el objetivo","Alineada") | I7: =IF(AND(D7>=2,E7="No"),"Falta pedir que se declare el uso","") | J7: =IF(AND(D7>=2,F7="No"),"Falta evidencia del proceso","")
A8: 5 | B8: Proyecto: diseño de un experimento | C8: Ideas y comprensión | D8: 4 | E8: Sí | F8: Sí | G8: =VLOOKUP(C8,Parametros!$A$12:$B$15,2,FALSE) | H8: =IF(D8>G8,"Desalineada: permite más IA de la que admite el objetivo","Alineada") | I8: =IF(AND(D8>=2,E8="No"),"Falta pedir que se declare el uso","") | J8: =IF(AND(D8>=2,F8="No"),"Falta evidencia del proceso","")
A9: 6 | B9: Examen de periodo | C9: Conocimiento base | D9: 1 | E9: No | F9: No | G9: =VLOOKUP(C9,Parametros!$A$12:$B$15,2,FALSE) | H9: =IF(D9>G9,"Desalineada: permite más IA de la que admite el objetivo","Alineada") | I9: =IF(AND(D9>=2,E9="No"),"Falta pedir que se declare el uso","") | J9: =IF(AND(D9>=2,F9="No"),"Falta evidencia del proceso","")
A10: 7 | B10: Taller: comparar respuestas de una IA y verificarlas | C10: Habilidad de usar IA | D10: 5 | E10: Sí | F10: Sí | G10: =VLOOKUP(C10,Parametros!$A$12:$B$15,2,FALSE) | H10: =IF(D10>G10,"Desalineada: permite más IA de la que admite el objetivo","Alineada") | I10: =IF(AND(D10>=2,E10="No"),"Falta pedir que se declare el uso","") | J10: =IF(AND(D10>=2,F10="No"),"Falta evidencia del proceso","")
A11: 8 | B11: Bitácora de indagación | C11: Escritura y razonamiento propios | D11: 2 | E11: Sí | F11: Sí | G11: =VLOOKUP(C11,Parametros!$A$12:$B$15,2,FALSE) | H11: =IF(D11>G11,"Desalineada: permite más IA de la que admite el objetivo","Alineada") | I11: =IF(AND(D11>=2,E11="No"),"Falta pedir que se declare el uso","") | J11: =IF(AND(D11>=2,F11="No"),"Falta evidencia del proceso","")
A12: 9 | B12: Exposición oral del proyecto | C12: Escritura y razonamiento propios | D12: 1 | E12: No | F12: Sí | G12: =VLOOKUP(C12,Parametros!$A$12:$B$15,2,FALSE) | H12: =IF(D12>G12,"Desalineada: permite más IA de la que admite el objetivo","Alineada") | I12: =IF(AND(D12>=2,E12="No"),"Falta pedir que se declare el uso","") | J12: =IF(AND(D12>=2,F12="No"),"Falta evidencia del proceso","")
A13: 10 | B13: Tarea de ejercicios de cálculo | C13: Conocimiento base | D13: 3 | E13: No | F13: No | G13: =VLOOKUP(C13,Parametros!$A$12:$B$15,2,FALSE) | H13: =IF(D13>G13,"Desalineada: permite más IA de la que admite el objetivo","Alineada") | I13: =IF(AND(D13>=2,E13="No"),"Falta pedir que se declare el uso","") | J13: =IF(AND(D13>=2,F13="No"),"Falta evidencia del proceso","")
A14: 11 | B14: Mapa conceptual de la unidad | C14: Ideas y comprensión | D14: 3 | E14: Sí | F14: No | G14: =VLOOKUP(C14,Parametros!$A$12:$B$15,2,FALSE) | H14: =IF(D14>G14,"Desalineada: permite más IA de la que admite el objetivo","Alineada") | I14: =IF(AND(D14>=2,E14="No"),"Falta pedir que se declare el uso","") | J14: =IF(AND(D14>=2,F14="No"),"Falta evidencia del proceso","")
A15: 12 | B15: Reseña crítica de un video | C15: Escritura y razonamiento propios | D15: 2 | E15: Sí | F15: No | G15: =VLOOKUP(C15,Parametros!$A$12:$B$15,2,FALSE) | H15: =IF(D15>G15,"Desalineada: permite más IA de la que admite el objetivo","Alineada") | I15: =IF(AND(D15>=2,E15="No"),"Falta pedir que se declare el uso","") | J15: =IF(AND(D15>=2,F15="No"),"Falta evidencia del proceso","")
