Workbook

Sheet Resumen
A1: RESUMEN DEL PLAN
A3: Tareas | B3: =COUNTA(Plan!A4:A40)
A4: Días-tarea (suma de duraciones) | B4: =SUM(Plan!E4:E40)
A5: Último día planeado | B5: =MAX(Plan!F4:F40)
A6: Tareas con problema de secuencia o plazo | B6: =COUNTIF(Plan!I4:I40,"Empieza*")+COUNTIF(Plan!I4:I40,"Pasa*")+COUNTIF(Plan!I4:I40,"Predecesora*")
A7: Tareas que empiezan en la semana 1 | B7: =COUNTIF(Plan!J4:J40,1)
A8: Tareas que empiezan en la semana 2 | B8: =COUNTIF(Plan!J4:J40,2)
A9: Tareas que empiezan en la semana 3 | B9: =COUNTIF(Plan!J4:J40,3)
A10: Tareas que empiezan en la semana 4 o 5 | B10: =COUNTIF(Plan!J4:J40,">=4")
A11: Tareas del equipo de sistemas | B11: =COUNTIF(Plan!C4:C40,"Sistemas")
A12: Puntaje de la decisión | B12: =Decision!D12

Sheet Plan
A1: PLAN DE IMPLEMENTACIÓN DE UNA PLATAFORMA EN 30 DÍAS (ejemplo ficticio; días contados desde el día 1)
A3: ID | B3: Tarea | C3: Responsable | D3: Inicio (día) | E3: Duración (días) | F3: Fin (día) | G3: Predecesora | H3: Fin de la predecesora | I3: Control | J3: Semana de inicio | K3: 1 | L3: 2 | M3: 3 | N3: 4 | O3: 5 | P3: 6 | Q3: 7 | R3: 8 | S3: 9 | T3: 10 | U3: 11 | V3: 12 | W3: 13 | X3: 14 | Y3: 15 | Z3: 16 | AA3: 17 | AB3: 18 | AC3: 19 | AD3: 20 | AE3: 21 | AF3: 22 | AG3: 23 | AH3: 24 | AI3: 25 | AJ3: 26 | AK3: 27 | AL3: 28 | AM3: 29 | AN3: 30
A4: T1 | B4: Definir el problema y los criterios de éxito | C4: Coordinación | D4: 1 | E4: 3 | F4: =IF(D4="","",D4+E4-1) | H4: =IF(OR(G4="",G4=0),"",IFERROR(INDEX($F$4:$F$40,MATCH(G4,$A$4:$A$40,0)),"No existe")) | I4: =IF(D4="","",IF(H4="","OK",IF(H4="No existe","Predecesora inexistente",IF(D4<=H4,"Empieza antes de que termine su predecesora",IF(F4>30,"Pasa del día 30","OK"))))) | J4: =IF(D4="","",INT((D4-1)/7)+1) | K4: =IF($D4="","",IF(AND(1>=$D4,1<=$F4),1,"")) | L4: =IF($D4="","",IF(AND(2>=$D4,2<=$F4),1,"")) | M4: =IF($D4="","",IF(AND(3>=$D4,3<=$F4),1,"")) | N4: =IF($D4="","",IF(AND(4>=$D4,4<=$F4),1,"")) | O4: =IF($D4="","",IF(AND(5>=$D4,5<=$F4),1,"")) | P4: =IF($D4="","",IF(AND(6>=$D4,6<=$F4),1,"")) | Q4: =IF($D4="","",IF(AND(7>=$D4,7<=$F4),1,"")) | R4: =IF($D4="","",IF(AND(8>=$D4,8<=$F4),1,"")) | S4: =IF($D4="","",IF(AND(9>=$D4,9<=$F4),1,"")) | T4: =IF($D4="","",IF(AND(10>=$D4,10<=$F4),1,"")) | U4: =IF($D4="","",IF(AND(11>=$D4,11<=$F4),1,"")) | V4: =IF($D4="","",IF(AND(12>=$D4,12<=$F4),1,"")) | W4: =IF($D4="","",IF(AND(13>=$D4,13<=$F4),1,"")) | X4: =IF($D4="","",IF(AND(14>=$D4,14<=$F4),1,"")) | Y4: =IF($D4="","",IF(AND(15>=$D4,15<=$F4),1,"")) | Z4: =IF($D4="","",IF(AND(16>=$D4,16<=$F4),1,"")) | AA4: =IF($D4="","",IF(AND(17>=$D4,17<=$F4),1,"")) | AB4: =IF($D4="","",IF(AND(18>=$D4,18<=$F4),1,"")) | AC4: =IF($D4="","",IF(AND(19>=$D4,19<=$F4),1,"")) | AD4: =IF($D4="","",IF(AND(20>=$D4,20<=$F4),1,"")) | AE4: =IF($D4="","",IF(AND(21>=$D4,21<=$F4),1,"")) | AF4: =IF($D4="","",IF(AND(22>=$D4,22<=$F4),1,"")) | AG4: =IF($D4="","",IF(AND(23>=$D4,23<=$F4),1,"")) | AH4: =IF($D4="","",IF(AND(24>=$D4,24<=$F4),1,"")) | AI4: =IF($D4="","",IF(AND(25>=$D4,25<=$F4),1,"")) | AJ4: =IF($D4="","",IF(AND(26>=$D4,26<=$F4),1,"")) | AK4: =IF($D4="","",IF(AND(27>=$D4,27<=$F4),1,"")) | AL4: =IF($D4="","",IF(AND(28>=$D4,28<=$F4),1,"")) | AM4: =IF($D4="","",IF(AND(29>=$D4,29<=$F4),1,"")) | AN4: =IF($D4="","",IF(AND(30>=$D4,30<=$F4),1,""))
A5: T2 | B5: Nombrar responsables y equipo piloto | C5: Rectoría | D5: 1 | E5: 2 | F5: =IF(D5="","",D5+E5-1) | H5: =IF(OR(G5="",G5=0),"",IFERROR(INDEX($F$4:$F$40,MATCH(G5,$A$4:$A$40,0)),"No existe")) | I5: =IF(D5="","",IF(H5="","OK",IF(H5="No existe","Predecesora inexistente",IF(D5<=H5,"Empieza antes de que termine su predecesora",IF(F5>30,"Pasa del día 30","OK"))))) | J5: =IF(D5="","",INT((D5-1)/7)+1) | K5: =IF($D5="","",IF(AND(1>=$D5,1<=$F5),1,"")) | L5: =IF($D5="","",IF(AND(2>=$D5,2<=$F5),1,"")) | M5: =IF($D5="","",IF(AND(3>=$D5,3<=$F5),1,"")) | N5: =IF($D5="","",IF(AND(4>=$D5,4<=$F5),1,"")) | O5: =IF($D5="","",IF(AND(5>=$D5,5<=$F5),1,"")) | P5: =IF($D5="","",IF(AND(6>=$D5,6<=$F5),1,"")) | Q5: =IF($D5="","",IF(AND(7>=$D5,7<=$F5),1,"")) | R5: =IF($D5="","",IF(AND(8>=$D5,8<=$F5),1,"")) | S5: =IF($D5="","",IF(AND(9>=$D5,9<=$F5),1,"")) | T5: =IF($D5="","",IF(AND(10>=$D5,10<=$F5),1,"")) | U5: =IF($D5="","",IF(AND(11>=$D5,11<=$F5),1,"")) | V5: =IF($D5="","",IF(AND(12>=$D5,12<=$F5),1,"")) | W5: =IF($D5="","",IF(AND(13>=$D5,13<=$F5),1,"")) | X5: =IF($D5="","",IF(AND(14>=$D5,14<=$F5),1,"")) | Y5: =IF($D5="","",IF(AND(15>=$D5,15<=$F5),1,"")) | Z5: =IF($D5="","",IF(AND(16>=$D5,16<=$F5),1,"")) | AA5: =IF($D5="","",IF(AND(17>=$D5,17<=$F5),1,"")) | AB5: =IF($D5="","",IF(AND(18>=$D5,18<=$F5),1,"")) | AC5: =IF($D5="","",IF(AND(19>=$D5,19<=$F5),1,"")) | AD5: =IF($D5="","",IF(AND(20>=$D5,20<=$F5),1,"")) | AE5: =IF($D5="","",IF(AND(21>=$D5,21<=$F5),1,"")) | AF5: =IF($D5="","",IF(AND(22>=$D5,22<=$F5),1,"")) | AG5: =IF($D5="","",IF(AND(23>=$D5,23<=$F5),1,"")) | AH5: =IF($D5="","",IF(AND(24>=$D5,24<=$F5),1,"")) | AI5: =IF($D5="","",IF(AND(25>=$D5,25<=$F5),1,"")) | AJ5: =IF($D5="","",IF(AND(26>=$D5,26<=$F5),1,"")) | AK5: =IF($D5="","",IF(AND(27>=$D5,27<=$F5),1,"")) | AL5: =IF($D5="","",IF(AND(28>=$D5,28<=$F5),1,"")) | AM5: =IF($D5="","",IF(AND(29>=$D5,29<=$F5),1,"")) | AN5: =IF($D5="","",IF(AND(30>=$D5,30<=$F5),1,""))
A6: T3 | B6: Revisar privacidad, contrato y costos | C6: Sistemas | D6: 4 | E6: 5 | F6: =IF(D6="","",D6+E6-1) | G6: T1 | H6: =IF(OR(G6="",G6=0),"",IFERROR(INDEX($F$4:$F$40,MATCH(G6,$A$4:$A$40,0)),"No existe")) | I6: =IF(D6="","",IF(H6="","OK",IF(H6="No existe","Predecesora inexistente",IF(D6<=H6,"Empieza antes de que termine su predecesora",IF(F6>30,"Pasa del día 30","OK"))))) | J6: =IF(D6="","",INT((D6-1)/7)+1) | K6: =IF($D6="","",IF(AND(1>=$D6,1<=$F6),1,"")) | L6: =IF($D6="","",IF(AND(2>=$D6,2<=$F6),1,"")) | M6: =IF($D6="","",IF(AND(3>=$D6,3<=$F6),1,"")) | N6: =IF($D6="","",IF(AND(4>=$D6,4<=$F6),1,"")) | O6: =IF($D6="","",IF(AND(5>=$D6,5<=$F6),1,"")) | P6: =IF($D6="","",IF(AND(6>=$D6,6<=$F6),1,"")) | Q6: =IF($D6="","",IF(AND(7>=$D6,7<=$F6),1,"")) | R6: =IF($D6="","",IF(AND(8>=$D6,8<=$F6),1,"")) | S6: =IF($D6="","",IF(AND(9>=$D6,9<=$F6),1,"")) | T6: =IF($D6="","",IF(AND(10>=$D6,10<=$F6),1,"")) | U6: =IF($D6="","",IF(AND(11>=$D6,11<=$F6),1,"")) | V6: =IF($D6="","",IF(AND(12>=$D6,12<=$F6),1,"")) | W6: =IF($D6="","",IF(AND(13>=$D6,13<=$F6),1,"")) | X6: =IF($D6="","",IF(AND(14>=$D6,14<=$F6),1,"")) | Y6: =IF($D6="","",IF(AND(15>=$D6,15<=$F6),1,"")) | Z6: =IF($D6="","",IF(AND(16>=$D6,16<=$F6),1,"")) | AA6: =IF($D6="","",IF(AND(17>=$D6,17<=$F6),1,"")) | AB6: =IF($D6="","",IF(AND(18>=$D6,18<=$F6),1,"")) | AC6: =IF($D6="","",IF(AND(19>=$D6,19<=$F6),1,"")) | AD6: =IF($D6="","",IF(AND(20>=$D6,20<=$F6),1,"")) | AE6: =IF($D6="","",IF(AND(21>=$D6,21<=$F6),1,"")) | AF6: =IF($D6="","",IF(AND(22>=$D6,22<=$F6),1,"")) | AG6: =IF($D6="","",IF(AND(23>=$D6,23<=$F6),1,"")) | AH6: =IF($D6="","",IF(AND(24>=$D6,24<=$F6),1,"")) | AI6: =IF($D6="","",IF(AND(25>=$D6,25<=$F6),1,"")) | AJ6: =IF($D6="","",IF(AND(26>=$D6,26<=$F6),1,"")) | AK6: =IF($D6="","",IF(AND(27>=$D6,27<=$F6),1,"")) | AL6: =IF($D6="","",IF(AND(28>=$D6,28<=$F6),1,"")) | AM6: =IF($D6="","",IF(AND(29>=$D6,29<=$F6),1,"")) | AN6: =IF($D6="","",IF(AND(30>=$D6,30<=$F6),1,""))
A7: T4 | B7: Configurar cuentas, roles y permisos | C7: Sistemas | D7: 9 | E7: 3 | F7: =IF(D7="","",D7+E7-1) | G7: T3 | H7: =IF(OR(G7="",G7=0),"",IFERROR(INDEX($F$4:$F$40,MATCH(G7,$A$4:$A$40,0)),"No existe")) | I7: =IF(D7="","",IF(H7="","OK",IF(H7="No existe","Predecesora inexistente",IF(D7<=H7,"Empieza antes de que termine su predecesora",IF(F7>30,"Pasa del día 30","OK"))))) | J7: =IF(D7="","",INT((D7-1)/7)+1) | K7: =IF($D7="","",IF(AND(1>=$D7,1<=$F7),1,"")) | L7: =IF($D7="","",IF(AND(2>=$D7,2<=$F7),1,"")) | M7: =IF($D7="","",IF(AND(3>=$D7,3<=$F7),1,"")) | N7: =IF($D7="","",IF(AND(4>=$D7,4<=$F7),1,"")) | O7: =IF($D7="","",IF(AND(5>=$D7,5<=$F7),1,"")) | P7: =IF($D7="","",IF(AND(6>=$D7,6<=$F7),1,"")) | Q7: =IF($D7="","",IF(AND(7>=$D7,7<=$F7),1,"")) | R7: =IF($D7="","",IF(AND(8>=$D7,8<=$F7),1,"")) | S7: =IF($D7="","",IF(AND(9>=$D7,9<=$F7),1,"")) | T7: =IF($D7="","",IF(AND(10>=$D7,10<=$F7),1,"")) | U7: =IF($D7="","",IF(AND(11>=$D7,11<=$F7),1,"")) | V7: =IF($D7="","",IF(AND(12>=$D7,12<=$F7),1,"")) | W7: =IF($D7="","",IF(AND(13>=$D7,13<=$F7),1,"")) | X7: =IF($D7="","",IF(AND(14>=$D7,14<=$F7),1,"")) | Y7: =IF($D7="","",IF(AND(15>=$D7,15<=$F7),1,"")) | Z7: =IF($D7="","",IF(AND(16>=$D7,16<=$F7),1,"")) | AA7: =IF($D7="","",IF(AND(17>=$D7,17<=$F7),1,"")) | AB7: =IF($D7="","",IF(AND(18>=$D7,18<=$F7),1,"")) | AC7: =IF($D7="","",IF(AND(19>=$D7,19<=$F7),1,"")) | AD7: =IF($D7="","",IF(AND(20>=$D7,20<=$F7),1,"")) | AE7: =IF($D7="","",IF(AND(21>=$D7,21<=$F7),1,"")) | AF7: =IF($D7="","",IF(AND(22>=$D7,22<=$F7),1,"")) | AG7: =IF($D7="","",IF(AND(23>=$D7,23<=$F7),1,"")) | AH7: =IF($D7="","",IF(AND(24>=$D7,24<=$F7),1,"")) | AI7: =IF($D7="","",IF(AND(25>=$D7,25<=$F7),1,"")) | AJ7: =IF($D7="","",IF(AND(26>=$D7,26<=$F7),1,"")) | AK7: =IF($D7="","",IF(AND(27>=$D7,27<=$F7),1,"")) | AL7: =IF($D7="","",IF(AND(28>=$D7,28<=$F7),1,"")) | AM7: =IF($D7="","",IF(AND(29>=$D7,29<=$F7),1,"")) | AN7: =IF($D7="","",IF(AND(30>=$D7,30<=$F7),1,""))
A8: T5 | B8: Cargar datos de prueba (no reales) | C8: Sistemas | D8: 12 | E8: 3 | F8: =IF(D8="","",D8+E8-1) | G8: T4 | H8: =IF(OR(G8="",G8=0),"",IFERROR(INDEX($F$4:$F$40,MATCH(G8,$A$4:$A$40,0)),"No existe")) | I8: =IF(D8="","",IF(H8="","OK",IF(H8="No existe","Predecesora inexistente",IF(D8<=H8,"Empieza antes de que termine su predecesora",IF(F8>30,"Pasa del día 30","OK"))))) | J8: =IF(D8="","",INT((D8-1)/7)+1) | K8: =IF($D8="","",IF(AND(1>=$D8,1<=$F8),1,"")) | L8: =IF($D8="","",IF(AND(2>=$D8,2<=$F8),1,"")) | M8: =IF($D8="","",IF(AND(3>=$D8,3<=$F8),1,"")) | N8: =IF($D8="","",IF(AND(4>=$D8,4<=$F8),1,"")) | O8: =IF($D8="","",IF(AND(5>=$D8,5<=$F8),1,"")) | P8: =IF($D8="","",IF(AND(6>=$D8,6<=$F8),1,"")) | Q8: =IF($D8="","",IF(AND(7>=$D8,7<=$F8),1,"")) | R8: =IF($D8="","",IF(AND(8>=$D8,8<=$F8),1,"")) | S8: =IF($D8="","",IF(AND(9>=$D8,9<=$F8),1,"")) | T8: =IF($D8="","",IF(AND(10>=$D8,10<=$F8),1,"")) | U8: =IF($D8="","",IF(AND(11>=$D8,11<=$F8),1,"")) | V8: =IF($D8="","",IF(AND(12>=$D8,12<=$F8),1,"")) | W8: =IF($D8="","",IF(AND(13>=$D8,13<=$F8),1,"")) | X8: =IF($D8="","",IF(AND(14>=$D8,14<=$F8),1,"")) | Y8: =IF($D8="","",IF(AND(15>=$D8,15<=$F8),1,"")) | Z8: =IF($D8="","",IF(AND(16>=$D8,16<=$F8),1,"")) | AA8: =IF($D8="","",IF(AND(17>=$D8,17<=$F8),1,"")) | AB8: =IF($D8="","",IF(AND(18>=$D8,18<=$F8),1,"")) | AC8: =IF($D8="","",IF(AND(19>=$D8,19<=$F8),1,"")) | AD8: =IF($D8="","",IF(AND(20>=$D8,20<=$F8),1,"")) | AE8: =IF($D8="","",IF(AND(21>=$D8,21<=$F8),1,"")) | AF8: =IF($D8="","",IF(AND(22>=$D8,22<=$F8),1,"")) | AG8: =IF($D8="","",IF(AND(23>=$D8,23<=$F8),1,"")) | AH8: =IF($D8="","",IF(AND(24>=$D8,24<=$F8),1,"")) | AI8: =IF($D8="","",IF(AND(25>=$D8,25<=$F8),1,"")) | AJ8: =IF($D8="","",IF(AND(26>=$D8,26<=$F8),1,"")) | AK8: =IF($D8="","",IF(AND(27>=$D8,27<=$F8),1,"")) | AL8: =IF($D8="","",IF(AND(28>=$D8,28<=$F8),1,"")) | AM8: =IF($D8="","",IF(AND(29>=$D8,29<=$F8),1,"")) | AN8: =IF($D8="","",IF(AND(30>=$D8,30<=$F8),1,""))
A9: T6 | B9: Preparar materiales y guía rápida | C9: Coordinación | D9: 6 | E9: 5 | F9: =IF(D9="","",D9+E9-1) | G9: T1 | H9: =IF(OR(G9="",G9=0),"",IFERROR(INDEX($F$4:$F$40,MATCH(G9,$A$4:$A$40,0)),"No existe")) | I9: =IF(D9="","",IF(H9="","OK",IF(H9="No existe","Predecesora inexistente",IF(D9<=H9,"Empieza antes de que termine su predecesora",IF(F9>30,"Pasa del día 30","OK"))))) | J9: =IF(D9="","",INT((D9-1)/7)+1) | K9: =IF($D9="","",IF(AND(1>=$D9,1<=$F9),1,"")) | L9: =IF($D9="","",IF(AND(2>=$D9,2<=$F9),1,"")) | M9: =IF($D9="","",IF(AND(3>=$D9,3<=$F9),1,"")) | N9: =IF($D9="","",IF(AND(4>=$D9,4<=$F9),1,"")) | O9: =IF($D9="","",IF(AND(5>=$D9,5<=$F9),1,"")) | P9: =IF($D9="","",IF(AND(6>=$D9,6<=$F9),1,"")) | Q9: =IF($D9="","",IF(AND(7>=$D9,7<=$F9),1,"")) | R9: =IF($D9="","",IF(AND(8>=$D9,8<=$F9),1,"")) | S9: =IF($D9="","",IF(AND(9>=$D9,9<=$F9),1,"")) | T9: =IF($D9="","",IF(AND(10>=$D9,10<=$F9),1,"")) | U9: =IF($D9="","",IF(AND(11>=$D9,11<=$F9),1,"")) | V9: =IF($D9="","",IF(AND(12>=$D9,12<=$F9),1,"")) | W9: =IF($D9="","",IF(AND(13>=$D9,13<=$F9),1,"")) | X9: =IF($D9="","",IF(AND(14>=$D9,14<=$F9),1,"")) | Y9: =IF($D9="","",IF(AND(15>=$D9,15<=$F9),1,"")) | Z9: =IF($D9="","",IF(AND(16>=$D9,16<=$F9),1,"")) | AA9: =IF($D9="","",IF(AND(17>=$D9,17<=$F9),1,"")) | AB9: =IF($D9="","",IF(AND(18>=$D9,18<=$F9),1,"")) | AC9: =IF($D9="","",IF(AND(19>=$D9,19<=$F9),1,"")) | AD9: =IF($D9="","",IF(AND(20>=$D9,20<=$F9),1,"")) | AE9: =IF($D9="","",IF(AND(21>=$D9,21<=$F9),1,"")) | AF9: =IF($D9="","",IF(AND(22>=$D9,22<=$F9),1,"")) | AG9: =IF($D9="","",IF(AND(23>=$D9,23<=$F9),1,"")) | AH9: =IF($D9="","",IF(AND(24>=$D9,24<=$F9),1,"")) | AI9: =IF($D9="","",IF(AND(25>=$D9,25<=$F9),1,"")) | AJ9: =IF($D9="","",IF(AND(26>=$D9,26<=$F9),1,"")) | AK9: =IF($D9="","",IF(AND(27>=$D9,27<=$F9),1,"")) | AL9: =IF($D9="","",IF(AND(28>=$D9,28<=$F9),1,"")) | AM9: =IF($D9="","",IF(AND(29>=$D9,29<=$F9),1,"")) | AN9: =IF($D9="","",IF(AND(30>=$D9,30<=$F9),1,""))
A10: T7 | B10: Capacitar al equipo piloto | C10: Coordinación | D10: 11 | E10: 2 | F10: =IF(D10="","",D10+E10-1) | G10: T6 | H10: =IF(OR(G10="",G10=0),"",IFERROR(INDEX($F$4:$F$40,MATCH(G10,$A$4:$A$40,0)),"No existe")) | I10: =IF(D10="","",IF(H10="","OK",IF(H10="No existe","Predecesora inexistente",IF(D10<=H10,"Empieza antes de que termine su predecesora",IF(F10>30,"Pasa del día 30","OK"))))) | J10: =IF(D10="","",INT((D10-1)/7)+1) | K10: =IF($D10="","",IF(AND(1>=$D10,1<=$F10),1,"")) | L10: =IF($D10="","",IF(AND(2>=$D10,2<=$F10),1,"")) | M10: =IF($D10="","",IF(AND(3>=$D10,3<=$F10),1,"")) | N10: =IF($D10="","",IF(AND(4>=$D10,4<=$F10),1,"")) | O10: =IF($D10="","",IF(AND(5>=$D10,5<=$F10),1,"")) | P10: =IF($D10="","",IF(AND(6>=$D10,6<=$F10),1,"")) | Q10: =IF($D10="","",IF(AND(7>=$D10,7<=$F10),1,"")) | R10: =IF($D10="","",IF(AND(8>=$D10,8<=$F10),1,"")) | S10: =IF($D10="","",IF(AND(9>=$D10,9<=$F10),1,"")) | T10: =IF($D10="","",IF(AND(10>=$D10,10<=$F10),1,"")) | U10: =IF($D10="","",IF(AND(11>=$D10,11<=$F10),1,"")) | V10: =IF($D10="","",IF(AND(12>=$D10,12<=$F10),1,"")) | W10: =IF($D10="","",IF(AND(13>=$D10,13<=$F10),1,"")) | X10: =IF($D10="","",IF(AND(14>=$D10,14<=$F10),1,"")) | Y10: =IF($D10="","",IF(AND(15>=$D10,15<=$F10),1,"")) | Z10: =IF($D10="","",IF(AND(16>=$D10,16<=$F10),1,"")) | AA10: =IF($D10="","",IF(AND(17>=$D10,17<=$F10),1,"")) | AB10: =IF($D10="","",IF(AND(18>=$D10,18<=$F10),1,"")) | AC10: =IF($D10="","",IF(AND(19>=$D10,19<=$F10),1,"")) | AD10: =IF($D10="","",IF(AND(20>=$D10,20<=$F10),1,"")) | AE10: =IF($D10="","",IF(AND(21>=$D10,21<=$F10),1,"")) | AF10: =IF($D10="","",IF(AND(22>=$D10,22<=$F10),1,"")) | AG10: =IF($D10="","",IF(AND(23>=$D10,23<=$F10),1,"")) | AH10: =IF($D10="","",IF(AND(24>=$D10,24<=$F10),1,"")) | AI10: =IF($D10="","",IF(AND(25>=$D10,25<=$F10),1,"")) | AJ10: =IF($D10="","",IF(AND(26>=$D10,26<=$F10),1,"")) | AK10: =IF($D10="","",IF(AND(27>=$D10,27<=$F10),1,"")) | AL10: =IF($D10="","",IF(AND(28>=$D10,28<=$F10),1,"")) | AM10: =IF($D10="","",IF(AND(29>=$D10,29<=$F10),1,"")) | AN10: =IF($D10="","",IF(AND(30>=$D10,30<=$F10),1,""))
A11: T8 | B11: Piloto con dos grupos | C11: Docentes piloto | D11: 14 | E11: 5 | F11: =IF(D11="","",D11+E11-1) | G11: T7 | H11: =IF(OR(G11="",G11=0),"",IFERROR(INDEX($F$4:$F$40,MATCH(G11,$A$4:$A$40,0)),"No existe")) | I11: =IF(D11="","",IF(H11="","OK",IF(H11="No existe","Predecesora inexistente",IF(D11<=H11,"Empieza antes de que termine su predecesora",IF(F11>30,"Pasa del día 30","OK"))))) | J11: =IF(D11="","",INT((D11-1)/7)+1) | K11: =IF($D11="","",IF(AND(1>=$D11,1<=$F11),1,"")) | L11: =IF($D11="","",IF(AND(2>=$D11,2<=$F11),1,"")) | M11: =IF($D11="","",IF(AND(3>=$D11,3<=$F11),1,"")) | N11: =IF($D11="","",IF(AND(4>=$D11,4<=$F11),1,"")) | O11: =IF($D11="","",IF(AND(5>=$D11,5<=$F11),1,"")) | P11: =IF($D11="","",IF(AND(6>=$D11,6<=$F11),1,"")) | Q11: =IF($D11="","",IF(AND(7>=$D11,7<=$F11),1,"")) | R11: =IF($D11="","",IF(AND(8>=$D11,8<=$F11),1,"")) | S11: =IF($D11="","",IF(AND(9>=$D11,9<=$F11),1,"")) | T11: =IF($D11="","",IF(AND(10>=$D11,10<=$F11),1,"")) | U11: =IF($D11="","",IF(AND(11>=$D11,11<=$F11),1,"")) | V11: =IF($D11="","",IF(AND(12>=$D11,12<=$F11),1,"")) | W11: =IF($D11="","",IF(AND(13>=$D11,13<=$F11),1,"")) | X11: =IF($D11="","",IF(AND(14>=$D11,14<=$F11),1,"")) | Y11: =IF($D11="","",IF(AND(15>=$D11,15<=$F11),1,"")) | Z11: =IF($D11="","",IF(AND(16>=$D11,16<=$F11),1,"")) | AA11: =IF($D11="","",IF(AND(17>=$D11,17<=$F11),1,"")) | AB11: =IF($D11="","",IF(AND(18>=$D11,18<=$F11),1,"")) | AC11: =IF($D11="","",IF(AND(19>=$D11,19<=$F11),1,"")) | AD11: =IF($D11="","",IF(AND(20>=$D11,20<=$F11),1,"")) | AE11: =IF($D11="","",IF(AND(21>=$D11,21<=$F11),1,"")) | AF11: =IF($D11="","",IF(AND(22>=$D11,22<=$F11),1,"")) | AG11: =IF($D11="","",IF(AND(23>=$D11,23<=$F11),1,"")) | AH11: =IF($D11="","",IF(AND(24>=$D11,24<=$F11),1,"")) | AI11: =IF($D11="","",IF(AND(25>=$D11,25<=$F11),1,"")) | AJ11: =IF($D11="","",IF(AND(26>=$D11,26<=$F11),1,"")) | AK11: =IF($D11="","",IF(AND(27>=$D11,27<=$F11),1,"")) | AL11: =IF($D11="","",IF(AND(28>=$D11,28<=$F11),1,"")) | AM11: =IF($D11="","",IF(AND(29>=$D11,29<=$F11),1,"")) | AN11: =IF($D11="","",IF(AND(30>=$D11,30<=$F11),1,""))
A12: T9 | B12: Recoger retroalimentación de docentes y estudiantes | C12: Coordinación | D12: 18 | E12: 2 | F12: =IF(D12="","",D12+E12-1) | G12: T8 | H12: =IF(OR(G12="",G12=0),"",IFERROR(INDEX($F$4:$F$40,MATCH(G12,$A$4:$A$40,0)),"No existe")) | I12: =IF(D12="","",IF(H12="","OK",IF(H12="No existe","Predecesora inexistente",IF(D12<=H12,"Empieza antes de que termine su predecesora",IF(F12>30,"Pasa del día 30","OK"))))) | J12: =IF(D12="","",INT((D12-1)/7)+1) | K12: =IF($D12="","",IF(AND(1>=$D12,1<=$F12),1,"")) | L12: =IF($D12="","",IF(AND(2>=$D12,2<=$F12),1,"")) | M12: =IF($D12="","",IF(AND(3>=$D12,3<=$F12),1,"")) | N12: =IF($D12="","",IF(AND(4>=$D12,4<=$F12),1,"")) | O12: =IF($D12="","",IF(AND(5>=$D12,5<=$F12),1,"")) | P12: =IF($D12="","",IF(AND(6>=$D12,6<=$F12),1,"")) | Q12: =IF($D12="","",IF(AND(7>=$D12,7<=$F12),1,"")) | R12: =IF($D12="","",IF(AND(8>=$D12,8<=$F12),1,"")) | S12: =IF($D12="","",IF(AND(9>=$D12,9<=$F12),1,"")) | T12: =IF($D12="","",IF(AND(10>=$D12,10<=$F12),1,"")) | U12: =IF($D12="","",IF(AND(11>=$D12,11<=$F12),1,"")) | V12: =IF($D12="","",IF(AND(12>=$D12,12<=$F12),1,"")) | W12: =IF($D12="","",IF(AND(13>=$D12,13<=$F12),1,"")) | X12: =IF($D12="","",IF(AND(14>=$D12,14<=$F12),1,"")) | Y12: =IF($D12="","",IF(AND(15>=$D12,15<=$F12),1,"")) | Z12: =IF($D12="","",IF(AND(16>=$D12,16<=$F12),1,"")) | AA12: =IF($D12="","",IF(AND(17>=$D12,17<=$F12),1,"")) | AB12: =IF($D12="","",IF(AND(18>=$D12,18<=$F12),1,"")) | AC12: =IF($D12="","",IF(AND(19>=$D12,19<=$F12),1,"")) | AD12: =IF($D12="","",IF(AND(20>=$D12,20<=$F12),1,"")) | AE12: =IF($D12="","",IF(AND(21>=$D12,21<=$F12),1,"")) | AF12: =IF($D12="","",IF(AND(22>=$D12,22<=$F12),1,"")) | AG12: =IF($D12="","",IF(AND(23>=$D12,23<=$F12),1,"")) | AH12: =IF($D12="","",IF(AND(24>=$D12,24<=$F12),1,"")) | AI12: =IF($D12="","",IF(AND(25>=$D12,25<=$F12),1,"")) | AJ12: =IF($D12="","",IF(AND(26>=$D12,26<=$F12),1,"")) | AK12: =IF($D12="","",IF(AND(27>=$D12,27<=$F12),1,"")) | AL12: =IF($D12="","",IF(AND(28>=$D12,28<=$F12),1,"")) | AM12: =IF($D12="","",IF(AND(29>=$D12,29<=$F12),1,"")) | AN12: =IF($D12="","",IF(AND(30>=$D12,30<=$F12),1,""))
A13: T10 | B13: Ajustar la configuración | C13: Sistemas | D13: 20 | E13: 3 | F13: =IF(D13="","",D13+E13-1) | G13: T9 | H13: =IF(OR(G13="",G13=0),"",IFERROR(INDEX($F$4:$F$40,MATCH(G13,$A$4:$A$40,0)),"No existe")) | I13: =IF(D13="","",IF(H13="","OK",IF(H13="No existe","Predecesora inexistente",IF(D13<=H13,"Empieza antes de que termine su predecesora",IF(F13>30,"Pasa del día 30","OK"))))) | J13: =IF(D13="","",INT((D13-1)/7)+1) | K13: =IF($D13="","",IF(AND(1>=$D13,1<=$F13),1,"")) | L13: =IF($D13="","",IF(AND(2>=$D13,2<=$F13),1,"")) | M13: =IF($D13="","",IF(AND(3>=$D13,3<=$F13),1,"")) | N13: =IF($D13="","",IF(AND(4>=$D13,4<=$F13),1,"")) | O13: =IF($D13="","",IF(AND(5>=$D13,5<=$F13),1,"")) | P13: =IF($D13="","",IF(AND(6>=$D13,6<=$F13),1,"")) | Q13: =IF($D13="","",IF(AND(7>=$D13,7<=$F13),1,"")) | R13: =IF($D13="","",IF(AND(8>=$D13,8<=$F13),1,"")) | S13: =IF($D13="","",IF(AND(9>=$D13,9<=$F13),1,"")) | T13: =IF($D13="","",IF(AND(10>=$D13,10<=$F13),1,"")) | U13: =IF($D13="","",IF(AND(11>=$D13,11<=$F13),1,"")) | V13: =IF($D13="","",IF(AND(12>=$D13,12<=$F13),1,"")) | W13: =IF($D13="","",IF(AND(13>=$D13,13<=$F13),1,"")) | X13: =IF($D13="","",IF(AND(14>=$D13,14<=$F13),1,"")) | Y13: =IF($D13="","",IF(AND(15>=$D13,15<=$F13),1,"")) | Z13: =IF($D13="","",IF(AND(16>=$D13,16<=$F13),1,"")) | AA13: =IF($D13="","",IF(AND(17>=$D13,17<=$F13),1,"")) | AB13: =IF($D13="","",IF(AND(18>=$D13,18<=$F13),1,"")) | AC13: =IF($D13="","",IF(AND(19>=$D13,19<=$F13),1,"")) | AD13: =IF($D13="","",IF(AND(20>=$D13,20<=$F13),1,"")) | AE13: =IF($D13="","",IF(AND(21>=$D13,21<=$F13),1,"")) | AF13: =IF($D13="","",IF(AND(22>=$D13,22<=$F13),1,"")) | AG13: =IF($D13="","",IF(AND(23>=$D13,23<=$F13),1,"")) | AH13: =IF($D13="","",IF(AND(24>=$D13,24<=$F13),1,"")) | AI13: =IF($D13="","",IF(AND(25>=$D13,25<=$F13),1,"")) | AJ13: =IF($D13="","",IF(AND(26>=$D13,26<=$F13),1,"")) | AK13: =IF($D13="","",IF(AND(27>=$D13,27<=$F13),1,"")) | AL13: =IF($D13="","",IF(AND(28>=$D13,28<=$F13),1,"")) | AM13: =IF($D13="","",IF(AND(29>=$D13,29<=$F13),1,"")) | AN13: =IF($D13="","",IF(AND(30>=$D13,30<=$F13),1,""))
A14: T11 | B14: Piloto ampliado a más grupos | C14: Docentes piloto | D14: 23 | E14: 4 | F14: =IF(D14="","",D14+E14-1) | G14: T10 | H14: =IF(OR(G14="",G14=0),"",IFERROR(INDEX($F$4:$F$40,MATCH(G14,$A$4:$A$40,0)),"No existe")) | I14: =IF(D14="","",IF(H14="","OK",IF(H14="No existe","Predecesora inexistente",IF(D14<=H14,"Empieza antes de que termine su predecesora",IF(F14>30,"Pasa del día 30","OK"))))) | J14: =IF(D14="","",INT((D14-1)/7)+1) | K14: =IF($D14="","",IF(AND(1>=$D14,1<=$F14),1,"")) | L14: =IF($D14="","",IF(AND(2>=$D14,2<=$F14),1,"")) | M14: =IF($D14="","",IF(AND(3>=$D14,3<=$F14),1,"")) | N14: =IF($D14="","",IF(AND(4>=$D14,4<=$F14),1,"")) | O14: =IF($D14="","",IF(AND(5>=$D14,5<=$F14),1,"")) | P14: =IF($D14="","",IF(AND(6>=$D14,6<=$F14),1,"")) | Q14: =IF($D14="","",IF(AND(7>=$D14,7<=$F14),1,"")) | R14: =IF($D14="","",IF(AND(8>=$D14,8<=$F14),1,"")) | S14: =IF($D14="","",IF(AND(9>=$D14,9<=$F14),1,"")) | T14: =IF($D14="","",IF(AND(10>=$D14,10<=$F14),1,"")) | U14: =IF($D14="","",IF(AND(11>=$D14,11<=$F14),1,"")) | V14: =IF($D14="","",IF(AND(12>=$D14,12<=$F14),1,"")) | W14: =IF($D14="","",IF(AND(13>=$D14,13<=$F14),1,"")) | X14: =IF($D14="","",IF(AND(14>=$D14,14<=$F14),1,"")) | Y14: =IF($D14="","",IF(AND(15>=$D14,15<=$F14),1,"")) | Z14: =IF($D14="","",IF(AND(16>=$D14,16<=$F14),1,"")) | AA14: =IF($D14="","",IF(AND(17>=$D14,17<=$F14),1,"")) | AB14: =IF($D14="","",IF(AND(18>=$D14,18<=$F14),1,"")) | AC14: =IF($D14="","",IF(AND(19>=$D14,19<=$F14),1,"")) | AD14: =IF($D14="","",IF(AND(20>=$D14,20<=$F14),1,"")) | AE14: =IF($D14="","",IF(AND(21>=$D14,21<=$F14),1,"")) | AF14: =IF($D14="","",IF(AND(22>=$D14,22<=$F14),1,"")) | AG14: =IF($D14="","",IF(AND(23>=$D14,23<=$F14),1,"")) | AH14: =IF($D14="","",IF(AND(24>=$D14,24<=$F14),1,"")) | AI14: =IF($D14="","",IF(AND(25>=$D14,25<=$F14),1,"")) | AJ14: =IF($D14="","",IF(AND(26>=$D14,26<=$F14),1,"")) | AK14: =IF($D14="","",IF(AND(27>=$D14,27<=$F14),1,"")) | AL14: =IF($D14="","",IF(AND(28>=$D14,28<=$F14),1,"")) | AM14: =IF($D14="","",IF(AND(29>=$D14,29<=$F14),1,"")) | AN14: =IF($D14="","",IF(AND(30>=$D14,30<=$F14),1,""))
A15: T12 | B15: Medir los indicadores de éxito | C15: Coordinación | D15: 27 | E15: 2 | F15: =IF(D15="","",D15+E15-1) | G15: T11 | H15: =IF(OR(G15="",G15=0),"",IFERROR(INDEX($F$4:$F$40,MATCH(G15,$A$4:$A$40,0)),"No existe")) | I15: =IF(D15="","",IF(H15="","OK",IF(H15="No existe","Predecesora inexistente",IF(D15<=H15,"Empieza antes de que termine su predecesora",IF(F15>30,"Pasa del día 30","OK"))))) | J15: =IF(D15="","",INT((D15-1)/7)+1) | K15: =IF($D15="","",IF(AND(1>=$D15,1<=$F15),1,"")) | L15: =IF($D15="","",IF(AND(2>=$D15,2<=$F15),1,"")) | M15: =IF($D15="","",IF(AND(3>=$D15,3<=$F15),1,"")) | N15: =IF($D15="","",IF(AND(4>=$D15,4<=$F15),1,"")) | O15: =IF($D15="","",IF(AND(5>=$D15,5<=$F15),1,"")) | P15: =IF($D15="","",IF(AND(6>=$D15,6<=$F15),1,"")) | Q15: =IF($D15="","",IF(AND(7>=$D15,7<=$F15),1,"")) | R15: =IF($D15="","",IF(AND(8>=$D15,8<=$F15),1,"")) | S15: =IF($D15="","",IF(AND(9>=$D15,9<=$F15),1,"")) | T15: =IF($D15="","",IF(AND(10>=$D15,10<=$F15),1,"")) | U15: =IF($D15="","",IF(AND(11>=$D15,11<=$F15),1,"")) | V15: =IF($D15="","",IF(AND(12>=$D15,12<=$F15),1,"")) | W15: =IF($D15="","",IF(AND(13>=$D15,13<=$F15),1,"")) | X15: =IF($D15="","",IF(AND(14>=$D15,14<=$F15),1,"")) | Y15: =IF($D15="","",IF(AND(15>=$D15,15<=$F15),1,"")) | Z15: =IF($D15="","",IF(AND(16>=$D15,16<=$F15),1,"")) | AA15: =IF($D15="","",IF(AND(17>=$D15,17<=$F15),1,"")) | AB15: =IF($D15="","",IF(AND(18>=$D15,18<=$F15),1,"")) | AC15: =IF($D15="","",IF(AND(19>=$D15,19<=$F15),1,"")) | AD15: =IF($D15="","",IF(AND(20>=$D15,20<=$F15),1,"")) | AE15: =IF($D15="","",IF(AND(21>=$D15,21<=$F15),1,"")) | AF15: =IF($D15="","",IF(AND(22>=$D15,22<=$F15),1,"")) | AG15: =IF($D15="","",IF(AND(23>=$D15,23<=$F15),1,"")) | AH15: =IF($D15="","",IF(AND(24>=$D15,24<=$F15),1,"")) | AI15: =IF($D15="","",IF(AND(25>=$D15,25<=$F15),1,"")) | AJ15: =IF($D15="","",IF(AND(26>=$D15,26<=$F15),1,"")) | AK15: =IF($D15="","",IF(AND(27>=$D15,27<=$F15),1,"")) | AL15: =IF($D15="","",IF(AND(28>=$D15,28<=$F15),1,"")) | AM15: =IF($D15="","",IF(AND(29>=$D15,29<=$F15),1,"")) | AN15: =IF($D15="","",IF(AND(30>=$D15,30<=$F15),1,""))
A16: T13 | B16: Sesión de decisión: continuar, ajustar o cerrar | C16: Rectoría | D16: 29 | E16: 1 | F16: =IF(D16="","",D16+E16-1) | G16: T12 | H16: =IF(OR(G16="",G16=0),"",IFERROR(INDEX($F$4:$F$40,MATCH(G16,$A$4:$A$40,0)),"No existe")) | I16: =IF(D16="","",IF(H16="","OK",IF(H16="No existe","Predecesora inexistente",IF(D16<=H16,"Empieza antes de que termine su predecesora",IF(F16>30,"Pasa del día 30","OK"))))) | J16: =IF(D16="","",INT((D16-1)/7)+1) | K16: =IF($D16="","",IF(AND(1>=$D16,1<=$F16),1,"")) | L16: =IF($D16="","",IF(AND(2>=$D16,2<=$F16),1,"")) | M16: =IF($D16="","",IF(AND(3>=$D16,3<=$F16),1,"")) | N16: =IF($D16="","",IF(AND(4>=$D16,4<=$F16),1,"")) | O16: =IF($D16="","",IF(AND(5>=$D16,5<=$F16),1,"")) | P16: =IF($D16="","",IF(AND(6>=$D16,6<=$F16),1,"")) | Q16: =IF($D16="","",IF(AND(7>=$D16,7<=$F16),1,"")) | R16: =IF($D16="","",IF(AND(8>=$D16,8<=$F16),1,"")) | S16: =IF($D16="","",IF(AND(9>=$D16,9<=$F16),1,"")) | T16: =IF($D16="","",IF(AND(10>=$D16,10<=$F16),1,"")) | U16: =IF($D16="","",IF(AND(11>=$D16,11<=$F16),1,"")) | V16: =IF($D16="","",IF(AND(12>=$D16,12<=$F16),1,"")) | W16: =IF($D16="","",IF(AND(13>=$D16,13<=$F16),1,"")) | X16: =IF($D16="","",IF(AND(14>=$D16,14<=$F16),1,"")) | Y16: =IF($D16="","",IF(AND(15>=$D16,15<=$F16),1,"")) | Z16: =IF($D16="","",IF(AND(16>=$D16,16<=$F16),1,"")) | AA16: =IF($D16="","",IF(AND(17>=$D16,17<=$F16),1,"")) | AB16: =IF($D16="","",IF(AND(18>=$D16,18<=$F16),1,"")) | AC16: =IF($D16="","",IF(AND(19>=$D16,19<=$F16),1,"")) | AD16: =IF($D16="","",IF(AND(20>=$D16,20<=$F16),1,"")) | AE16: =IF($D16="","",IF(AND(21>=$D16,21<=$F16),1,"")) | AF16: =IF($D16="","",IF(AND(22>=$D16,22<=$F16),1,"")) | AG16: =IF($D16="","",IF(AND(23>=$D16,23<=$F16),1,"")) | AH16: =IF($D16="","",IF(AND(24>=$D16,24<=$F16),1,"")) | AI16: =IF($D16="","",IF(AND(25>=$D16,25<=$F16),1,"")) | AJ16: =IF($D16="","",IF(AND(26>=$D16,26<=$F16),1,"")) | AK16: =IF($D16="","",IF(AND(27>=$D16,27<=$F16),1,"")) | AL16: =IF($D16="","",IF(AND(28>=$D16,28<=$F16),1,"")) | AM16: =IF($D16="","",IF(AND(29>=$D16,29<=$F16),1,"")) | AN16: =IF($D16="","",IF(AND(30>=$D16,30<=$F16),1,""))
A17: T14 | B17: Plan de despliegue o de cierre ordenado | C17: Rectoría | D17: 30 | E17: 1 | F17: =IF(D17="","",D17+E17-1) | G17: T13 | H17: =IF(OR(G17="",G17=0),"",IFERROR(INDEX($F$4:$F$40,MATCH(G17,$A$4:$A$40,0)),"No existe")) | I17: =IF(D17="","",IF(H17="","OK",IF(H17="No existe","Predecesora inexistente",IF(D17<=H17,"Empieza antes de que termine su predecesora",IF(F17>30,"Pasa del día 30","OK"))))) | J17: =IF(D17="","",INT((D17-1)/7)+1) | K17: =IF($D17="","",IF(AND(1>=$D17,1<=$F17),1,"")) | L17: =IF($D17="","",IF(AND(2>=$D17,2<=$F17),1,"")) | M17: =IF($D17="","",IF(AND(3>=$D17,3<=$F17),1,"")) | N17: =IF($D17="","",IF(AND(4>=$D17,4<=$F17),1,"")) | O17: =IF($D17="","",IF(AND(5>=$D17,5<=$F17),1,"")) | P17: =IF($D17="","",IF(AND(6>=$D17,6<=$F17),1,"")) | Q17: =IF($D17="","",IF(AND(7>=$D17,7<=$F17),1,"")) | R17: =IF($D17="","",IF(AND(8>=$D17,8<=$F17),1,"")) | S17: =IF($D17="","",IF(AND(9>=$D17,9<=$F17),1,"")) | T17: =IF($D17="","",IF(AND(10>=$D17,10<=$F17),1,"")) | U17: =IF($D17="","",IF(AND(11>=$D17,11<=$F17),1,"")) | V17: =IF($D17="","",IF(AND(12>=$D17,12<=$F17),1,"")) | W17: =IF($D17="","",IF(AND(13>=$D17,13<=$F17),1,"")) | X17: =IF($D17="","",IF(AND(14>=$D17,14<=$F17),1,"")) | Y17: =IF($D17="","",IF(AND(15>=$D17,15<=$F17),1,"")) | Z17: =IF($D17="","",IF(AND(16>=$D17,16<=$F17),1,"")) | AA17: =IF($D17="","",IF(AND(17>=$D17,17<=$F17),1,"")) | AB17: =IF($D17="","",IF(AND(18>=$D17,18<=$F17),1,"")) | AC17: =IF($D17="","",IF(AND(19>=$D17,19<=$F17),1,"")) | AD17: =IF($D17="","",IF(AND(20>=$D17,20<=$F17),1,"")) | AE17: =IF($D17="","",IF(AND(21>=$D17,21<=$F17),1,"")) | AF17: =IF($D17="","",IF(AND(22>=$D17,22<=$F17),1,"")) | AG17: =IF($D17="","",IF(AND(23>=$D17,23<=$F17),1,"")) | AH17: =IF($D17="","",IF(AND(24>=$D17,24<=$F17),1,"")) | AI17: =IF($D17="","",IF(AND(25>=$D17,25<=$F17),1,"")) | AJ17: =IF($D17="","",IF(AND(26>=$D17,26<=$F17),1,"")) | AK17: =IF($D17="","",IF(AND(27>=$D17,27<=$F17),1,"")) | AL17: =IF($D17="","",IF(AND(28>=$D17,28<=$F17),1,"")) | AM17: =IF($D17="","",IF(AND(29>=$D17,29<=$F17),1,"")) | AN17: =IF($D17="","",IF(AND(30>=$D17,30<=$F17),1,""))
F18: =IF(D18="","",D18+E18-1) | H18: =IF(OR(G18="",G18=0),"",IFERROR(INDEX($F$4:$F$40,MATCH(G18,$A$4:$A$40,0)),"No existe")) | I18: =IF(D18="","",IF(H18="","OK",IF(H18="No existe","Predecesora inexistente",IF(D18<=H18,"Empieza antes de que termine su predecesora",IF(F18>30,"Pasa del día 30","OK"))))) | J18: =IF(D18="","",INT((D18-1)/7)+1) | K18: =IF($D18="","",IF(AND(1>=$D18,1<=$F18),1,"")) | L18: =IF($D18="","",IF(AND(2>=$D18,2<=$F18),1,"")) | M18: =IF($D18="","",IF(AND(3>=$D18,3<=$F18),1,"")) | N18: =IF($D18="","",IF(AND(4>=$D18,4<=$F18),1,"")) | O18: =IF($D18="","",IF(AND(5>=$D18,5<=$F18),1,"")) | P18: =IF($D18="","",IF(AND(6>=$D18,6<=$F18),1,"")) | Q18: =IF($D18="","",IF(AND(7>=$D18,7<=$F18),1,"")) | R18: =IF($D18="","",IF(AND(8>=$D18,8<=$F18),1,"")) | S18: =IF($D18="","",IF(AND(9>=$D18,9<=$F18),1,"")) | T18: =IF($D18="","",IF(AND(10>=$D18,10<=$F18),1,"")) | U18: =IF($D18="","",IF(AND(11>=$D18,11<=$F18),1,"")) | V18: =IF($D18="","",IF(AND(12>=$D18,12<=$F18),1,"")) | W18: =IF($D18="","",IF(AND(13>=$D18,13<=$F18),1,"")) | X18: =IF($D18="","",IF(AND(14>=$D18,14<=$F18),1,"")) | Y18: =IF($D18="","",IF(AND(15>=$D18,15<=$F18),1,"")) | Z18: =IF($D18="","",IF(AND(16>=$D18,16<=$F18),1,"")) | AA18: =IF($D18="","",IF(AND(17>=$D18,17<=$F18),1,"")) | AB18: =IF($D18="","",IF(AND(18>=$D18,18<=$F18),1,"")) | AC18: =IF($D18="","",IF(AND(19>=$D18,19<=$F18),1,"")) | AD18: =IF($D18="","",IF(AND(20>=$D18,20<=$F18),1,"")) | AE18: =IF($D18="","",IF(AND(21>=$D18,21<=$F18),1,"")) | AF18: =IF($D18="","",IF(AND(22>=$D18,22<=$F18),1,"")) | AG18: =IF($D18="","",IF(AND(23>=$D18,23<=$F18),1,"")) | AH18: =IF($D18="","",IF(AND(24>=$D18,24<=$F18),1,"")) | AI18: =IF($D18="","",IF(AND(25>=$D18,25<=$F18),1,"")) | AJ18: =IF($D18="","",IF(AND(26>=$D18,26<=$F18),1,"")) | AK18: =IF($D18="","",IF(AND(27>=$D18,27<=$F18),1,"")) | AL18: =IF($D18="","",IF(AND(28>=$D18,28<=$F18),1,"")) | AM18: =IF($D18="","",IF(AND(29>=$D18,29<=$F18),1,"")) | AN18: =IF($D18="","",IF(AND(30>=$D18,30<=$F18),1,""))
F19: =IF(D19="","",D19+E19-1) | H19: =IF(OR(G19="",G19=0),"",IFERROR(INDEX($F$4:$F$40,MATCH(G19,$A$4:$A$40,0)),"No existe")) | I19: =IF(D19="","",IF(H19="","OK",IF(H19="No existe","Predecesora inexistente",IF(D19<=H19,"Empieza antes de que termine su predecesora",IF(F19>30,"Pasa del día 30","OK"))))) | J19: =IF(D19="","",INT((D19-1)/7)+1) | K19: =IF($D19="","",IF(AND(1>=$D19,1<=$F19),1,"")) | L19: =IF($D19="","",IF(AND(2>=$D19,2<=$F19),1,"")) | M19: =IF($D19="","",IF(AND(3>=$D19,3<=$F19),1,"")) | N19: =IF($D19="","",IF(AND(4>=$D19,4<=$F19),1,"")) | O19: =IF($D19="","",IF(AND(5>=$D19,5<=$F19),1,"")) | P19: =IF($D19="","",IF(AND(6>=$D19,6<=$F19),1,"")) | Q19: =IF($D19="","",IF(AND(7>=$D19,7<=$F19),1,"")) | R19: =IF($D19="","",IF(AND(8>=$D19,8<=$F19),1,"")) | S19: =IF($D19="","",IF(AND(9>=$D19,9<=$F19),1,"")) | T19: =IF($D19="","",IF(AND(10>=$D19,10<=$F19),1,"")) | U19: =IF($D19="","",IF(AND(11>=$D19,11<=$F19),1,"")) | V19: =IF($D19="","",IF(AND(12>=$D19,12<=$F19),1,"")) | W19: =IF($D19="","",IF(AND(13>=$D19,13<=$F19),1,"")) | X19: =IF($D19="","",IF(AND(14>=$D19,14<=$F19),1,"")) | Y19: =IF($D19="","",IF(AND(15>=$D19,15<=$F19),1,"")) | Z19: =IF($D19="","",IF(AND(16>=$D19,16<=$F19),1,"")) | AA19: =IF($D19="","",IF(AND(17>=$D19,17<=$F19),1,"")) | AB19: =IF($D19="","",IF(AND(18>=$D19,18<=$F19),1,"")) | AC19: =IF($D19="","",IF(AND(19>=$D19,19<=$F19),1,"")) | AD19: =IF($D19="","",IF(AND(20>=$D19,20<=$F19),1,"")) | AE19: =IF($D19="","",IF(AND(21>=$D19,21<=$F19),1,"")) | AF19: =IF($D19="","",IF(AND(22>=$D19,22<=$F19),1,"")) | AG19: =IF($D19="","",IF(AND(23>=$D19,23<=$F19),1,"")) | AH19: =IF($D19="","",IF(AND(24>=$D19,24<=$F19),1,"")) | AI19: =IF($D19="","",IF(AND(25>=$D19,25<=$F19),1,"")) | AJ19: =IF($D19="","",IF(AND(26>=$D19,26<=$F19),1,"")) | AK19: =IF($D19="","",IF(AND(27>=$D19,27<=$F19),1,"")) | AL19: =IF($D19="","",IF(AND(28>=$D19,28<=$F19),1,"")) | AM19: =IF($D19="","",IF(AND(29>=$D19,29<=$F19),1,"")) | AN19: =IF($D19="","",IF(AND(30>=$D19,30<=$F19),1,""))
F20: =IF(D20="","",D20+E20-1) | H20: =IF(OR(G20="",G20=0),"",IFERROR(INDEX($F$4:$F$40,MATCH(G20,$A$4:$A$40,0)),"No existe")) | I20: =IF(D20="","",IF(H20="","OK",IF(H20="No existe","Predecesora inexistente",IF(D20<=H20,"Empieza antes de que termine su predecesora",IF(F20>30,"Pasa del día 30","OK"))))) | J20: =IF(D20="","",INT((D20-1)/7)+1) | K20: =IF($D20="","",IF(AND(1>=$D20,1<=$F20),1,"")) | L20: =IF($D20="","",IF(AND(2>=$D20,2<=$F20),1,"")) | M20: =IF($D20="","",IF(AND(3>=$D20,3<=$F20),1,"")) | N20: =IF($D20="","",IF(AND(4>=$D20,4<=$F20),1,"")) | O20: =IF($D20="","",IF(AND(5>=$D20,5<=$F20),1,"")) | P20: =IF($D20="","",IF(AND(6>=$D20,6<=$F20),1,"")) | Q20: =IF($D20="","",IF(AND(7>=$D20,7<=$F20),1,"")) | R20: =IF($D20="","",IF(AND(8>=$D20,8<=$F20),1,"")) | S20: =IF($D20="","",IF(AND(9>=$D20,9<=$F20),1,"")) | T20: =IF($D20="","",IF(AND(10>=$D20,10<=$F20),1,"")) | U20: =IF($D20="","",IF(AND(11>=$D20,11<=$F20),1,"")) | V20: =IF($D20="","",IF(AND(12>=$D20,12<=$F20),1,"")) | W20: =IF($D20="","",IF(AND(13>=$D20,13<=$F20),1,"")) | X20: =IF($D20="","",IF(AND(14>=$D20,14<=$F20),1,"")) | Y20: =IF($D20="","",IF(AND(15>=$D20,15<=$F20),1,"")) | Z20: =IF($D20="","",IF(AND(16>=$D20,16<=$F20),1,"")) | AA20: =IF($D20="","",IF(AND(17>=$D20,17<=$F20),1,"")) | AB20: =IF($D20="","",IF(AND(18>=$D20,18<=$F20),1,"")) | AC20: =IF($D20="","",IF(AND(19>=$D20,19<=$F20),1,"")) | AD20: =IF($D20="","",IF(AND(20>=$D20,20<=$F20),1,"")) | AE20: =IF($D20="","",IF(AND(21>=$D20,21<=$F20),1,"")) | AF20: =IF($D20="","",IF(AND(22>=$D20,22<=$F20),1,"")) | AG20: =IF($D20="","",IF(AND(23>=$D20,23<=$F20),1,"")) | AH20: =IF($D20="","",IF(AND(24>=$D20,24<=$F20),1,"")) | AI20: =IF($D20="","",IF(AND(25>=$D20,25<=$F20),1,"")) | AJ20: =IF($D20="","",IF(AND(26>=$D20,26<=$F20),1,"")) | AK20: =IF($D20="","",IF(AND(27>=$D20,27<=$F20),1,"")) | AL20: =IF($D20="","",IF(AND(28>=$D20,28<=$F20),1,"")) | AM20: =IF($D20="","",IF(AND(29>=$D20,29<=$F20),1,"")) | AN20: =IF($D20="","",IF(AND(30>=$D20,30<=$F20),1,""))
F21: =IF(D21="","",D21+E21-1) | H21: =IF(OR(G21="",G21=0),"",IFERROR(INDEX($F$4:$F$40,MATCH(G21,$A$4:$A$40,0)),"No existe")) | I21: =IF(D21="","",IF(H21="","OK",IF(H21="No existe","Predecesora inexistente",IF(D21<=H21,"Empieza antes de que termine su predecesora",IF(F21>30,"Pasa del día 30","OK"))))) | J21: =IF(D21="","",INT((D21-1)/7)+1) | K21: =IF($D21="","",IF(AND(1>=$D21,1<=$F21),1,"")) | L21: =IF($D21="","",IF(AND(2>=$D21,2<=$F21),1,"")) | M21: =IF($D21="","",IF(AND(3>=$D21,3<=$F21),1,"")) | N21: =IF($D21="","",IF(AND(4>=$D21,4<=$F21),1,"")) | O21: =IF($D21="","",IF(AND(5>=$D21,5<=$F21),1,"")) | P21: =IF($D21="","",IF(AND(6>=$D21,6<=$F21),1,"")) | Q21: =IF($D21="","",IF(AND(7>=$D21,7<=$F21),1,"")) | R21: =IF($D21="","",IF(AND(8>=$D21,8<=$F21),1,"")) | S21: =IF($D21="","",IF(AND(9>=$D21,9<=$F21),1,"")) | T21: =IF($D21="","",IF(AND(10>=$D21,10<=$F21),1,"")) | U21: =IF($D21="","",IF(AND(11>=$D21,11<=$F21),1,"")) | V21: =IF($D21="","",IF(AND(12>=$D21,12<=$F21),1,"")) | W21: =IF($D21="","",IF(AND(13>=$D21,13<=$F21),1,"")) | X21: =IF($D21="","",IF(AND(14>=$D21,14<=$F21),1,"")) | Y21: =IF($D21="","",IF(AND(15>=$D21,15<=$F21),1,"")) | Z21: =IF($D21="","",IF(AND(16>=$D21,16<=$F21),1,"")) | AA21: =IF($D21="","",IF(AND(17>=$D21,17<=$F21),1,"")) | AB21: =IF($D21="","",IF(AND(18>=$D21,18<=$F21),1,"")) | AC21: =IF($D21="","",IF(AND(19>=$D21,19<=$F21),1,"")) | AD21: =IF($D21="","",IF(AND(20>=$D21,20<=$F21),1,"")) | AE21: =IF($D21="","",IF(AND(21>=$D21,21<=$F21),1,"")) | AF21: =IF($D21="","",IF(AND(22>=$D21,22<=$F21),1,"")) | AG21: =IF($D21="","",IF(AND(23>=$D21,23<=$F21),1,"")) | AH21: =IF($D21="","",IF(AND(24>=$D21,24<=$F21),1,"")) | AI21: =IF($D21="","",IF(AND(25>=$D21,25<=$F21),1,"")) | AJ21: =IF($D21="","",IF(AND(26>=$D21,26<=$F21),1,"")) | AK21: =IF($D21="","",IF(AND(27>=$D21,27<=$F21),1,"")) | AL21: =IF($D21="","",IF(AND(28>=$D21,28<=$F21),1,"")) | AM21: =IF($D21="","",IF(AND(29>=$D21,29<=$F21),1,"")) | AN21: =IF($D21="","",IF(AND(30>=$D21,30<=$F21),1,""))
F22: =IF(D22="","",D22+E22-1) | H22: =IF(OR(G22="",G22=0),"",IFERROR(INDEX($F$4:$F$40,MATCH(G22,$A$4:$A$40,0)),"No existe")) | I22: =IF(D22="","",IF(H22="","OK",IF(H22="No existe","Predecesora inexistente",IF(D22<=H22,"Empieza antes de que termine su predecesora",IF(F22>30,"Pasa del día 30","OK"))))) | J22: =IF(D22="","",INT((D22-1)/7)+1) | K22: =IF($D22="","",IF(AND(1>=$D22,1<=$F22),1,"")) | L22: =IF($D22="","",IF(AND(2>=$D22,2<=$F22),1,"")) | M22: =IF($D22="","",IF(AND(3>=$D22,3<=$F22),1,"")) | N22: =IF($D22="","",IF(AND(4>=$D22,4<=$F22),1,"")) | O22: =IF($D22="","",IF(AND(5>=$D22,5<=$F22),1,"")) | P22: =IF($D22="","",IF(AND(6>=$D22,6<=$F22),1,"")) | Q22: =IF($D22="","",IF(AND(7>=$D22,7<=$F22),1,"")) | R22: =IF($D22="","",IF(AND(8>=$D22,8<=$F22),1,"")) | S22: =IF($D22="","",IF(AND(9>=$D22,9<=$F22),1,"")) | T22: =IF($D22="","",IF(AND(10>=$D22,10<=$F22),1,"")) | U22: =IF($D22="","",IF(AND(11>=$D22,11<=$F22),1,"")) | V22: =IF($D22="","",IF(AND(12>=$D22,12<=$F22),1,"")) | W22: =IF($D22="","",IF(AND(13>=$D22,13<=$F22),1,"")) | X22: =IF($D22="","",IF(AND(14>=$D22,14<=$F22),1,"")) | Y22: =IF($D22="","",IF(AND(15>=$D22,15<=$F22),1,"")) | Z22: =IF($D22="","",IF(AND(16>=$D22,16<=$F22),1,"")) | AA22: =IF($D22="","",IF(AND(17>=$D22,17<=$F22),1,"")) | AB22: =IF($D22="","",IF(AND(18>=$D22,18<=$F22),1,"")) | AC22: =IF($D22="","",IF(AND(19>=$D22,19<=$F22),1,"")) | AD22: =IF($D22="","",IF(AND(20>=$D22,20<=$F22),1,"")) | AE22: =IF($D22="","",IF(AND(21>=$D22,21<=$F22),1,"")) | AF22: =IF($D22="","",IF(AND(22>=$D22,22<=$F22),1,"")) | AG22: =IF($D22="","",IF(AND(23>=$D22,23<=$F22),1,"")) | AH22: =IF($D22="","",IF(AND(24>=$D22,24<=$F22),1,"")) | AI22: =IF($D22="","",IF(AND(25>=$D22,25<=$F22),1,"")) | AJ22: =IF($D22="","",IF(AND(26>=$D22,26<=$F22),1,"")) | AK22: =IF($D22="","",IF(AND(27>=$D22,27<=$F22),1,"")) | AL22: =IF($D22="","",IF(AND(28>=$D22,28<=$F22),1,"")) | AM22: =IF($D22="","",IF(AND(29>=$D22,29<=$F22),1,"")) | AN22: =IF($D22="","",IF(AND(30>=$D22,30<=$F22),1,""))
F23: =IF(D23="","",D23+E23-1) | H23: =IF(OR(G23="",G23=0),"",IFERROR(INDEX($F$4:$F$40,MATCH(G23,$A$4:$A$40,0)),"No existe")) | I23: =IF(D23="","",IF(H23="","OK",IF(H23="No existe","Predecesora inexistente",IF(D23<=H23,"Empieza antes de que termine su predecesora",IF(F23>30,"Pasa del día 30","OK"))))) | J23: =IF(D23="","",INT((D23-1)/7)+1) | K23: =IF($D23="","",IF(AND(1>=$D23,1<=$F23),1,"")) | L23: =IF($D23="","",IF(AND(2>=$D23,2<=$F23),1,"")) | M23: =IF($D23="","",IF(AND(3>=$D23,3<=$F23),1,"")) | N23: =IF($D23="","",IF(AND(4>=$D23,4<=$F23),1,"")) | O23: =IF($D23="","",IF(AND(5>=$D23,5<=$F23),1,"")) | P23: =IF($D23="","",IF(AND(6>=$D23,6<=$F23),1,"")) | Q23: =IF($D23="","",IF(AND(7>=$D23,7<=$F23),1,"")) | R23: =IF($D23="","",IF(AND(8>=$D23,8<=$F23),1,"")) | S23: =IF($D23="","",IF(AND(9>=$D23,9<=$F23),1,"")) | T23: =IF($D23="","",IF(AND(10>=$D23,10<=$F23),1,"")) | U23: =IF($D23="","",IF(AND(11>=$D23,11<=$F23),1,"")) | V23: =IF($D23="","",IF(AND(12>=$D23,12<=$F23),1,"")) | W23: =IF($D23="","",IF(AND(13>=$D23,13<=$F23),1,"")) | X23: =IF($D23="","",IF(AND(14>=$D23,14<=$F23),1,"")) | Y23: =IF($D23="","",IF(AND(15>=$D23,15<=$F23),1,"")) | Z23: =IF($D23="","",IF(AND(16>=$D23,16<=$F23),1,"")) | AA23: =IF($D23="","",IF(AND(17>=$D23,17<=$F23),1,"")) | AB23: =IF($D23="","",IF(AND(18>=$D23,18<=$F23),1,"")) | AC23: =IF($D23="","",IF(AND(19>=$D23,19<=$F23),1,"")) | AD23: =IF($D23="","",IF(AND(20>=$D23,20<=$F23),1,"")) | AE23: =IF($D23="","",IF(AND(21>=$D23,21<=$F23),1,"")) | AF23: =IF($D23="","",IF(AND(22>=$D23,22<=$F23),1,"")) | AG23: =IF($D23="","",IF(AND(23>=$D23,23<=$F23),1,"")) | AH23: =IF($D23="","",IF(AND(24>=$D23,24<=$F23),1,"")) | AI23: =IF($D23="","",IF(AND(25>=$D23,25<=$F23),1,"")) | AJ23: =IF($D23="","",IF(AND(26>=$D23,26<=$F23),1,"")) | AK23: =IF($D23="","",IF(AND(27>=$D23,27<=$F23),1,"")) | AL23: =IF($D23="","",IF(AND(28>=$D23,28<=$F23),1,"")) | AM23: =IF($D23="","",IF(AND(29>=$D23,29<=$F23),1,"")) | AN23: =IF($D23="","",IF(AND(30>=$D23,30<=$F23),1,""))
F24: =IF(D24="","",D24+E24-1) | H24: =IF(OR(G24="",G24=0),"",IFERROR(INDEX($F$4:$F$40,MATCH(G24,$A$4:$A$40,0)),"No existe")) | I24: =IF(D24="","",IF(H24="","OK",IF(H24="No existe","Predecesora inexistente",IF(D24<=H24,"Empieza antes de que termine su predecesora",IF(F24>30,"Pasa del día 30","OK"))))) | J24: =IF(D24="","",INT((D24-1)/7)+1) | K24: =IF($D24="","",IF(AND(1>=$D24,1<=$F24),1,"")) | L24: =IF($D24="","",IF(AND(2>=$D24,2<=$F24),1,"")) | M24: =IF($D24="","",IF(AND(3>=$D24,3<=$F24),1,"")) | N24: =IF($D24="","",IF(AND(4>=$D24,4<=$F24),1,"")) | O24: =IF($D24="","",IF(AND(5>=$D24,5<=$F24),1,"")) | P24: =IF($D24="","",IF(AND(6>=$D24,6<=$F24),1,"")) | Q24: =IF($D24="","",IF(AND(7>=$D24,7<=$F24),1,"")) | R24: =IF($D24="","",IF(AND(8>=$D24,8<=$F24),1,"")) | S24: =IF($D24="","",IF(AND(9>=$D24,9<=$F24),1,"")) | T24: =IF($D24="","",IF(AND(10>=$D24,10<=$F24),1,"")) | U24: =IF($D24="","",IF(AND(11>=$D24,11<=$F24),1,"")) | V24: =IF($D24="","",IF(AND(12>=$D24,12<=$F24),1,"")) | W24: =IF($D24="","",IF(AND(13>=$D24,13<=$F24),1,"")) | X24: =IF($D24="","",IF(AND(14>=$D24,14<=$F24),1,"")) | Y24: =IF($D24="","",IF(AND(15>=$D24,15<=$F24),1,"")) | Z24: =IF($D24="","",IF(AND(16>=$D24,16<=$F24),1,"")) | AA24: =IF($D24="","",IF(AND(17>=$D24,17<=$F24),1,"")) | AB24: =IF($D24="","",IF(AND(18>=$D24,18<=$F24),1,"")) | AC24: =IF($D24="","",IF(AND(19>=$D24,19<=$F24),1,"")) | AD24: =IF($D24="","",IF(AND(20>=$D24,20<=$F24),1,"")) | AE24: =IF($D24="","",IF(AND(21>=$D24,21<=$F24),1,"")) | AF24: =IF($D24="","",IF(AND(22>=$D24,22<=$F24),1,"")) | AG24: =IF($D24="","",IF(AND(23>=$D24,23<=$F24),1,"")) | AH24: =IF($D24="","",IF(AND(24>=$D24,24<=$F24),1,"")) | AI24: =IF($D24="","",IF(AND(25>=$D24,25<=$F24),1,"")) | AJ24: =IF($D24="","",IF(AND(26>=$D24,26<=$F24),1,"")) | AK24: =IF($D24="","",IF(AND(27>=$D24,27<=$F24),1,"")) | AL24: =IF($D24="","",IF(AND(28>=$D24,28<=$F24),1,"")) | AM24: =IF($D24="","",IF(AND(29>=$D24,29<=$F24),1,"")) | AN24: =IF($D24="","",IF(AND(30>=$D24,30<=$F24),1,""))
F25: =IF(D25="","",D25+E25-1) | H25: =IF(OR(G25="",G25=0),"",IFERROR(INDEX($F$4:$F$40,MATCH(G25,$A$4:$A$40,0)),"No existe")) | I25: =IF(D25="","",IF(H25="","OK",IF(H25="No existe","Predecesora inexistente",IF(D25<=H25,"Empieza antes de que termine su predecesora",IF(F25>30,"Pasa del día 30","OK"))))) | J25: =IF(D25="","",INT((D25-1)/7)+1) | K25: =IF($D25="","",IF(AND(1>=$D25,1<=$F25),1,"")) | L25: =IF($D25="","",IF(AND(2>=$D25,2<=$F25),1,"")) | M25: =IF($D25="","",IF(AND(3>=$D25,3<=$F25),1,"")) | N25: =IF($D25="","",IF(AND(4>=$D25,4<=$F25),1,"")) | O25: =IF($D25="","",IF(AND(5>=$D25,5<=$F25),1,"")) | P25: =IF($D25="","",IF(AND(6>=$D25,6<=$F25),1,"")) | Q25: =IF($D25="","",IF(AND(7>=$D25,7<=$F25),1,"")) | R25: =IF($D25="","",IF(AND(8>=$D25,8<=$F25),1,"")) | S25: =IF($D25="","",IF(AND(9>=$D25,9<=$F25),1,"")) | T25: =IF($D25="","",IF(AND(10>=$D25,10<=$F25),1,"")) | U25: =IF($D25="","",IF(AND(11>=$D25,11<=$F25),1,"")) | V25: =IF($D25="","",IF(AND(12>=$D25,12<=$F25),1,"")) | W25: =IF($D25="","",IF(AND(13>=$D25,13<=$F25),1,"")) | X25: =IF($D25="","",IF(AND(14>=$D25,14<=$F25),1,"")) | Y25: =IF($D25="","",IF(AND(15>=$D25,15<=$F25),1,"")) | Z25: =IF($D25="","",IF(AND(16>=$D25,16<=$F25),1,"")) | AA25: =IF($D25="","",IF(AND(17>=$D25,17<=$F25),1,"")) | AB25: =IF($D25="","",IF(AND(18>=$D25,18<=$F25),1,"")) | AC25: =IF($D25="","",IF(AND(19>=$D25,19<=$F25),1,"")) | AD25: =IF($D25="","",IF(AND(20>=$D25,20<=$F25),1,"")) | AE25: =IF($D25="","",IF(AND(21>=$D25,21<=$F25),1,"")) | AF25: =IF($D25="","",IF(AND(22>=$D25,22<=$F25),1,"")) | AG25: =IF($D25="","",IF(AND(23>=$D25,23<=$F25),1,"")) | AH25: =IF($D25="","",IF(AND(24>=$D25,24<=$F25),1,"")) | AI25: =IF($D25="","",IF(AND(25>=$D25,25<=$F25),1,"")) | AJ25: =IF($D25="","",IF(AND(26>=$D25,26<=$F25),1,"")) | AK25: =IF($D25="","",IF(AND(27>=$D25,27<=$F25),1,"")) | AL25: =IF($D25="","",IF(AND(28>=$D25,28<=$F25),1,"")) | AM25: =IF($D25="","",IF(AND(29>=$D25,29<=$F25),1,"")) | AN25: =IF($D25="","",IF(AND(30>=$D25,30<=$F25),1,""))
F26: =IF(D26="","",D26+E26-1) | H26: =IF(OR(G26="",G26=0),"",IFERROR(INDEX($F$4:$F$40,MATCH(G26,$A$4:$A$40,0)),"No existe")) | I26: =IF(D26="","",IF(H26="","OK",IF(H26="No existe","Predecesora inexistente",IF(D26<=H26,"Empieza antes de que termine su predecesora",IF(F26>30,"Pasa del día 30","OK"))))) | J26: =IF(D26="","",INT((D26-1)/7)+1) | K26: =IF($D26="","",IF(AND(1>=$D26,1<=$F26),1,"")) | L26: =IF($D26="","",IF(AND(2>=$D26,2<=$F26),1,"")) | M26: =IF($D26="","",IF(AND(3>=$D26,3<=$F26),1,"")) | N26: =IF($D26="","",IF(AND(4>=$D26,4<=$F26),1,"")) | O26: =IF($D26="","",IF(AND(5>=$D26,5<=$F26),1,"")) | P26: =IF($D26="","",IF(AND(6>=$D26,6<=$F26),1,"")) | Q26: =IF($D26="","",IF(AND(7>=$D26,7<=$F26),1,"")) | R26: =IF($D26="","",IF(AND(8>=$D26,8<=$F26),1,"")) | S26: =IF($D26="","",IF(AND(9>=$D26,9<=$F26),1,"")) | T26: =IF($D26="","",IF(AND(10>=$D26,10<=$F26),1,"")) | U26: =IF($D26="","",IF(AND(11>=$D26,11<=$F26),1,"")) | V26: =IF($D26="","",IF(AND(12>=$D26,12<=$F26),1,"")) | W26: =IF($D26="","",IF(AND(13>=$D26,13<=$F26),1,"")) | X26: =IF($D26="","",IF(AND(14>=$D26,14<=$F26),1,"")) | Y26: =IF($D26="","",IF(AND(15>=$D26,15<=$F26),1,"")) | Z26: =IF($D26="","",IF(AND(16>=$D26,16<=$F26),1,"")) | AA26: =IF($D26="","",IF(AND(17>=$D26,17<=$F26),1,"")) | AB26: =IF($D26="","",IF(AND(18>=$D26,18<=$F26),1,"")) | AC26: =IF($D26="","",IF(AND(19>=$D26,19<=$F26),1,"")) | AD26: =IF($D26="","",IF(AND(20>=$D26,20<=$F26),1,"")) | AE26: =IF($D26="","",IF(AND(21>=$D26,21<=$F26),1,"")) | AF26: =IF($D26="","",IF(AND(22>=$D26,22<=$F26),1,"")) | AG26: =IF($D26="","",IF(AND(23>=$D26,23<=$F26),1,"")) | AH26: =IF($D26="","",IF(AND(24>=$D26,24<=$F26),1,"")) | AI26: =IF($D26="","",IF(AND(25>=$D26,25<=$F26),1,"")) | AJ26: =IF($D26="","",IF(AND(26>=$D26,26<=$F26),1,"")) | AK26: =IF($D26="","",IF(AND(27>=$D26,27<=$F26),1,"")) | AL26: =IF($D26="","",IF(AND(28>=$D26,28<=$F26),1,"")) | AM26: =IF($D26="","",IF(AND(29>=$D26,29<=$F26),1,"")) | AN26: =IF($D26="","",IF(AND(30>=$D26,30<=$F26),1,""))
F27: =IF(D27="","",D27+E27-1) | H27: =IF(OR(G27="",G27=0),"",IFERROR(INDEX($F$4:$F$40,MATCH(G27,$A$4:$A$40,0)),"No existe")) | I27: =IF(D27="","",IF(H27="","OK",IF(H27="No existe","Predecesora inexistente",IF(D27<=H27,"Empieza antes de que termine su predecesora",IF(F27>30,"Pasa del día 30","OK"))))) | J27: =IF(D27="","",INT((D27-1)/7)+1) | K27: =IF($D27="","",IF(AND(1>=$D27,1<=$F27),1,"")) | L27: =IF($D27="","",IF(AND(2>=$D27,2<=$F27),1,"")) | M27: =IF($D27="","",IF(AND(3>=$D27,3<=$F27),1,"")) | N27: =IF($D27="","",IF(AND(4>=$D27,4<=$F27),1,"")) | O27: =IF($D27="","",IF(AND(5>=$D27,5<=$F27),1,"")) | P27: =IF($D27="","",IF(AND(6>=$D27,6<=$F27),1,"")) | Q27: =IF($D27="","",IF(AND(7>=$D27,7<=$F27),1,"")) | R27: =IF($D27="","",IF(AND(8>=$D27,8<=$F27),1,"")) | S27: =IF($D27="","",IF(AND(9>=$D27,9<=$F27),1,"")) | T27: =IF($D27="","",IF(AND(10>=$D27,10<=$F27),1,"")) | U27: =IF($D27="","",IF(AND(11>=$D27,11<=$F27),1,"")) | V27: =IF($D27="","",IF(AND(12>=$D27,12<=$F27),1,"")) | W27: =IF($D27="","",IF(AND(13>=$D27,13<=$F27),1,"")) | X27: =IF($D27="","",IF(AND(14>=$D27,14<=$F27),1,"")) | Y27: =IF($D27="","",IF(AND(15>=$D27,15<=$F27),1,"")) | Z27: =IF($D27="","",IF(AND(16>=$D27,16<=$F27),1,"")) | AA27: =IF($D27="","",IF(AND(17>=$D27,17<=$F27),1,"")) | AB27: =IF($D27="","",IF(AND(18>=$D27,18<=$F27),1,"")) | AC27: =IF($D27="","",IF(AND(19>=$D27,19<=$F27),1,"")) | AD27: =IF($D27="","",IF(AND(20>=$D27,20<=$F27),1,"")) | AE27: =IF($D27="","",IF(AND(21>=$D27,21<=$F27),1,"")) | AF27: =IF($D27="","",IF(AND(22>=$D27,22<=$F27),1,"")) | AG27: =IF($D27="","",IF(AND(23>=$D27,23<=$F27),1,"")) | AH27: =IF($D27="","",IF(AND(24>=$D27,24<=$F27),1,"")) | AI27: =IF($D27="","",IF(AND(25>=$D27,25<=$F27),1,"")) | AJ27: =IF($D27="","",IF(AND(26>=$D27,26<=$F27),1,"")) | AK27: =IF($D27="","",IF(AND(27>=$D27,27<=$F27),1,"")) | AL27: =IF($D27="","",IF(AND(28>=$D27,28<=$F27),1,"")) | AM27: =IF($D27="","",IF(AND(29>=$D27,29<=$F27),1,"")) | AN27: =IF($D27="","",IF(AND(30>=$D27,30<=$F27),1,""))
F28: =IF(D28="","",D28+E28-1) | H28: =IF(OR(G28="",G28=0),"",IFERROR(INDEX($F$4:$F$40,MATCH(G28,$A$4:$A$40,0)),"No existe")) | I28: =IF(D28="","",IF(H28="","OK",IF(H28="No existe","Predecesora inexistente",IF(D28<=H28,"Empieza antes de que termine su predecesora",IF(F28>30,"Pasa del día 30","OK"))))) | J28: =IF(D28="","",INT((D28-1)/7)+1) | K28: =IF($D28="","",IF(AND(1>=$D28,1<=$F28),1,"")) | L28: =IF($D28="","",IF(AND(2>=$D28,2<=$F28),1,"")) | M28: =IF($D28="","",IF(AND(3>=$D28,3<=$F28),1,"")) | N28: =IF($D28="","",IF(AND(4>=$D28,4<=$F28),1,"")) | O28: =IF($D28="","",IF(AND(5>=$D28,5<=$F28),1,"")) | P28: =IF($D28="","",IF(AND(6>=$D28,6<=$F28),1,"")) | Q28: =IF($D28="","",IF(AND(7>=$D28,7<=$F28),1,"")) | R28: =IF($D28="","",IF(AND(8>=$D28,8<=$F28),1,"")) | S28: =IF($D28="","",IF(AND(9>=$D28,9<=$F28),1,"")) | T28: =IF($D28="","",IF(AND(10>=$D28,10<=$F28),1,"")) | U28: =IF($D28="","",IF(AND(11>=$D28,11<=$F28),1,"")) | V28: =IF($D28="","",IF(AND(12>=$D28,12<=$F28),1,"")) | W28: =IF($D28="","",IF(AND(13>=$D28,13<=$F28),1,"")) | X28: =IF($D28="","",IF(AND(14>=$D28,14<=$F28),1,"")) | Y28: =IF($D28="","",IF(AND(15>=$D28,15<=$F28),1,"")) | Z28: =IF($D28="","",IF(AND(16>=$D28,16<=$F28),1,"")) | AA28: =IF($D28="","",IF(AND(17>=$D28,17<=$F28),1,"")) | AB28: =IF($D28="","",IF(AND(18>=$D28,18<=$F28),1,"")) | AC28: =IF($D28="","",IF(AND(19>=$D28,19<=$F28),1,"")) | AD28: =IF($D28="","",IF(AND(20>=$D28,20<=$F28),1,"")) | AE28: =IF($D28="","",IF(AND(21>=$D28,21<=$F28),1,"")) | AF28: =IF($D28="","",IF(AND(22>=$D28,22<=$F28),1,"")) | AG28: =IF($D28="","",IF(AND(23>=$D28,23<=$F28),1,"")) | AH28: =IF($D28="","",IF(AND(24>=$D28,24<=$F28),1,"")) | AI28: =IF($D28="","",IF(AND(25>=$D28,25<=$F28),1,"")) | AJ28: =IF($D28="","",IF(AND(26>=$D28,26<=$F28),1,"")) | AK28: =IF($D28="","",IF(AND(27>=$D28,27<=$F28),1,"")) | AL28: =IF($D28="","",IF(AND(28>=$D28,28<=$F28),1,"")) | AM28: =IF($D28="","",IF(AND(29>=$D28,29<=$F28),1,"")) | AN28: =IF($D28="","",IF(AND(30>=$D28,30<=$F28),1,""))
F29: =IF(D29="","",D29+E29-1) | H29: =IF(OR(G29="",G29=0),"",IFERROR(INDEX($F$4:$F$40,MATCH(G29,$A$4:$A$40,0)),"No existe")) | I29: =IF(D29="","",IF(H29="","OK",IF(H29="No existe","Predecesora inexistente",IF(D29<=H29,"Empieza antes de que termine su predecesora",IF(F29>30,"Pasa del día 30","OK"))))) | J29: =IF(D29="","",INT((D29-1)/7)+1) | K29: =IF($D29="","",IF(AND(1>=$D29,1<=$F29),1,"")) | L29: =IF($D29="","",IF(AND(2>=$D29,2<=$F29),1,"")) | M29: =IF($D29="","",IF(AND(3>=$D29,3<=$F29),1,"")) | N29: =IF($D29="","",IF(AND(4>=$D29,4<=$F29),1,"")) | O29: =IF($D29="","",IF(AND(5>=$D29,5<=$F29),1,"")) | P29: =IF($D29="","",IF(AND(6>=$D29,6<=$F29),1,"")) | Q29: =IF($D29="","",IF(AND(7>=$D29,7<=$F29),1,"")) | R29: =IF($D29="","",IF(AND(8>=$D29,8<=$F29),1,"")) | S29: =IF($D29="","",IF(AND(9>=$D29,9<=$F29),1,"")) | T29: =IF($D29="","",IF(AND(10>=$D29,10<=$F29),1,"")) | U29: =IF($D29="","",IF(AND(11>=$D29,11<=$F29),1,"")) | V29: =IF($D29="","",IF(AND(12>=$D29,12<=$F29),1,"")) | W29: =IF($D29="","",IF(AND(13>=$D29,13<=$F29),1,"")) | X29: =IF($D29="","",IF(AND(14>=$D29,14<=$F29),1,"")) | Y29: =IF($D29="","",IF(AND(15>=$D29,15<=$F29),1,"")) | Z29: =IF($D29="","",IF(AND(16>=$D29,16<=$F29),1,"")) | AA29: =IF($D29="","",IF(AND(17>=$D29,17<=$F29),1,"")) | AB29: =IF($D29="","",IF(AND(18>=$D29,18<=$F29),1,"")) | AC29: =IF($D29="","",IF(AND(19>=$D29,19<=$F29),1,"")) | AD29: =IF($D29="","",IF(AND(20>=$D29,20<=$F29),1,"")) | AE29: =IF($D29="","",IF(AND(21>=$D29,21<=$F29),1,"")) | AF29: =IF($D29="","",IF(AND(22>=$D29,22<=$F29),1,"")) | AG29: =IF($D29="","",IF(AND(23>=$D29,23<=$F29),1,"")) | AH29: =IF($D29="","",IF(AND(24>=$D29,24<=$F29),1,"")) | AI29: =IF($D29="","",IF(AND(25>=$D29,25<=$F29),1,"")) | AJ29: =IF($D29="","",IF(AND(26>=$D29,26<=$F29),1,"")) | AK29: =IF($D29="","",IF(AND(27>=$D29,27<=$F29),1,"")) | AL29: =IF($D29="","",IF(AND(28>=$D29,28<=$F29),1,"")) | AM29: =IF($D29="","",IF(AND(29>=$D29,29<=$F29),1,"")) | AN29: =IF($D29="","",IF(AND(30>=$D29,30<=$F29),1,""))
... F40: =IF(D40="","",D40+E40-1) | H40: =IF(OR(G40="",G40=0),"",IFERROR(INDEX($F$4:$F$40,MATCH(G40,$A$4:$A$40,0)),"No existe")) | I40: =IF(D40="","",IF(H40="","OK",IF(H40="No existe","Predecesora inexistente",IF(D40<=H40,"Empieza antes de que termine su predecesora",IF(F40>30,"Pasa del día 30","OK"))))) | J40: =IF(D40="","",INT((D40-1)/7)+1) | K40: =IF($D40="","",IF(AND(1>=$D40,1<=$F40),1,"")) | L40: =IF($D40="","",IF(AND(2>=$D40,2<=$F40),1,"")) | M40: =IF($D40="","",IF(AND(3>=$D40,3<=$F40),1,"")) | N40: =IF($D40="","",IF(AND(4>=$D40,4<=$F40),1,"")) | O40: =IF($D40="","",IF(AND(5>=$D40,5<=$F40),1,"")) | P40: =IF($D40="","",IF(AND(6>=$D40,6<=$F40),1,"")) | Q40: =IF($D40="","",IF(AND(7>=$D40,7<=$F40),1,"")) | R40: =IF($D40="","",IF(AND(8>=$D40,8<=$F40),1,"")) | S40: =IF($D40="","",IF(AND(9>=$D40,9<=$F40),1,"")) | T40: =IF($D40="","",IF(AND(10>=$D40,10<=$F40),1,"")) | U40: =IF($D40="","",IF(AND(11>=$D40,11<=$F40),1,"")) | V40: =IF($D40="","",IF(AND(12>=$D40,12<=$F40),1,"")) | W40: =IF($D40="","",IF(AND(13>=$D40,13<=$F40),1,"")) | X40: =IF($D40="","",IF(AND(14>=$D40,14<=$F40),1,"")) | Y40: =IF($D40="","",IF(AND(15>=$D40,15<=$F40),1,"")) | Z40: =IF($D40="","",IF(AND(16>=$D40,16<=$F40),1,"")) | AA40: =IF($D40="","",IF(AND(17>=$D40,17<=$F40),1,"")) | AB40: =IF($D40="","",IF(AND(18>=$D40,18<=$F40),1,"")) | AC40: =IF($D40="","",IF(AND(19>=$D40,19<=$F40),1,"")) | AD40: =IF($D40="","",IF(AND(20>=$D40,20<=$F40),1,"")) | AE40: =IF($D40="","",IF(AND(21>=$D40,21<=$F40),1,"")) | AF40: =IF($D40="","",IF(AND(22>=$D40,22<=$F40),1,"")) | AG40: =IF($D40="","",IF(AND(23>=$D40,23<=$F40),1,"")) | AH40: =IF($D40="","",IF(AND(24>=$D40,24<=$F40),1,"")) | AI40: =IF($D40="","",IF(AND(25>=$D40,25<=$F40),1,"")) | AJ40: =IF($D40="","",IF(AND(26>=$D40,26<=$F40),1,"")) | AK40: =IF($D40="","",IF(AND(27>=$D40,27<=$F40),1,"")) | AL40: =IF($D40="","",IF(AND(28>=$D40,28<=$F40),1,"")) | AM40: =IF($D40="","",IF(AND(29>=$D40,29<=$F40),1,"")) | AN40: =IF($D40="","",IF(AND(30>=$D40,30<=$F40),1,""))

Sheet Decision
A1: CRITERIOS PARA LA DECISIÓN (día 29): puntaje de 1 a 5 por criterio; pesos editables (deben sumar 100 %)
A3: Criterio | B3: Peso | C3: Puntaje (1-5) | D3: Aporte | E3: Evidencia que lo respalda
A4: Resuelve el problema definido el día 1 | B4: 0.25 | C4: 4 | D4: =B4*C4 | E4: Indicadores medidos en el piloto
A5: Facilidad de uso para docentes y estudiantes | B5: 0.2 | C5: 3 | D5: =B5*C5 | E5: Encuesta corta y observación
A6: Privacidad y seguridad adecuadas | B6: 0.2 | C6: 5 | D6: =B6*C6 | E6: Revisión del contrato y de los permisos
A7: Integración con lo que ya usamos | B7: 0.15 | C7: 3 | D7: =B7*C7 | E7: Prueba con listados y cuentas
A8: Costo total razonable a tres años | B8: 0.1 | C8: 4 | D8: =B8*C8 | E8: Cálculo de costo total
A9: Soporte y dependencia del proveedor | B9: 0.1 | C9: 2 | D9: =B9*C9 | E9: Respuesta a incidencias del piloto
A11: Suma de pesos | B11: =SUM(B4:B9)
A12: Puntaje ponderado (1 a 5) | D12: =SUM(D4:D9)
A13: Umbral para continuar (editable) | D13: 3.5
A14: Lectura | D14: =IF(B11<>1,"Revisa los pesos",IF(MIN(C4:C9)<=1,"Hay un criterio crítico en 1: cerrar o corregir antes de seguir",IF(D12>=D13,"Continuar, con ajustes en los criterios más bajos","No continuar sin cambios")))
