Workbook

Sheet Resumen
A1: RESUMEN DE LA REVISIÓN
A3: Activos registrados | B3: =COUNTA(Inventario!A4:A120)
A4: Activos operativos | B4: =COUNTIF(Inventario!H4:H120,"Operativo")
A5: En reparación | B5: =COUNTIF(Inventario!H4:H120,"En reparación")
A6: De baja | B6: =COUNTIF(Inventario!H4:H120,"Baja")
A7: Garantía vencida | B7: =COUNTIF(Inventario!J4:J120,"Vencida")
A8: Garantía vence pronto | B8: =COUNTIF(Inventario!J4:J120,"Vence pronto")
A9: Con vida útil cumplida (sin contar bajas) | B9: =COUNTIFS(Inventario!L4:L120,"Sí",Inventario!H4:H120,"<>Baja")
A10: Activos cuya ubicación o responsable no coincide con los movimientos | B10: =COUNTIF(Inventario!O4:O120,"No")
A11: Series duplicadas (filas) | B11: =COUNTIF(Inventario!P4:P120,"Sí")
A12: Activos sin movimientos | B12: =COUNTIF(Inventario!M4:M120,"Sin movimientos")

Sheet Parametros
A1: PARÁMETROS
A3: Fecha de revisión | B3: 46412 | C3: En uso real escribe =HOY() (o =TODAY()).
A4: Días de aviso antes del vencimiento de garantía | B4: 60
A6: Vida útil por tipo (años)
A7: Portátil | B7: 4
A8: Tableta | B8: 3
A9: Proyector | B9: 5
A10: Punto de acceso | B10: 6
A11: Impresora | B11: 5
A12: PC de escritorio | B12: 5

Sheet Inventario
A1: INVENTARIO DE ACTIVOS TECNOLÓGICOS (ejemplo ficticio)
A3: ID | B3: Tipo | C3: Serie | D3: Compra | E3: Garantía (meses) | F3: Ubicación según inventario | G3: Responsable según inventario | H3: Estado | I3: Garantía vence | J3: Estado de garantía | K3: Fin de vida útil | L3: ¿Vida útil cumplida? | M3: Última ubicación (movimientos) | N3: Último responsable (movimientos) | O3: Coincide con el inventario | P3: Serie duplicada
A4: ACT-001 | B4: Portátil | C4: SN-A1001 | D4: 44602 | E4: 24 | F4: Sala de profesores | G4: Coordinación | H4: Operativo | I4: =IF(D4="","",EDATE(D4,E4)) | J4: =IF(D4="","",IF(I4<Parametros!$B$3,"Vencida",IF(I4-Parametros!$B$3<=Parametros!$B$4,"Vence pronto","Vigente"))) | K4: =IF(D4="","",EDATE(D4,VLOOKUP(B4,Parametros!$A$7:$B$12,2,FALSE)*12)) | L4: =IF(D4="","",IF(K4<=Parametros!$B$3,"Sí","No")) | M4: =IF(A4="","",IFERROR(LOOKUP(2,1/(Movimientos!$B$4:$B$300=A4),Movimientos!$D$4:$D$300),"Sin movimientos")) | N4: =IF(A4="","",IFERROR(LOOKUP(2,1/(Movimientos!$B$4:$B$300=A4),Movimientos!$E$4:$E$300),"Sin movimientos")) | O4: =IF(A4="","",IF(AND(F4=M4,G4=N4),"Sí","No")) | P4: =IF(C4="","",IF(COUNTIF($C$4:$C$120,C4)>1,"Sí","No"))
A5: ACT-002 | B5: Portátil | C5: SN-A1002 | D5: 44602 | E5: 24 | F5: Sala de profesores | G5: Coordinación | H5: Operativo | I5: =IF(D5="","",EDATE(D5,E5)) | J5: =IF(D5="","",IF(I5<Parametros!$B$3,"Vencida",IF(I5-Parametros!$B$3<=Parametros!$B$4,"Vence pronto","Vigente"))) | K5: =IF(D5="","",EDATE(D5,VLOOKUP(B5,Parametros!$A$7:$B$12,2,FALSE)*12)) | L5: =IF(D5="","",IF(K5<=Parametros!$B$3,"Sí","No")) | M5: =IF(A5="","",IFERROR(LOOKUP(2,1/(Movimientos!$B$4:$B$300=A5),Movimientos!$D$4:$D$300),"Sin movimientos")) | N5: =IF(A5="","",IFERROR(LOOKUP(2,1/(Movimientos!$B$4:$B$300=A5),Movimientos!$E$4:$E$300),"Sin movimientos")) | O5: =IF(A5="","",IF(AND(F5=M5,G5=N5),"Sí","No")) | P5: =IF(C5="","",IF(COUNTIF($C$4:$C$120,C5)>1,"Sí","No"))
A6: ACT-003 | B6: Portátil | C6: SN-A1003 | D6: 45143 | E6: 36 | F6: Aula 301 | G6: Docente Pérez | H6: Operativo | I6: =IF(D6="","",EDATE(D6,E6)) | J6: =IF(D6="","",IF(I6<Parametros!$B$3,"Vencida",IF(I6-Parametros!$B$3<=Parametros!$B$4,"Vence pronto","Vigente"))) | K6: =IF(D6="","",EDATE(D6,VLOOKUP(B6,Parametros!$A$7:$B$12,2,FALSE)*12)) | L6: =IF(D6="","",IF(K6<=Parametros!$B$3,"Sí","No")) | M6: =IF(A6="","",IFERROR(LOOKUP(2,1/(Movimientos!$B$4:$B$300=A6),Movimientos!$D$4:$D$300),"Sin movimientos")) | N6: =IF(A6="","",IFERROR(LOOKUP(2,1/(Movimientos!$B$4:$B$300=A6),Movimientos!$E$4:$E$300),"Sin movimientos")) | O6: =IF(A6="","",IF(AND(F6=M6,G6=N6),"Sí","No")) | P6: =IF(C6="","",IF(COUNTIF($C$4:$C$120,C6)>1,"Sí","No"))
A7: ACT-004 | B7: Portátil | C7: SN-A1004 | D7: 46096 | E7: 36 | F7: Rectoría | G7: Rectoría | H7: Operativo | I7: =IF(D7="","",EDATE(D7,E7)) | J7: =IF(D7="","",IF(I7<Parametros!$B$3,"Vencida",IF(I7-Parametros!$B$3<=Parametros!$B$4,"Vence pronto","Vigente"))) | K7: =IF(D7="","",EDATE(D7,VLOOKUP(B7,Parametros!$A$7:$B$12,2,FALSE)*12)) | L7: =IF(D7="","",IF(K7<=Parametros!$B$3,"Sí","No")) | M7: =IF(A7="","",IFERROR(LOOKUP(2,1/(Movimientos!$B$4:$B$300=A7),Movimientos!$D$4:$D$300),"Sin movimientos")) | N7: =IF(A7="","",IFERROR(LOOKUP(2,1/(Movimientos!$B$4:$B$300=A7),Movimientos!$E$4:$E$300),"Sin movimientos")) | O7: =IF(A7="","",IF(AND(F7=M7,G7=N7),"Sí","No")) | P7: =IF(C7="","",IF(COUNTIF($C$4:$C$120,C7)>1,"Sí","No"))
A8: ACT-005 | B8: Tableta | C8: SN-B2001 | D8: 45066 | E8: 12 | F8: Carro de tabletas | G8: Biblioteca | H8: Operativo | I8: =IF(D8="","",EDATE(D8,E8)) | J8: =IF(D8="","",IF(I8<Parametros!$B$3,"Vencida",IF(I8-Parametros!$B$3<=Parametros!$B$4,"Vence pronto","Vigente"))) | K8: =IF(D8="","",EDATE(D8,VLOOKUP(B8,Parametros!$A$7:$B$12,2,FALSE)*12)) | L8: =IF(D8="","",IF(K8<=Parametros!$B$3,"Sí","No")) | M8: =IF(A8="","",IFERROR(LOOKUP(2,1/(Movimientos!$B$4:$B$300=A8),Movimientos!$D$4:$D$300),"Sin movimientos")) | N8: =IF(A8="","",IFERROR(LOOKUP(2,1/(Movimientos!$B$4:$B$300=A8),Movimientos!$E$4:$E$300),"Sin movimientos")) | O8: =IF(A8="","",IF(AND(F8=M8,G8=N8),"Sí","No")) | P8: =IF(C8="","",IF(COUNTIF($C$4:$C$120,C8)>1,"Sí","No"))
A9: ACT-006 | B9: Tableta | C9: SN-B2002 | D9: 45066 | E9: 12 | F9: Carro de tabletas | G9: Biblioteca | H9: Operativo | I9: =IF(D9="","",EDATE(D9,E9)) | J9: =IF(D9="","",IF(I9<Parametros!$B$3,"Vencida",IF(I9-Parametros!$B$3<=Parametros!$B$4,"Vence pronto","Vigente"))) | K9: =IF(D9="","",EDATE(D9,VLOOKUP(B9,Parametros!$A$7:$B$12,2,FALSE)*12)) | L9: =IF(D9="","",IF(K9<=Parametros!$B$3,"Sí","No")) | M9: =IF(A9="","",IFERROR(LOOKUP(2,1/(Movimientos!$B$4:$B$300=A9),Movimientos!$D$4:$D$300),"Sin movimientos")) | N9: =IF(A9="","",IFERROR(LOOKUP(2,1/(Movimientos!$B$4:$B$300=A9),Movimientos!$E$4:$E$300),"Sin movimientos")) | O9: =IF(A9="","",IF(AND(F9=M9,G9=N9),"Sí","No")) | P9: =IF(C9="","",IF(COUNTIF($C$4:$C$120,C9)>1,"Sí","No"))
A10: ACT-007 | B10: Tableta | C10: SN-B2003 | D10: 45066 | E10: 12 | F10: Carro de tabletas | G10: Biblioteca | H10: En reparación | I10: =IF(D10="","",EDATE(D10,E10)) | J10: =IF(D10="","",IF(I10<Parametros!$B$3,"Vencida",IF(I10-Parametros!$B$3<=Parametros!$B$4,"Vence pronto","Vigente"))) | K10: =IF(D10="","",EDATE(D10,VLOOKUP(B10,Parametros!$A$7:$B$12,2,FALSE)*12)) | L10: =IF(D10="","",IF(K10<=Parametros!$B$3,"Sí","No")) | M10: =IF(A10="","",IFERROR(LOOKUP(2,1/(Movimientos!$B$4:$B$300=A10),Movimientos!$D$4:$D$300),"Sin movimientos")) | N10: =IF(A10="","",IFERROR(LOOKUP(2,1/(Movimientos!$B$4:$B$300=A10),Movimientos!$E$4:$E$300),"Sin movimientos")) | O10: =IF(A10="","",IF(AND(F10=M10,G10=N10),"Sí","No")) | P10: =IF(C10="","",IF(COUNTIF($C$4:$C$120,C10)>1,"Sí","No"))
A11: ACT-008 | B11: Proyector | C11: SN-C3001 | D11: 44440 | E11: 24 | F11: Aula 201 | G11: Docente Gómez | H11: Operativo | I11: =IF(D11="","",EDATE(D11,E11)) | J11: =IF(D11="","",IF(I11<Parametros!$B$3,"Vencida",IF(I11-Parametros!$B$3<=Parametros!$B$4,"Vence pronto","Vigente"))) | K11: =IF(D11="","",EDATE(D11,VLOOKUP(B11,Parametros!$A$7:$B$12,2,FALSE)*12)) | L11: =IF(D11="","",IF(K11<=Parametros!$B$3,"Sí","No")) | M11: =IF(A11="","",IFERROR(LOOKUP(2,1/(Movimientos!$B$4:$B$300=A11),Movimientos!$D$4:$D$300),"Sin movimientos")) | N11: =IF(A11="","",IFERROR(LOOKUP(2,1/(Movimientos!$B$4:$B$300=A11),Movimientos!$E$4:$E$300),"Sin movimientos")) | O11: =IF(A11="","",IF(AND(F11=M11,G11=N11),"Sí","No")) | P11: =IF(C11="","",IF(COUNTIF($C$4:$C$120,C11)>1,"Sí","No"))
A12: ACT-009 | B12: Proyector | C12: SN-C3002 | D12: 44440 | E12: 24 | F12: Aula 202 | G12: Docente Rojas | H12: Operativo | I12: =IF(D12="","",EDATE(D12,E12)) | J12: =IF(D12="","",IF(I12<Parametros!$B$3,"Vencida",IF(I12-Parametros!$B$3<=Parametros!$B$4,"Vence pronto","Vigente"))) | K12: =IF(D12="","",EDATE(D12,VLOOKUP(B12,Parametros!$A$7:$B$12,2,FALSE)*12)) | L12: =IF(D12="","",IF(K12<=Parametros!$B$3,"Sí","No")) | M12: =IF(A12="","",IFERROR(LOOKUP(2,1/(Movimientos!$B$4:$B$300=A12),Movimientos!$D$4:$D$300),"Sin movimientos")) | N12: =IF(A12="","",IFERROR(LOOKUP(2,1/(Movimientos!$B$4:$B$300=A12),Movimientos!$E$4:$E$300),"Sin movimientos")) | O12: =IF(A12="","",IF(AND(F12=M12,G12=N12),"Sí","No")) | P12: =IF(C12="","",IF(COUNTIF($C$4:$C$120,C12)>1,"Sí","No"))
A13: ACT-010 | B13: Proyector | C13: SN-C3003 | D13: 45608 | E13: 36 | F13: Aula 203 | G13: Docente Díaz | H13: Operativo | I13: =IF(D13="","",EDATE(D13,E13)) | J13: =IF(D13="","",IF(I13<Parametros!$B$3,"Vencida",IF(I13-Parametros!$B$3<=Parametros!$B$4,"Vence pronto","Vigente"))) | K13: =IF(D13="","",EDATE(D13,VLOOKUP(B13,Parametros!$A$7:$B$12,2,FALSE)*12)) | L13: =IF(D13="","",IF(K13<=Parametros!$B$3,"Sí","No")) | M13: =IF(A13="","",IFERROR(LOOKUP(2,1/(Movimientos!$B$4:$B$300=A13),Movimientos!$D$4:$D$300),"Sin movimientos")) | N13: =IF(A13="","",IFERROR(LOOKUP(2,1/(Movimientos!$B$4:$B$300=A13),Movimientos!$E$4:$E$300),"Sin movimientos")) | O13: =IF(A13="","",IF(AND(F13=M13,G13=N13),"Sí","No")) | P13: =IF(C13="","",IF(COUNTIF($C$4:$C$120,C13)>1,"Sí","No"))
A14: ACT-011 | B14: Punto de acceso | C14: SN-D4001 | D14: 44012 | E14: 24 | F14: Pasillo piso 2 | G14: Sistemas | H14: Operativo | I14: =IF(D14="","",EDATE(D14,E14)) | J14: =IF(D14="","",IF(I14<Parametros!$B$3,"Vencida",IF(I14-Parametros!$B$3<=Parametros!$B$4,"Vence pronto","Vigente"))) | K14: =IF(D14="","",EDATE(D14,VLOOKUP(B14,Parametros!$A$7:$B$12,2,FALSE)*12)) | L14: =IF(D14="","",IF(K14<=Parametros!$B$3,"Sí","No")) | M14: =IF(A14="","",IFERROR(LOOKUP(2,1/(Movimientos!$B$4:$B$300=A14),Movimientos!$D$4:$D$300),"Sin movimientos")) | N14: =IF(A14="","",IFERROR(LOOKUP(2,1/(Movimientos!$B$4:$B$300=A14),Movimientos!$E$4:$E$300),"Sin movimientos")) | O14: =IF(A14="","",IF(AND(F14=M14,G14=N14),"Sí","No")) | P14: =IF(C14="","",IF(COUNTIF($C$4:$C$120,C14)>1,"Sí","No"))
A15: ACT-012 | B15: Punto de acceso | C15: SN-D4002 | D15: 45481 | E15: 36 | F15: Pasillo piso 1 | G15: Sistemas | H15: Operativo | I15: =IF(D15="","",EDATE(D15,E15)) | J15: =IF(D15="","",IF(I15<Parametros!$B$3,"Vencida",IF(I15-Parametros!$B$3<=Parametros!$B$4,"Vence pronto","Vigente"))) | K15: =IF(D15="","",EDATE(D15,VLOOKUP(B15,Parametros!$A$7:$B$12,2,FALSE)*12)) | L15: =IF(D15="","",IF(K15<=Parametros!$B$3,"Sí","No")) | M15: =IF(A15="","",IFERROR(LOOKUP(2,1/(Movimientos!$B$4:$B$300=A15),Movimientos!$D$4:$D$300),"Sin movimientos")) | N15: =IF(A15="","",IFERROR(LOOKUP(2,1/(Movimientos!$B$4:$B$300=A15),Movimientos!$E$4:$E$300),"Sin movimientos")) | O15: =IF(A15="","",IF(AND(F15=M15,G15=N15),"Sí","No")) | P15: =IF(C15="","",IF(COUNTIF($C$4:$C$120,C15)>1,"Sí","No"))
... A23: ACT-020 | B23: Proyector | C23: SN-C3004 | D23: 45814 | E23: 24 | F23: Aula 204 | G23: Docente Vega | H23: Operativo | I23: =IF(D23="","",EDATE(D23,E23)) | J23: =IF(D23="","",IF(I23<Parametros!$B$3,"Vencida",IF(I23-Parametros!$B$3<=Parametros!$B$4,"Vence pronto","Vigente"))) | K23: =IF(D23="","",EDATE(D23,VLOOKUP(B23,Parametros!$A$7:$B$12,2,FALSE)*12)) | L23: =IF(D23="","",IF(K23<=Parametros!$B$3,"Sí","No")) | M23: =IF(A23="","",IFERROR(LOOKUP(2,1/(Movimientos!$B$4:$B$300=A23),Movimientos!$D$4:$D$300),"Sin movimientos")) | N23: =IF(A23="","",IFERROR(LOOKUP(2,1/(Movimientos!$B$4:$B$300=A23),Movimientos!$E$4:$E$300),"Sin movimientos")) | O23: =IF(A23="","",IF(AND(F23=M23,G23=N23),"Sí","No")) | P23: =IF(C23="","",IF(COUNTIF($C$4:$C$120,C23)>1,"Sí","No"))
I24: =IF(D24="","",EDATE(D24,E24)) | J24: =IF(D24="","",IF(I24<Parametros!$B$3,"Vencida",IF(I24-Parametros!$B$3<=Parametros!$B$4,"Vence pronto","Vigente"))) | K24: =IF(D24="","",EDATE(D24,VLOOKUP(B24,Parametros!$A$7:$B$12,2,FALSE)*12)) | L24: =IF(D24="","",IF(K24<=Parametros!$B$3,"Sí","No")) | M24: =IF(A24="","",IFERROR(LOOKUP(2,1/(Movimientos!$B$4:$B$300=A24),Movimientos!$D$4:$D$300),"Sin movimientos")) | N24: =IF(A24="","",IFERROR(LOOKUP(2,1/(Movimientos!$B$4:$B$300=A24),Movimientos!$E$4:$E$300),"Sin movimientos")) | O24: =IF(A24="","",IF(AND(F24=M24,G24=N24),"Sí","No")) | P24: =IF(C24="","",IF(COUNTIF($C$4:$C$120,C24)>1,"Sí","No"))
I25: =IF(D25="","",EDATE(D25,E25)) | J25: =IF(D25="","",IF(I25<Parametros!$B$3,"Vencida",IF(I25-Parametros!$B$3<=Parametros!$B$4,"Vence pronto","Vigente"))) | K25: =IF(D25="","",EDATE(D25,VLOOKUP(B25,Parametros!$A$7:$B$12,2,FALSE)*12)) | L25: =IF(D25="","",IF(K25<=Parametros!$B$3,"Sí","No")) | M25: =IF(A25="","",IFERROR(LOOKUP(2,1/(Movimientos!$B$4:$B$300=A25),Movimientos!$D$4:$D$300),"Sin movimientos")) | N25: =IF(A25="","",IFERROR(LOOKUP(2,1/(Movimientos!$B$4:$B$300=A25),Movimientos!$E$4:$E$300),"Sin movimientos")) | O25: =IF(A25="","",IF(AND(F25=M25,G25=N25),"Sí","No")) | P25: =IF(C25="","",IF(COUNTIF($C$4:$C$120,C25)>1,"Sí","No"))
I26: =IF(D26="","",EDATE(D26,E26)) | J26: =IF(D26="","",IF(I26<Parametros!$B$3,"Vencida",IF(I26-Parametros!$B$3<=Parametros!$B$4,"Vence pronto","Vigente"))) | K26: =IF(D26="","",EDATE(D26,VLOOKUP(B26,Parametros!$A$7:$B$12,2,FALSE)*12)) | L26: =IF(D26="","",IF(K26<=Parametros!$B$3,"Sí","No")) | M26: =IF(A26="","",IFERROR(LOOKUP(2,1/(Movimientos!$B$4:$B$300=A26),Movimientos!$D$4:$D$300),"Sin movimientos")) | N26: =IF(A26="","",IFERROR(LOOKUP(2,1/(Movimientos!$B$4:$B$300=A26),Movimientos!$E$4:$E$300),"Sin movimientos")) | O26: =IF(A26="","",IF(AND(F26=M26,G26=N26),"Sí","No")) | P26: =IF(C26="","",IF(COUNTIF($C$4:$C$120,C26)>1,"Sí","No"))
I27: =IF(D27="","",EDATE(D27,E27)) | J27: =IF(D27="","",IF(I27<Parametros!$B$3,"Vencida",IF(I27-Parametros!$B$3<=Parametros!$B$4,"Vence pronto","Vigente"))) | K27: =IF(D27="","",EDATE(D27,VLOOKUP(B27,Parametros!$A$7:$B$12,2,FALSE)*12)) | L27: =IF(D27="","",IF(K27<=Parametros!$B$3,"Sí","No")) | M27: =IF(A27="","",IFERROR(LOOKUP(2,1/(Movimientos!$B$4:$B$300=A27),Movimientos!$D$4:$D$300),"Sin movimientos")) | N27: =IF(A27="","",IFERROR(LOOKUP(2,1/(Movimientos!$B$4:$B$300=A27),Movimientos!$E$4:$E$300),"Sin movimientos")) | O27: =IF(A27="","",IF(AND(F27=M27,G27=N27),"Sí","No")) | P27: =IF(C27="","",IF(COUNTIF($C$4:$C$120,C27)>1,"Sí","No"))
I28: =IF(D28="","",EDATE(D28,E28)) | J28: =IF(D28="","",IF(I28<Parametros!$B$3,"Vencida",IF(I28-Parametros!$B$3<=Parametros!$B$4,"Vence pronto","Vigente"))) | K28: =IF(D28="","",EDATE(D28,VLOOKUP(B28,Parametros!$A$7:$B$12,2,FALSE)*12)) | L28: =IF(D28="","",IF(K28<=Parametros!$B$3,"Sí","No")) | M28: =IF(A28="","",IFERROR(LOOKUP(2,1/(Movimientos!$B$4:$B$300=A28),Movimientos!$D$4:$D$300),"Sin movimientos")) | N28: =IF(A28="","",IFERROR(LOOKUP(2,1/(Movimientos!$B$4:$B$300=A28),Movimientos!$E$4:$E$300),"Sin movimientos")) | O28: =IF(A28="","",IF(AND(F28=M28,G28=N28),"Sí","No")) | P28: =IF(C28="","",IF(COUNTIF($C$4:$C$120,C28)>1,"Sí","No"))
I29: =IF(D29="","",EDATE(D29,E29)) | J29: =IF(D29="","",IF(I29<Parametros!$B$3,"Vencida",IF(I29-Parametros!$B$3<=Parametros!$B$4,"Vence pronto","Vigente"))) | K29: =IF(D29="","",EDATE(D29,VLOOKUP(B29,Parametros!$A$7:$B$12,2,FALSE)*12)) | L29: =IF(D29="","",IF(K29<=Parametros!$B$3,"Sí","No")) | M29: =IF(A29="","",IFERROR(LOOKUP(2,1/(Movimientos!$B$4:$B$300=A29),Movimientos!$D$4:$D$300),"Sin movimientos")) | N29: =IF(A29="","",IFERROR(LOOKUP(2,1/(Movimientos!$B$4:$B$300=A29),Movimientos!$E$4:$E$300),"Sin movimientos")) | O29: =IF(A29="","",IF(AND(F29=M29,G29=N29),"Sí","No")) | P29: =IF(C29="","",IF(COUNTIF($C$4:$C$120,C29)>1,"Sí","No"))
I30: =IF(D30="","",EDATE(D30,E30)) | J30: =IF(D30="","",IF(I30<Parametros!$B$3,"Vencida",IF(I30-Parametros!$B$3<=Parametros!$B$4,"Vence pronto","Vigente"))) | K30: =IF(D30="","",EDATE(D30,VLOOKUP(B30,Parametros!$A$7:$B$12,2,FALSE)*12)) | L30: =IF(D30="","",IF(K30<=Parametros!$B$3,"Sí","No")) | M30: =IF(A30="","",IFERROR(LOOKUP(2,1/(Movimientos!$B$4:$B$300=A30),Movimientos!$D$4:$D$300),"Sin movimientos")) | N30: =IF(A30="","",IFERROR(LOOKUP(2,1/(Movimientos!$B$4:$B$300=A30),Movimientos!$E$4:$E$300),"Sin movimientos")) | O30: =IF(A30="","",IF(AND(F30=M30,G30=N30),"Sí","No")) | P30: =IF(C30="","",IF(COUNTIF($C$4:$C$120,C30)>1,"Sí","No"))
I31: =IF(D31="","",EDATE(D31,E31)) | J31: =IF(D31="","",IF(I31<Parametros!$B$3,"Vencida",IF(I31-Parametros!$B$3<=Parametros!$B$4,"Vence pronto","Vigente"))) | K31: =IF(D31="","",EDATE(D31,VLOOKUP(B31,Parametros!$A$7:$B$12,2,FALSE)*12)) | L31: =IF(D31="","",IF(K31<=Parametros!$B$3,"Sí","No")) | M31: =IF(A31="","",IFERROR(LOOKUP(2,1/(Movimientos!$B$4:$B$300=A31),Movimientos!$D$4:$D$300),"Sin movimientos")) | N31: =IF(A31="","",IFERROR(LOOKUP(2,1/(Movimientos!$B$4:$B$300=A31),Movimientos!$E$4:$E$300),"Sin movimientos")) | O31: =IF(A31="","",IF(AND(F31=M31,G31=N31),"Sí","No")) | P31: =IF(C31="","",IF(COUNTIF($C$4:$C$120,C31)>1,"Sí","No"))
I32: =IF(D32="","",EDATE(D32,E32)) | J32: =IF(D32="","",IF(I32<Parametros!$B$3,"Vencida",IF(I32-Parametros!$B$3<=Parametros!$B$4,"Vence pronto","Vigente"))) | K32: =IF(D32="","",EDATE(D32,VLOOKUP(B32,Parametros!$A$7:$B$12,2,FALSE)*12)) | L32: =IF(D32="","",IF(K32<=Parametros!$B$3,"Sí","No")) | M32: =IF(A32="","",IFERROR(LOOKUP(2,1/(Movimientos!$B$4:$B$300=A32),Movimientos!$D$4:$D$300),"Sin movimientos")) | N32: =IF(A32="","",IFERROR(LOOKUP(2,1/(Movimientos!$B$4:$B$300=A32),Movimientos!$E$4:$E$300),"Sin movimientos")) | O32: =IF(A32="","",IF(AND(F32=M32,G32=N32),"Sí","No")) | P32: =IF(C32="","",IF(COUNTIF($C$4:$C$120,C32)>1,"Sí","No"))
I33: =IF(D33="","",EDATE(D33,E33)) | J33: =IF(D33="","",IF(I33<Parametros!$B$3,"Vencida",IF(I33-Parametros!$B$3<=Parametros!$B$4,"Vence pronto","Vigente"))) | K33: =IF(D33="","",EDATE(D33,VLOOKUP(B33,Parametros!$A$7:$B$12,2,FALSE)*12)) | L33: =IF(D33="","",IF(K33<=Parametros!$B$3,"Sí","No")) | M33: =IF(A33="","",IFERROR(LOOKUP(2,1/(Movimientos!$B$4:$B$300=A33),Movimientos!$D$4:$D$300),"Sin movimientos")) | N33: =IF(A33="","",IFERROR(LOOKUP(2,1/(Movimientos!$B$4:$B$300=A33),Movimientos!$E$4:$E$300),"Sin movimientos")) | O33: =IF(A33="","",IF(AND(F33=M33,G33=N33),"Sí","No")) | P33: =IF(C33="","",IF(COUNTIF($C$4:$C$120,C33)>1,"Sí","No"))
I34: =IF(D34="","",EDATE(D34,E34)) | J34: =IF(D34="","",IF(I34<Parametros!$B$3,"Vencida",IF(I34-Parametros!$B$3<=Parametros!$B$4,"Vence pronto","Vigente"))) | K34: =IF(D34="","",EDATE(D34,VLOOKUP(B34,Parametros!$A$7:$B$12,2,FALSE)*12)) | L34: =IF(D34="","",IF(K34<=Parametros!$B$3,"Sí","No")) | M34: =IF(A34="","",IFERROR(LOOKUP(2,1/(Movimientos!$B$4:$B$300=A34),Movimientos!$D$4:$D$300),"Sin movimientos")) | N34: =IF(A34="","",IFERROR(LOOKUP(2,1/(Movimientos!$B$4:$B$300=A34),Movimientos!$E$4:$E$300),"Sin movimientos")) | O34: =IF(A34="","",IF(AND(F34=M34,G34=N34),"Sí","No")) | P34: =IF(C34="","",IF(COUNTIF($C$4:$C$120,C34)>1,"Sí","No"))
I35: =IF(D35="","",EDATE(D35,E35)) | J35: =IF(D35="","",IF(I35<Parametros!$B$3,"Vencida",IF(I35-Parametros!$B$3<=Parametros!$B$4,"Vence pronto","Vigente"))) | K35: =IF(D35="","",EDATE(D35,VLOOKUP(B35,Parametros!$A$7:$B$12,2,FALSE)*12)) | L35: =IF(D35="","",IF(K35<=Parametros!$B$3,"Sí","No")) | M35: =IF(A35="","",IFERROR(LOOKUP(2,1/(Movimientos!$B$4:$B$300=A35),Movimientos!$D$4:$D$300),"Sin movimientos")) | N35: =IF(A35="","",IFERROR(LOOKUP(2,1/(Movimientos!$B$4:$B$300=A35),Movimientos!$E$4:$E$300),"Sin movimientos")) | O35: =IF(A35="","",IF(AND(F35=M35,G35=N35),"Sí","No")) | P35: =IF(C35="","",IF(COUNTIF($C$4:$C$120,C35)>1,"Sí","No"))
... I120: =IF(D120="","",EDATE(D120,E120)) | J120: =IF(D120="","",IF(I120<Parametros!$B$3,"Vencida",IF(I120-Parametros!$B$3<=Parametros!$B$4,"Vence pronto","Vigente"))) | K120: =IF(D120="","",EDATE(D120,VLOOKUP(B120,Parametros!$A$7:$B$12,2,FALSE)*12)) | L120: =IF(D120="","",IF(K120<=Parametros!$B$3,"Sí","No")) | M120: =IF(A120="","",IFERROR(LOOKUP(2,1/(Movimientos!$B$4:$B$300=A120),Movimientos!$D$4:$D$300),"Sin movimientos")) | N120: =IF(A120="","",IFERROR(LOOKUP(2,1/(Movimientos!$B$4:$B$300=A120),Movimientos!$E$4:$E$300),"Sin movimientos")) | O120: =IF(A120="","",IF(AND(F120=M120,G120=N120),"Sí","No")) | P120: =IF(C120="","",IF(COUNTIF($C$4:$C$120,C120)>1,"Sí","No"))

Sheet Movimientos
A1: MOVIMIENTOS (cada cambio de ubicación, responsable o estado deja una fila; el último movimiento de cada ID es su situación actual)
A3: Fecha | B3: ID | C3: Tipo de movimiento | D3: Ubicación destino | E3: Responsable | F3: Observación
A4: 44012 | B4: ACT-011 | C4: Entrada | D4: Pasillo piso 2 | E4: Sistemas
A5: 44118 | B5: ACT-015 | C5: Entrada | D5: Sala de sistemas | E5: Sistemas
A6: 44118 | B6: ACT-016 | C6: Entrada | D6: Sala de sistemas | E6: Sistemas
A7: 44118 | B7: ACT-017 | C7: Entrada | D7: Sala de sistemas | E7: Sistemas
A8: 44440 | B8: ACT-008 | C8: Entrada | D8: Aula 201 | E8: Docente Gómez
A9: 44440 | B9: ACT-009 | C9: Entrada | D9: Aula 202 | E9: Docente Rojas
A10: 44578 | B10: ACT-013 | C10: Entrada | D10: Secretaría | E10: Secretaría
A11: 44602 | B11: ACT-001 | C11: Entrada | D11: Sala de profesores | E11: Coordinación
A12: 44602 | B12: ACT-002 | C12: Entrada | D12: Sala de profesores | E12: Coordinación
A13: 45066 | B13: ACT-005 | C13: Entrada | D13: Carro de tabletas | E13: Biblioteca
A14: 45066 | B14: ACT-006 | C14: Entrada | D14: Carro de tabletas | E14: Biblioteca
A15: 45066 | B15: ACT-007 | C15: Entrada | D15: Carro de tabletas | E15: Biblioteca
... A31: 46366 | B31: ACT-017 | C31: Baja | D31: Bodega de bajas | E31: Sistemas
