Workbook

Sheet Resumen
A1: SIETE ERRORES AL CALCULAR PROMEDIOS EN EXCEL (datos ficticios; cada hoja E1 a E7 muestra el error, su efecto y la corrección)
A3: # | B3: Error | C3: Resultado con el error | D3: Resultado correcto | E3: Diferencia | F3: Cómo se corrige
A4: 1 | B4: Promediar promedios de grupos de distinto tamaño | C4: =E1_promedio_de_promedios!B8 | D4: =E1_promedio_de_promedios!B9 | E4: =C4-D4 | F4: Ponderar por el número de estudiantes de cada grupo
A5: 2 | B5: Contar como cero una nota pendiente | C5: =E2_cero_vs_vacia!B9 | D5: =E2_cero_vs_vacia!B10 | E5: =C5-D5 | F5: Dejar la celda vacía (o usar un marcador) y decidir con el SIEE cómo tratar lo no presentado
A6: 3 | B6: Notas guardadas como texto | C6: =E3_notas_como_texto!B8 | D6: =E3_notas_como_texto!B9 | E6: =C6-D6 | F6: Convertir el texto en números y validar que solo se acepten números
A7: 4 | B7: Rango que no incluye la nota nueva | C7: =E4_rango_incompleto!B10 | D7: =E4_rango_incompleto!B11 | E7: =C7-D7 | F7: Usar una tabla de Excel o un rango que crezca con los datos
A8: 5 | B8: Redondeo que solo se ve | C8: =E5_redondeo!B8 | D8: =E5_redondeo!B9 | E8: =C8-D8 | F8: Aplicar la regla de redondeo del SIEE con REDONDEAR antes de decidir
A9: 6 | B9: Pesos que no suman 100 % | C9: =E6_pesos!B9 | D9: =E6_pesos!B10 | E9: =C9-D9 | F9: Dividir entre la suma de pesos y validar que sumen 100 %
A10: 7 | B10: Referencia relativa al copiar la fórmula | C10: =E7_referencia_relativa!B14 | D10: =E7_referencia_relativa!B15 | E10: =C10-D10 | F10: Anclar la celda del peso con $E$1
A12: Escala usada en los ejemplos: 1,0 a 5,0. Las reglas de redondeo y de tratamiento de notas pendientes las define el SIEE de cada institución.

Sheet E1_promedio_de_promedios
A1: ERROR 1: PROMEDIAR PROMEDIOS DE GRUPOS DE DISTINTO TAMAÑO
A3: Grupo A: estudiantes | B3: 10
A4: Grupo A: promedio | B4: 4
A5: Grupo B: estudiantes | B5: 30
A6: Grupo B: promedio | B6: 3
A8: Con el error: promedio de los dos promedios | B8: =AVERAGE(B4,B6) | C8: Trata a los dos grupos como si pesaran lo mismo
A9: Correcto: promedio ponderado por estudiantes | B9: =(B3*B4+B5*B6)/(B3+B5) | C9: Cada estudiante pesa lo mismo

Sheet E2_cero_vs_vacia
A1: ERROR 2: UNA NOTA PENDIENTE ESCRITA COMO CERO
A3: Taller 1 | B3: 4
A4: Taller 2 | B4: 3.5
A5: Taller 3 (pendiente: se escribió 0) | B5: 0
A6: Taller 4 | B6: 4.5
A7: Taller 5 | B7: 4
A9: Con el error: promedio con el 0 | B9: =AVERAGE(B3:B7) | C9: El 0 baja el promedio como si el estudiante hubiera sacado cero
A10: Si el pendiente se deja vacío | B10: =AVERAGE(B3:B4,B6:B7) | C10: PROMEDIO ignora las celdas vacías; la decisión de cómo tratar un trabajo no presentado la define el SIEE

Sheet E3_notas_como_texto
A1: ERROR 3: NOTAS GUARDADAS COMO TEXTO
A3: Nota 1 | B3: 4
A4: Nota 2 (texto "3,5") | B4: 3,5
A5: Nota 3 | B5: 4.5
A6: Nota 4 (texto "4,0") | B6: 4,0
A8: Con el error: PROMEDIO ignora el texto | B8: =AVERAGE(B3:B6) | C8: Solo promedia 4,0 y 4,5: ignora dos notas
A9: Correcto: convertir el texto en número | B9: =SUMPRODUCT(VALUE(B3:B6))/COUNTA(B3:B6) | C9: VALUE depende de la configuración regional (ver el artículo de compatibilidad); lo mejor es corregir el dato

Sheet E4_rango_incompleto
A1: ERROR 4: EL RANGO NO INCLUYE LA NOTA NUEVA
A3: Nota 1 | B3: 3
A4: Nota 2 | B4: 4
A5: Nota 3 | B5: 5
A6: Nota 4 | B6: 2
A7: Nota 5 | B7: 3
A8: Nota 6 (agregada después) | B8: 5
A10: Con el error: =PROMEDIO(B3:B7) | B10: =AVERAGE(B3:B7) | C10: La fórmula se escribió cuando había cinco notas
A11: Correcto: =PROMEDIO(B3:B8) (o una tabla de Excel) | B11: =AVERAGE(B3:B8) | C11: Una tabla de Excel amplía el rango sola

Sheet E5_redondeo
A1: ERROR 5: EL REDONDEO QUE SOLO SE VE
A3: Componente 1 (50 %) | B3: 3
A4: Componente 2 (50 %) | B4: 2.9
A5: Definitiva calculada (sin redondear) | B5: =B3*0.5+B4*0.5 | C5: Se ve 3,0 porque el formato muestra un decimal, pero vale 2,95
A6: Valor almacenado | B6: =B5
A8: Con el error: nota que se compara (2,95) | B8: =B6 | C8: Una fórmula que compare con 3,0 da "No aprueba", aunque la celda se vea como 3,0
A9: Correcto: aplicar la regla del SIEE con REDONDEAR(B5;1) | B9: =ROUND(B5,1) | C9: Si el SIEE redondea a un decimal, la nota es 3,0 y se compara con 3,0
A11: Decisión con el valor almacenado | B11: =IF(B5>=3,"Aprueba","No aprueba")
A12: Decisión con el valor redondeado | B12: =IF(ROUND(B5,1)>=3,"Aprueba","No aprueba")

Sheet E6_pesos
A1: ERROR 6: LOS PESOS NO SUMAN 100 %
A2: Componente | B2: Nota | C2: Peso
A3: Parcial | B3: 4 | C3: 0.3
A4: Taller | B4: 3 | C4: 0.3
A5: Proyecto | B5: 5 | C5: 0.3
A6: Suma de pesos | B6: =SUM(C3:C5) | C6: Debería ser 100 %
A9: Con el error: SUMAPRODUCTO sin normalizar | B9: =SUMPRODUCT(B3:B5,C3:C5) | C9: Con pesos de 90 % la nota queda por debajo de lo que corresponde
A10: Correcto: dividir entre la suma de pesos | B10: =SUMPRODUCT(B3:B5,C3:C5)/SUM(C3:C5) | C10: Mejor aún: validar que los pesos sumen 100 % y arreglarlos

Sheet E7_referencia_relativa
A1: ERROR 7: LA REFERENCIA RELATIVA AL COPIAR LA FÓRMULA | E1: Peso:
A2: Estudiante | B2: Nota | C2: Con el error (E2, E3, E4…) | D2: Correcto (anclada $E$2) | E2: 0.4
A3: Ana | B3: 4 | C3: =B3*E2 | D3: =B3*$E$2
A4: Beto | B4: 3 | C4: =B4*E3 | D4: =B4*$E$2
A5: Caro | B5: 5 | C5: =B5*E4 | D5: =B5*$E$2
A6: Dani | B6: 2 | C6: =B6*E5 | D6: =B6*$E$2
A14: Suma con el error | B14: =SUM(C3:C6) | C14: Solo la primera fila usa el peso; las demás multiplican por celdas vacías
A15: Suma correcta | B15: =SUM(D3:D6) | C15: El peso de $E$2 se usa en todas las filas
