Workbook

Sheet Datos
A1: VENTAS MENSUALES DE UNIFORMES (datos ficticios generados con tendencia, estacionalidad y ruido)
A3: Mes | B3: Unidades vendidas | C3: Periodo | E3: Entrenamiento: filas 4 a 27 (2022-2023). Prueba: filas 28 a 39 (2024).
A4: 44562 | B4: 131 | C4: Entrenamiento
A5: 44593 | B5: 127 | C5: Entrenamiento
A6: 44621 | B6: 103 | C6: Entrenamiento
A7: 44652 | B7: 98 | C7: Entrenamiento
A8: 44682 | B8: 86 | C8: Entrenamiento
A9: 44713 | B9: 94 | C9: Entrenamiento
A10: 44743 | B10: 126 | C10: Entrenamiento
A11: 44774 | B11: 106 | C11: Entrenamiento
A12: 44805 | B12: 104 | C12: Entrenamiento
A13: 44835 | B13: 108 | C13: Entrenamiento
A14: 44866 | B14: 117 | C14: Entrenamiento
A15: 44896 | B15: 131 | C15: Entrenamiento
... A39: 45627 | B39: 170 | C39: Prueba

Sheet Pronostico
A1: PRUEBA RETROSPECTIVA: pronosticar 2024 usando solo 2022-2023 y comparar con lo real
A3: Mes | B3: Real | C3: Ingenuo estacional (mismo mes del año anterior) | D3: Tendencia lineal (FORECAST.LINEAR) | E3: ETS indicando estacionalidad de 12 meses | F3: ETS con estacionalidad automática | G3: Error % ingenuo | H3: Error % lineal | I3: Error % ETS 12 | J3: Error % ETS automático
A4: =Datos!A28 | B4: =Datos!B28 | C4: =Datos!B16 | D4: =_xlfn.FORECAST.LINEAR(Datos!A28,Datos!$B$4:$B$27,Datos!$A$4:$A$27) | E4: =_xlfn.FORECAST.ETS(Datos!A28,Datos!$B$4:$B$27,Datos!$A$4:$A$27,12) | F4: =_xlfn.FORECAST.ETS(Datos!A28,Datos!$B$4:$B$27,Datos!$A$4:$A$27) | G4: =ABS($B4-C4)/$B4 | H4: =ABS($B4-D4)/$B4 | I4: =ABS($B4-E4)/$B4 | J4: =ABS($B4-F4)/$B4
A5: =Datos!A29 | B5: =Datos!B29 | C5: =Datos!B17 | D5: =_xlfn.FORECAST.LINEAR(Datos!A29,Datos!$B$4:$B$27,Datos!$A$4:$A$27) | E5: =_xlfn.FORECAST.ETS(Datos!A29,Datos!$B$4:$B$27,Datos!$A$4:$A$27,12) | F5: =_xlfn.FORECAST.ETS(Datos!A29,Datos!$B$4:$B$27,Datos!$A$4:$A$27) | G5: =ABS($B5-C5)/$B5 | H5: =ABS($B5-D5)/$B5 | I5: =ABS($B5-E5)/$B5 | J5: =ABS($B5-F5)/$B5
A6: =Datos!A30 | B6: =Datos!B30 | C6: =Datos!B18 | D6: =_xlfn.FORECAST.LINEAR(Datos!A30,Datos!$B$4:$B$27,Datos!$A$4:$A$27) | E6: =_xlfn.FORECAST.ETS(Datos!A30,Datos!$B$4:$B$27,Datos!$A$4:$A$27,12) | F6: =_xlfn.FORECAST.ETS(Datos!A30,Datos!$B$4:$B$27,Datos!$A$4:$A$27) | G6: =ABS($B6-C6)/$B6 | H6: =ABS($B6-D6)/$B6 | I6: =ABS($B6-E6)/$B6 | J6: =ABS($B6-F6)/$B6
A7: =Datos!A31 | B7: =Datos!B31 | C7: =Datos!B19 | D7: =_xlfn.FORECAST.LINEAR(Datos!A31,Datos!$B$4:$B$27,Datos!$A$4:$A$27) | E7: =_xlfn.FORECAST.ETS(Datos!A31,Datos!$B$4:$B$27,Datos!$A$4:$A$27,12) | F7: =_xlfn.FORECAST.ETS(Datos!A31,Datos!$B$4:$B$27,Datos!$A$4:$A$27) | G7: =ABS($B7-C7)/$B7 | H7: =ABS($B7-D7)/$B7 | I7: =ABS($B7-E7)/$B7 | J7: =ABS($B7-F7)/$B7
A8: =Datos!A32 | B8: =Datos!B32 | C8: =Datos!B20 | D8: =_xlfn.FORECAST.LINEAR(Datos!A32,Datos!$B$4:$B$27,Datos!$A$4:$A$27) | E8: =_xlfn.FORECAST.ETS(Datos!A32,Datos!$B$4:$B$27,Datos!$A$4:$A$27,12) | F8: =_xlfn.FORECAST.ETS(Datos!A32,Datos!$B$4:$B$27,Datos!$A$4:$A$27) | G8: =ABS($B8-C8)/$B8 | H8: =ABS($B8-D8)/$B8 | I8: =ABS($B8-E8)/$B8 | J8: =ABS($B8-F8)/$B8
A9: =Datos!A33 | B9: =Datos!B33 | C9: =Datos!B21 | D9: =_xlfn.FORECAST.LINEAR(Datos!A33,Datos!$B$4:$B$27,Datos!$A$4:$A$27) | E9: =_xlfn.FORECAST.ETS(Datos!A33,Datos!$B$4:$B$27,Datos!$A$4:$A$27,12) | F9: =_xlfn.FORECAST.ETS(Datos!A33,Datos!$B$4:$B$27,Datos!$A$4:$A$27) | G9: =ABS($B9-C9)/$B9 | H9: =ABS($B9-D9)/$B9 | I9: =ABS($B9-E9)/$B9 | J9: =ABS($B9-F9)/$B9
A10: =Datos!A34 | B10: =Datos!B34 | C10: =Datos!B22 | D10: =_xlfn.FORECAST.LINEAR(Datos!A34,Datos!$B$4:$B$27,Datos!$A$4:$A$27) | E10: =_xlfn.FORECAST.ETS(Datos!A34,Datos!$B$4:$B$27,Datos!$A$4:$A$27,12) | F10: =_xlfn.FORECAST.ETS(Datos!A34,Datos!$B$4:$B$27,Datos!$A$4:$A$27) | G10: =ABS($B10-C10)/$B10 | H10: =ABS($B10-D10)/$B10 | I10: =ABS($B10-E10)/$B10 | J10: =ABS($B10-F10)/$B10
A11: =Datos!A35 | B11: =Datos!B35 | C11: =Datos!B23 | D11: =_xlfn.FORECAST.LINEAR(Datos!A35,Datos!$B$4:$B$27,Datos!$A$4:$A$27) | E11: =_xlfn.FORECAST.ETS(Datos!A35,Datos!$B$4:$B$27,Datos!$A$4:$A$27,12) | F11: =_xlfn.FORECAST.ETS(Datos!A35,Datos!$B$4:$B$27,Datos!$A$4:$A$27) | G11: =ABS($B11-C11)/$B11 | H11: =ABS($B11-D11)/$B11 | I11: =ABS($B11-E11)/$B11 | J11: =ABS($B11-F11)/$B11
A12: =Datos!A36 | B12: =Datos!B36 | C12: =Datos!B24 | D12: =_xlfn.FORECAST.LINEAR(Datos!A36,Datos!$B$4:$B$27,Datos!$A$4:$A$27) | E12: =_xlfn.FORECAST.ETS(Datos!A36,Datos!$B$4:$B$27,Datos!$A$4:$A$27,12) | F12: =_xlfn.FORECAST.ETS(Datos!A36,Datos!$B$4:$B$27,Datos!$A$4:$A$27) | G12: =ABS($B12-C12)/$B12 | H12: =ABS($B12-D12)/$B12 | I12: =ABS($B12-E12)/$B12 | J12: =ABS($B12-F12)/$B12
A13: =Datos!A37 | B13: =Datos!B37 | C13: =Datos!B25 | D13: =_xlfn.FORECAST.LINEAR(Datos!A37,Datos!$B$4:$B$27,Datos!$A$4:$A$27) | E13: =_xlfn.FORECAST.ETS(Datos!A37,Datos!$B$4:$B$27,Datos!$A$4:$A$27,12) | F13: =_xlfn.FORECAST.ETS(Datos!A37,Datos!$B$4:$B$27,Datos!$A$4:$A$27) | G13: =ABS($B13-C13)/$B13 | H13: =ABS($B13-D13)/$B13 | I13: =ABS($B13-E13)/$B13 | J13: =ABS($B13-F13)/$B13
A14: =Datos!A38 | B14: =Datos!B38 | C14: =Datos!B26 | D14: =_xlfn.FORECAST.LINEAR(Datos!A38,Datos!$B$4:$B$27,Datos!$A$4:$A$27) | E14: =_xlfn.FORECAST.ETS(Datos!A38,Datos!$B$4:$B$27,Datos!$A$4:$A$27,12) | F14: =_xlfn.FORECAST.ETS(Datos!A38,Datos!$B$4:$B$27,Datos!$A$4:$A$27) | G14: =ABS($B14-C14)/$B14 | H14: =ABS($B14-D14)/$B14 | I14: =ABS($B14-E14)/$B14 | J14: =ABS($B14-F14)/$B14
A15: =Datos!A39 | B15: =Datos!B39 | C15: =Datos!B27 | D15: =_xlfn.FORECAST.LINEAR(Datos!A39,Datos!$B$4:$B$27,Datos!$A$4:$A$27) | E15: =_xlfn.FORECAST.ETS(Datos!A39,Datos!$B$4:$B$27,Datos!$A$4:$A$27,12) | F15: =_xlfn.FORECAST.ETS(Datos!A39,Datos!$B$4:$B$27,Datos!$A$4:$A$27) | G15: =ABS($B15-C15)/$B15 | H15: =ABS($B15-D15)/$B15 | I15: =ABS($B15-E15)/$B15 | J15: =ABS($B15-F15)/$B15
A17: Error porcentual absoluto medio (MAPE) | G17: =AVERAGE(G4:G15) | H17: =AVERAGE(H4:H15) | I17: =AVERAGE(I4:I15) | J17: =AVERAGE(J4:J15)
A18: Mejor método en esta prueba | G18: =INDEX({"Ingenuo estacional","Tendencia lineal","ETS 12 meses","ETS automático"},MATCH(MIN(G17:J17),G17:J17,0))
A20: Estacionalidad detectada por Excel (meses por ciclo) | G20: =_xlfn.FORECAST.ETS.SEASONALITY(Datos!$B$4:$B$27,Datos!$A$4:$A$27)

Sheet Ejercicios
A1: EJERCICIOS (resuélvelos antes de mirar la hoja Soluciones)
A3: 1 | B3: Mira la hoja Datos y construye un gráfico de líneas. ¿Qué tendencia y qué estacionalidad ves? ¿En qué meses se vende más y por qué crees que ocurre?
A4: 2 | B4: Calcula el promedio de ventas de cada mes del año (enero con enero, etc.). ¿Qué índice estacional resulta (promedio del mes / promedio general)?
A5: 3 | B5: Pronostica enero de 2025 con FORECAST.ETS usando los 36 meses. ¿Cuánto da? ¿Qué intervalo de confianza entrega FORECAST.ETS.CONFINT?
A6: 4 | B6: En la hoja Pronostico, ¿qué método tuvo el menor MAPE? Cambia el método ingenuo para que sea «el mes del año anterior más el crecimiento promedio» y compara.
A7: 5 | B7: Cambia los datos de 2024 para simular un choque (por ejemplo, una caída del 40 % en abril por cierre del colegio). ¿Cómo cambia el error de cada método? ¿Qué enseña eso sobre los pronósticos?

Sheet Soluciones
A1: SOLUCIONES
A3: Ejercicio 2: índice estacional por mes
A4: Mes | B4: Promedio del mes (2022-2024) | C4: Índice (promedio del mes / promedio general)
A5: Ene | B5: =AVERAGE(Datos!B4,Datos!B16,Datos!B28) | C5: =B5/AVERAGE(Datos!$B$4:$B$39)
A6: Feb | B6: =AVERAGE(Datos!B5,Datos!B17,Datos!B29) | C6: =B6/AVERAGE(Datos!$B$4:$B$39)
A7: Mar | B7: =AVERAGE(Datos!B6,Datos!B18,Datos!B30) | C7: =B7/AVERAGE(Datos!$B$4:$B$39)
A8: Abr | B8: =AVERAGE(Datos!B7,Datos!B19,Datos!B31) | C8: =B8/AVERAGE(Datos!$B$4:$B$39)
A9: May | B9: =AVERAGE(Datos!B8,Datos!B20,Datos!B32) | C9: =B9/AVERAGE(Datos!$B$4:$B$39)
A10: Jun | B10: =AVERAGE(Datos!B9,Datos!B21,Datos!B33) | C10: =B10/AVERAGE(Datos!$B$4:$B$39)
A11: Jul | B11: =AVERAGE(Datos!B10,Datos!B22,Datos!B34) | C11: =B11/AVERAGE(Datos!$B$4:$B$39)
A12: Ago | B12: =AVERAGE(Datos!B11,Datos!B23,Datos!B35) | C12: =B12/AVERAGE(Datos!$B$4:$B$39)
A13: Sep | B13: =AVERAGE(Datos!B12,Datos!B24,Datos!B36) | C13: =B13/AVERAGE(Datos!$B$4:$B$39)
A14: Oct | B14: =AVERAGE(Datos!B13,Datos!B25,Datos!B37) | C14: =B14/AVERAGE(Datos!$B$4:$B$39)
A15: Nov | B15: =AVERAGE(Datos!B14,Datos!B26,Datos!B38) | C15: =B15/AVERAGE(Datos!$B$4:$B$39)
A16: Dic | B16: =AVERAGE(Datos!B15,Datos!B27,Datos!B39) | C16: =B16/AVERAGE(Datos!$B$4:$B$39)
A19: Ejercicio 3: pronóstico de enero de 2025 con los 36 meses
A20: Fecha objetivo | B20: 45658
A21: Pronóstico ETS | B21: =_xlfn.FORECAST.ETS(B20,Datos!$B$4:$B$39,Datos!$A$4:$A$39,12)
A22: Margen del intervalo de confianza (95 %) | B22: =_xlfn.FORECAST.ETS.CONFINT(B20,Datos!$B$4:$B$39,Datos!$A$4:$A$39,0.95,12)
A23: Intervalo (inferior, superior) | B23: =TEXT(B21-B22,"0")&" a "&TEXT(B21+B22,"0")
A25: Ejercicios 1, 4 y 5: la respuesta depende de tu análisis; la hoja Pronostico permite comparar. Un pronóstico no es una promesa: el intervalo de confianza muestra la incertidumbre.
