Workbook

Sheet Clasificador
A1: CLASIFICADOR DE SITUACIONES DE CONVIVENCIA (herramienta de formación con casos ficticios; no sustituye al Comité Escolar de Convivencia)
A2: Responde Sí o No para cada caso. La clasificación sigue el Decreto 1075 de 2015, art. 2.3.5.4.2.6 (Decreto 1965 de 2013, art. 40); una situación real exige el análisis del comité, del manual de convivencia y, cuando corresponda, de las autoridades competentes. No escribas nombres reales.
A4: Caso (ficticio) | B4: A. Hay incompatibilidad de intereses | C4: B. Hay una acción que busca afectar a otro (agresión) | D4: C. Se repite o es sistemática | E4: D. Hay daño al cuerpo o a la salud | F4: E. El daño genera incapacidad | G4: F. Puede ser un delito (por ejemplo, contra la integridad sexual) | H4: G. Incumple una norma del manual sin afectar a otro | I4: H. El conflicto escaló a altercado o riña | J4: Clasificación orientativa | K4: Primer paso del protocolo (resumen)
A5: Empujón en la fila por el turno, una sola vez, sin lesión | B5: Sí | C5: Sí | D5: No | E5: No | F5: No | G5: No | H5: No | I5: Sí | J5: =IF(A5="","",IF(OR(G5="Sí",F5="Sí"),"Tipo III",IF(AND(C5="Sí",OR(D5="Sí",E5="Sí")),"Tipo II",IF(OR(C5="Sí",AND(B5="Sí",I5="Sí")),"Tipo I",IF(B5="Sí","Conflicto: mediar",IF(H5="Sí","Falta del manual","Sin clasificar")))))) | K5: =IF(J5="","",IFERROR(VLOOKUP(J5,Rutas!$A$4:$B$9,2,FALSE),""))
A6: Apodos ofensivos a un compañero durante varias semanas | B6: No | C6: Sí | D6: Sí | E6: No | F6: No | G6: No | H6: No | I6: No | J6: =IF(A6="","",IF(OR(G6="Sí",F6="Sí"),"Tipo III",IF(AND(C6="Sí",OR(D6="Sí",E6="Sí")),"Tipo II",IF(OR(C6="Sí",AND(B6="Sí",I6="Sí")),"Tipo I",IF(B6="Sí","Conflicto: mediar",IF(H6="Sí","Falta del manual","Sin clasificar")))))) | K6: =IF(J6="","",IFERROR(VLOOKUP(J6,Rutas!$A$4:$B$9,2,FALSE),""))
A7: Pelea a golpes con la nariz sangrando, una sola vez, sin incapacidad | B7: Sí | C7: Sí | D7: No | E7: Sí | F7: No | G7: No | H7: No | I7: Sí | J7: =IF(A7="","",IF(OR(G7="Sí",F7="Sí"),"Tipo III",IF(AND(C7="Sí",OR(D7="Sí",E7="Sí")),"Tipo II",IF(OR(C7="Sí",AND(B7="Sí",I7="Sí")),"Tipo I",IF(B7="Sí","Conflicto: mediar",IF(H7="Sí","Falta del manual","Sin clasificar")))))) | K7: =IF(J7="","",IFERROR(VLOOKUP(J7,Rutas!$A$4:$B$9,2,FALSE),""))
A8: Pelea con una fractura que genera incapacidad | B8: Sí | C8: Sí | D8: No | E8: Sí | F8: Sí | G8: No | H8: No | I8: Sí | J8: =IF(A8="","",IF(OR(G8="Sí",F8="Sí"),"Tipo III",IF(AND(C8="Sí",OR(D8="Sí",E8="Sí")),"Tipo II",IF(OR(C8="Sí",AND(B8="Sí",I8="Sí")),"Tipo I",IF(B8="Sí","Conflicto: mediar",IF(H8="Sí","Falta del manual","Sin clasificar")))))) | K8: =IF(J8="","",IFERROR(VLOOKUP(J8,Rutas!$A$4:$B$9,2,FALSE),""))
A9: Difusión de fotos íntimas de una compañera por internet | B9: No | C9: Sí | D9: No | E9: No | F9: No | G9: Sí | H9: No | I9: No | J9: =IF(A9="","",IF(OR(G9="Sí",F9="Sí"),"Tipo III",IF(AND(C9="Sí",OR(D9="Sí",E9="Sí")),"Tipo II",IF(OR(C9="Sí",AND(B9="Sí",I9="Sí")),"Tipo I",IF(B9="Sí","Conflicto: mediar",IF(H9="Sí","Falta del manual","Sin clasificar")))))) | K9: =IF(J9="","",IFERROR(VLOOKUP(J9,Rutas!$A$4:$B$9,2,FALSE),""))
A10: Llegadas tarde reiteradas y uso del celular en clase | B10: No | C10: No | D10: Sí | E10: No | F10: No | G10: No | H10: Sí | I10: No | J10: =IF(A10="","",IF(OR(G10="Sí",F10="Sí"),"Tipo III",IF(AND(C10="Sí",OR(D10="Sí",E10="Sí")),"Tipo II",IF(OR(C10="Sí",AND(B10="Sí",I10="Sí")),"Tipo I",IF(B10="Sí","Conflicto: mediar",IF(H10="Sí","Falta del manual","Sin clasificar")))))) | K10: =IF(J10="","",IFERROR(VLOOKUP(J10,Rutas!$A$4:$B$9,2,FALSE),""))
A11: Desacuerdo por el reparto de tareas en un trabajo en grupo | B11: Sí | C11: No | D11: No | E11: No | F11: No | G11: No | H11: No | I11: No | J11: =IF(A11="","",IF(OR(G11="Sí",F11="Sí"),"Tipo III",IF(AND(C11="Sí",OR(D11="Sí",E11="Sí")),"Tipo II",IF(OR(C11="Sí",AND(B11="Sí",I11="Sí")),"Tipo I",IF(B11="Sí","Conflicto: mediar",IF(H11="Sí","Falta del manual","Sin clasificar")))))) | K11: =IF(J11="","",IFERROR(VLOOKUP(J11,Rutas!$A$4:$B$9,2,FALSE),""))
A12: Amenazas repetidas por un chat de grupo | B12: No | C12: Sí | D12: Sí | E12: No | F12: No | G12: No | H12: No | I12: No | J12: =IF(A12="","",IF(OR(G12="Sí",F12="Sí"),"Tipo III",IF(AND(C12="Sí",OR(D12="Sí",E12="Sí")),"Tipo II",IF(OR(C12="Sí",AND(B12="Sí",I12="Sí")),"Tipo I",IF(B12="Sí","Conflicto: mediar",IF(H12="Sí","Falta del manual","Sin clasificar")))))) | K12: =IF(J12="","",IFERROR(VLOOKUP(J12,Rutas!$A$4:$B$9,2,FALSE),""))
J13: =IF(A13="","",IF(OR(G13="Sí",F13="Sí"),"Tipo III",IF(AND(C13="Sí",OR(D13="Sí",E13="Sí")),"Tipo II",IF(OR(C13="Sí",AND(B13="Sí",I13="Sí")),"Tipo I",IF(B13="Sí","Conflicto: mediar",IF(H13="Sí","Falta del manual","Sin clasificar")))))) | K13: =IF(J13="","",IFERROR(VLOOKUP(J13,Rutas!$A$4:$B$9,2,FALSE),""))
J14: =IF(A14="","",IF(OR(G14="Sí",F14="Sí"),"Tipo III",IF(AND(C14="Sí",OR(D14="Sí",E14="Sí")),"Tipo II",IF(OR(C14="Sí",AND(B14="Sí",I14="Sí")),"Tipo I",IF(B14="Sí","Conflicto: mediar",IF(H14="Sí","Falta del manual","Sin clasificar")))))) | K14: =IF(J14="","",IFERROR(VLOOKUP(J14,Rutas!$A$4:$B$9,2,FALSE),""))
J15: =IF(A15="","",IF(OR(G15="Sí",F15="Sí"),"Tipo III",IF(AND(C15="Sí",OR(D15="Sí",E15="Sí")),"Tipo II",IF(OR(C15="Sí",AND(B15="Sí",I15="Sí")),"Tipo I",IF(B15="Sí","Conflicto: mediar",IF(H15="Sí","Falta del manual","Sin clasificar")))))) | K15: =IF(J15="","",IFERROR(VLOOKUP(J15,Rutas!$A$4:$B$9,2,FALSE),""))
J16: =IF(A16="","",IF(OR(G16="Sí",F16="Sí"),"Tipo III",IF(AND(C16="Sí",OR(D16="Sí",E16="Sí")),"Tipo II",IF(OR(C16="Sí",AND(B16="Sí",I16="Sí")),"Tipo I",IF(B16="Sí","Conflicto: mediar",IF(H16="Sí","Falta del manual","Sin clasificar")))))) | K16: =IF(J16="","",IFERROR(VLOOKUP(J16,Rutas!$A$4:$B$9,2,FALSE),""))
J17: =IF(A17="","",IF(OR(G17="Sí",F17="Sí"),"Tipo III",IF(AND(C17="Sí",OR(D17="Sí",E17="Sí")),"Tipo II",IF(OR(C17="Sí",AND(B17="Sí",I17="Sí")),"Tipo I",IF(B17="Sí","Conflicto: mediar",IF(H17="Sí","Falta del manual","Sin clasificar")))))) | K17: =IF(J17="","",IFERROR(VLOOKUP(J17,Rutas!$A$4:$B$9,2,FALSE),""))
J18: =IF(A18="","",IF(OR(G18="Sí",F18="Sí"),"Tipo III",IF(AND(C18="Sí",OR(D18="Sí",E18="Sí")),"Tipo II",IF(OR(C18="Sí",AND(B18="Sí",I18="Sí")),"Tipo I",IF(B18="Sí","Conflicto: mediar",IF(H18="Sí","Falta del manual","Sin clasificar")))))) | K18: =IF(J18="","",IFERROR(VLOOKUP(J18,Rutas!$A$4:$B$9,2,FALSE),""))
J19: =IF(A19="","",IF(OR(G19="Sí",F19="Sí"),"Tipo III",IF(AND(C19="Sí",OR(D19="Sí",E19="Sí")),"Tipo II",IF(OR(C19="Sí",AND(B19="Sí",I19="Sí")),"Tipo I",IF(B19="Sí","Conflicto: mediar",IF(H19="Sí","Falta del manual","Sin clasificar")))))) | K19: =IF(J19="","",IFERROR(VLOOKUP(J19,Rutas!$A$4:$B$9,2,FALSE),""))
J20: =IF(A20="","",IF(OR(G20="Sí",F20="Sí"),"Tipo III",IF(AND(C20="Sí",OR(D20="Sí",E20="Sí")),"Tipo II",IF(OR(C20="Sí",AND(B20="Sí",I20="Sí")),"Tipo I",IF(B20="Sí","Conflicto: mediar",IF(H20="Sí","Falta del manual","Sin clasificar")))))) | K20: =IF(J20="","",IFERROR(VLOOKUP(J20,Rutas!$A$4:$B$9,2,FALSE),""))
J21: =IF(A21="","",IF(OR(G21="Sí",F21="Sí"),"Tipo III",IF(AND(C21="Sí",OR(D21="Sí",E21="Sí")),"Tipo II",IF(OR(C21="Sí",AND(B21="Sí",I21="Sí")),"Tipo I",IF(B21="Sí","Conflicto: mediar",IF(H21="Sí","Falta del manual","Sin clasificar")))))) | K21: =IF(J21="","",IFERROR(VLOOKUP(J21,Rutas!$A$4:$B$9,2,FALSE),""))
J22: =IF(A22="","",IF(OR(G22="Sí",F22="Sí"),"Tipo III",IF(AND(C22="Sí",OR(D22="Sí",E22="Sí")),"Tipo II",IF(OR(C22="Sí",AND(B22="Sí",I22="Sí")),"Tipo I",IF(B22="Sí","Conflicto: mediar",IF(H22="Sí","Falta del manual","Sin clasificar")))))) | K22: =IF(J22="","",IFERROR(VLOOKUP(J22,Rutas!$A$4:$B$9,2,FALSE),""))
J23: =IF(A23="","",IF(OR(G23="Sí",F23="Sí"),"Tipo III",IF(AND(C23="Sí",OR(D23="Sí",E23="Sí")),"Tipo II",IF(OR(C23="Sí",AND(B23="Sí",I23="Sí")),"Tipo I",IF(B23="Sí","Conflicto: mediar",IF(H23="Sí","Falta del manual","Sin clasificar")))))) | K23: =IF(J23="","",IFERROR(VLOOKUP(J23,Rutas!$A$4:$B$9,2,FALSE),""))
J24: =IF(A24="","",IF(OR(G24="Sí",F24="Sí"),"Tipo III",IF(AND(C24="Sí",OR(D24="Sí",E24="Sí")),"Tipo II",IF(OR(C24="Sí",AND(B24="Sí",I24="Sí")),"Tipo I",IF(B24="Sí","Conflicto: mediar",IF(H24="Sí","Falta del manual","Sin clasificar")))))) | K24: =IF(J24="","",IFERROR(VLOOKUP(J24,Rutas!$A$4:$B$9,2,FALSE),""))
... J29: =IF(A29="","",IF(OR(G29="Sí",F29="Sí"),"Tipo III",IF(AND(C29="Sí",OR(D29="Sí",E29="Sí")),"Tipo II",IF(OR(C29="Sí",AND(B29="Sí",I29="Sí")),"Tipo I",IF(B29="Sí","Conflicto: mediar",IF(H29="Sí","Falta del manual","Sin clasificar")))))) | K29: =IF(J29="","",IFERROR(VLOOKUP(J29,Rutas!$A$4:$B$9,2,FALSE),""))
A31: Conteo por clasificación
A32: Tipo I | B32: =COUNTIF($J$5:$J$29,A32)
A33: Tipo II | B33: =COUNTIF($J$5:$J$29,A33)
A34: Tipo III | B34: =COUNTIF($J$5:$J$29,A34)
A35: Conflicto: mediar | B35: =COUNTIF($J$5:$J$29,A35)
A36: Falta del manual | B36: =COUNTIF($J$5:$J$29,A36)

Sheet Rutas
A1: RUTAS (resumen propio del Decreto 1075 de 2015, arts. 2.3.5.4.2.8 a 2.3.5.4.2.10; el protocolo completo está en el texto y en el manual de convivencia de cada colegio)
A3: Clasificación | B3: Primer paso del protocolo (resumen) | C3: Norma
A4: Tipo I | B4: Reunir de inmediato a las partes y mediar de manera pedagógica; fijar una solución imparcial y justa, dejar constancia y hacer seguimiento. | C4: Art. 2.3.5.4.2.8
A5: Tipo II | B5: Si hay daño, garantizar atención en salud; informar de inmediato a los padres o acudientes; proteger a los involucrados; generar espacios para exponer lo ocurrido; acciones restaurativas; el comité deja acta y hace seguimiento. | C5: Art. 2.3.5.4.2.9
A6: Tipo III | B6: Atención inmediata en salud si hay daño; informar de inmediato a los padres o acudientes; el presidente del comité informa a la Policía Nacional; el comité adopta medidas de protección; seguimiento por el comité y las autoridades. | C6: Art. 2.3.5.4.2.10
A7: Conflicto: mediar | B7: Un conflicto es una incompatibilidad de intereses y puede resolverse de forma constructiva: mediación pedagógica antes de que escale. | C7: Art. 2.3.5.4.2.5 (definiciones)
A8: Falta del manual | B8: Aplicar el procedimiento del manual de convivencia, con debido proceso y derecho a la defensa; revisar si además afecta el clima escolar. | C8: Art. 2.3.3.1.4.4 (manual)
A9: Sin clasificar | B9: Falta información: analizar de nuevo con el comité. | C9: —

Sheet Definiciones
A1: DEFINICIONES (resumen propio del Decreto 1075 de 2015, art. 2.3.5.4.2.5, y de la Ley 1620 de 2013)
A3: Término | B3: Idea central
A4: Conflicto | B4: Incompatibilidad real o percibida entre personas frente a sus intereses. No es en sí mismo una agresión.
A5: Conflicto manejado inadecuadamente | B5: Un conflicto no resuelto de forma constructiva que da lugar a altercados, enfrentamientos o riñas, sin afectación al cuerpo o la salud.
A6: Agresión escolar | B6: Acción de uno o más integrantes de la comunidad educativa que busca afectar negativamente a otros, entre los cuales al menos uno es estudiante: física, verbal, gestual, relacional o electrónica.
A7: Acoso escolar (bullying) | B7: Conducta negativa, intencional, metódica y sistemática de agresión, intimidación, humillación o aislamiento contra un niño, niña o adolescente por pares con quienes mantiene una relación de poder asimétrica, de forma reiterada o a lo largo de un tiempo.
A8: Ciberacoso (ciberbullying) | B8: Intimidación con uso deliberado de tecnologías de información (internet, redes, telefonía móvil, videojuegos en línea) para ejercer maltrato psicológico y continuado.
A9: Indisciplina | B9: No es un término definido en la Ley 1620: se refiere al incumplimiento de normas del manual de convivencia. Cada institución define sus faltas y procedimientos con debido proceso.
