Workbook

Sheet Reglas
A1: REGLAS DE PRIORIDAD Y PLAZOS (ejemplo editable; inspirado en la práctica de gestión de incidentes)
A3: Prioridad = impacto × urgencia
A4: Impacto \ Urgencia | B4: Alta | C4: Media | D4: Baja | E4: Qué significa
A5: Alto | B5: P1 | C5: P2 | D5: P3 | E5: Toda la institución o un servicio crítico
A6: Medio | B6: P2 | C6: P3 | D6: P4 | E6: Un grupo, un área o un aula
A7: Bajo | B7: P3 | C7: P4 | D7: P4 | E7: Una persona
A9: Plazos de resolución por prioridad
A10: Prioridad | B10: Horas para resolver (calendario) | C10: Ejemplo
A11: P1 | B11: 4 | C11: Sin conexión en toda la sede; plataforma de evaluación caída en plena prueba
A12: P2 | B12: 8 | C12: Un grupo sin proyector; correo de un área caído
A13: P3 | B13: 24 | C13: Un docente sin acceso a la plataforma
A14: P4 | B14: 72 | C14: Instalar un programa; solicitud de mejora
A16: Fecha y hora de corte (para tickets abiertos) | B16: 46405.5 | C16: En uso real escribe =AHORA() (o =NOW()). Aquí está fija para que los resultados del ejemplo no cambien.

Sheet Tickets
A1: REGISTRO DE TICKETS (ejemplo ficticio)
A3: N.º | B3: Creado | C3: Solicitante | D3: Categoría | E3: Descripción | F3: Impacto | G3: Urgencia | H3: Prioridad | I3: Horas de plazo | J3: Límite | K3: Cerrado | L3: Horas de resolución | M3: Estado del plazo
A4: =IF(B4="","",ROW()-3) | B4: 46398.299 | C4: Docente 1 | D4: Red y Wi-Fi | E4: Descripción breve | F4: Alto | G4: Alta | H4: =IF(OR(F4="",G4=""),"",INDEX(Reglas!$B$5:$D$7,MATCH(F4,Reglas!$A$5:$A$7,0),MATCH(G4,Reglas!$B$4:$D$4,0))) | I4: =IF(H4="","",VLOOKUP(H4,Reglas!$A$11:$B$14,2,FALSE)) | J4: =IF(I4="","",B4+I4/24) | K4: 46398.378 | L4: =IF(OR(B4="",K4=""),"",(K4-B4)*24) | M4: =IF(B4="","",IF(K4="",IF(Reglas!$B$16>J4,"Abierto vencido","Abierto en plazo"),IF(K4<=J4,"Cumplido","Incumplido")))
A5: =IF(B5="","",ROW()-3) | B5: 46398.354 | C5: Docente 2 | D5: Proyector o aula | E5: Descripción breve | F5: Medio | G5: Alta | H5: =IF(OR(F5="",G5=""),"",INDEX(Reglas!$B$5:$D$7,MATCH(F5,Reglas!$A$5:$A$7,0),MATCH(G5,Reglas!$B$4:$D$4,0))) | I5: =IF(H5="","",VLOOKUP(H5,Reglas!$A$11:$B$14,2,FALSE)) | J5: =IF(I5="","",B5+I5/24) | K5: 46398.417 | L5: =IF(OR(B5="",K5=""),"",(K5-B5)*24) | M5: =IF(B5="","",IF(K5="",IF(Reglas!$B$16>J5,"Abierto vencido","Abierto en plazo"),IF(K5<=J5,"Cumplido","Incumplido")))
A6: =IF(B6="","",ROW()-3) | B6: 46398.385 | C6: Docente 3 | D6: Cuenta o acceso | E6: Descripción breve | F6: Bajo | G6: Media | H6: =IF(OR(F6="",G6=""),"",INDEX(Reglas!$B$5:$D$7,MATCH(F6,Reglas!$A$5:$A$7,0),MATCH(G6,Reglas!$B$4:$D$4,0))) | I6: =IF(H6="","",VLOOKUP(H6,Reglas!$A$11:$B$14,2,FALSE)) | J6: =IF(I6="","",B6+I6/24) | K6: 46398.639 | L6: =IF(OR(B6="",K6=""),"",(K6-B6)*24) | M6: =IF(B6="","",IF(K6="",IF(Reglas!$B$16>J6,"Abierto vencido","Abierto en plazo"),IF(K6<=J6,"Cumplido","Incumplido")))
A7: =IF(B7="","",ROW()-3) | B7: 46398.458 | C7: Docente 4 | D7: Impresión | E7: Descripción breve | F7: Bajo | G7: Baja | H7: =IF(OR(F7="",G7=""),"",INDEX(Reglas!$B$5:$D$7,MATCH(F7,Reglas!$A$5:$A$7,0),MATCH(G7,Reglas!$B$4:$D$4,0))) | I7: =IF(H7="","",VLOOKUP(H7,Reglas!$A$11:$B$14,2,FALSE)) | J7: =IF(I7="","",B7+I7/24) | K7: 46400.417 | L7: =IF(OR(B7="",K7=""),"",(K7-B7)*24) | M7: =IF(B7="","",IF(K7="",IF(Reglas!$B$16>J7,"Abierto vencido","Abierto en plazo"),IF(K7<=J7,"Cumplido","Incumplido")))
A8: =IF(B8="","",ROW()-3) | B8: 46399.319 | C8: Docente 5 | D8: Plataforma | E8: Descripción breve | F8: Alto | G8: Alta | H8: =IF(OR(F8="",G8=""),"",INDEX(Reglas!$B$5:$D$7,MATCH(F8,Reglas!$A$5:$A$7,0),MATCH(G8,Reglas!$B$4:$D$4,0))) | I8: =IF(H8="","",VLOOKUP(H8,Reglas!$A$11:$B$14,2,FALSE)) | J8: =IF(I8="","",B8+I8/24) | K8: 46399.59 | L8: =IF(OR(B8="",K8=""),"",(K8-B8)*24) | M8: =IF(B8="","",IF(K8="",IF(Reglas!$B$16>J8,"Abierto vencido","Abierto en plazo"),IF(K8<=J8,"Cumplido","Incumplido")))
A9: =IF(B9="","",ROW()-3) | B9: 46399.333 | C9: Docente 6 | D9: Correo | E9: Descripción breve | F9: Medio | G9: Media | H9: =IF(OR(F9="",G9=""),"",INDEX(Reglas!$B$5:$D$7,MATCH(F9,Reglas!$A$5:$A$7,0),MATCH(G9,Reglas!$B$4:$D$4,0))) | I9: =IF(H9="","",VLOOKUP(H9,Reglas!$A$11:$B$14,2,FALSE)) | J9: =IF(I9="","",B9+I9/24) | K9: 46399.625 | L9: =IF(OR(B9="",K9=""),"",(K9-B9)*24) | M9: =IF(B9="","",IF(K9="",IF(Reglas!$B$16>J9,"Abierto vencido","Abierto en plazo"),IF(K9<=J9,"Cumplido","Incumplido")))
A10: =IF(B10="","",ROW()-3) | B10: 46399.431 | C10: Docente 7 | D10: Cuenta o acceso | E10: Descripción breve | F10: Bajo | G10: Alta | H10: =IF(OR(F10="",G10=""),"",INDEX(Reglas!$B$5:$D$7,MATCH(F10,Reglas!$A$5:$A$7,0),MATCH(G10,Reglas!$B$4:$D$4,0))) | I10: =IF(H10="","",VLOOKUP(H10,Reglas!$A$11:$B$14,2,FALSE)) | J10: =IF(I10="","",B10+I10/24) | K10: 46399.479 | L10: =IF(OR(B10="",K10=""),"",(K10-B10)*24) | M10: =IF(B10="","",IF(K10="",IF(Reglas!$B$16>J10,"Abierto vencido","Abierto en plazo"),IF(K10<=J10,"Cumplido","Incumplido")))
A11: =IF(B11="","",ROW()-3) | B11: 46399.542 | C11: Docente 8 | D11: Proyector o aula | E11: Descripción breve | F11: Medio | G11: Alta | H11: =IF(OR(F11="",G11=""),"",INDEX(Reglas!$B$5:$D$7,MATCH(F11,Reglas!$A$5:$A$7,0),MATCH(G11,Reglas!$B$4:$D$4,0))) | I11: =IF(H11="","",VLOOKUP(H11,Reglas!$A$11:$B$14,2,FALSE)) | J11: =IF(I11="","",B11+I11/24) | K11: 46399.583 | L11: =IF(OR(B11="",K11=""),"",(K11-B11)*24) | M11: =IF(B11="","",IF(K11="",IF(Reglas!$B$16>J11,"Abierto vencido","Abierto en plazo"),IF(K11<=J11,"Cumplido","Incumplido")))
A12: =IF(B12="","",ROW()-3) | B12: 46400.306 | C12: Docente 9 | D12: Red y Wi-Fi | E12: Descripción breve | F12: Medio | G12: Media | H12: =IF(OR(F12="",G12=""),"",INDEX(Reglas!$B$5:$D$7,MATCH(F12,Reglas!$A$5:$A$7,0),MATCH(G12,Reglas!$B$4:$D$4,0))) | I12: =IF(H12="","",VLOOKUP(H12,Reglas!$A$11:$B$14,2,FALSE)) | J12: =IF(I12="","",B12+I12/24) | K12: 46400.708 | L12: =IF(OR(B12="",K12=""),"",(K12-B12)*24) | M12: =IF(B12="","",IF(K12="",IF(Reglas!$B$16>J12,"Abierto vencido","Abierto en plazo"),IF(K12<=J12,"Cumplido","Incumplido")))
A13: =IF(B13="","",ROW()-3) | B13: 46400.375 | C13: Docente 10 | D13: Software | E13: Descripción breve | F13: Bajo | G13: Baja | H13: =IF(OR(F13="",G13=""),"",INDEX(Reglas!$B$5:$D$7,MATCH(F13,Reglas!$A$5:$A$7,0),MATCH(G13,Reglas!$B$4:$D$4,0))) | I13: =IF(H13="","",VLOOKUP(H13,Reglas!$A$11:$B$14,2,FALSE)) | J13: =IF(I13="","",B13+I13/24) | K13: 46402.375 | L13: =IF(OR(B13="",K13=""),"",(K13-B13)*24) | M13: =IF(B13="","",IF(K13="",IF(Reglas!$B$16>J13,"Abierto vencido","Abierto en plazo"),IF(K13<=J13,"Cumplido","Incumplido")))
A14: =IF(B14="","",ROW()-3) | B14: 46400.424 | C14: Docente 11 | D14: Cuenta o acceso | E14: Descripción breve | F14: Bajo | G14: Media | H14: =IF(OR(F14="",G14=""),"",INDEX(Reglas!$B$5:$D$7,MATCH(F14,Reglas!$A$5:$A$7,0),MATCH(G14,Reglas!$B$4:$D$4,0))) | I14: =IF(H14="","",VLOOKUP(H14,Reglas!$A$11:$B$14,2,FALSE)) | J14: =IF(I14="","",B14+I14/24) | K14: 46400.458 | L14: =IF(OR(B14="",K14=""),"",(K14-B14)*24) | M14: =IF(B14="","",IF(K14="",IF(Reglas!$B$16>J14,"Abierto vencido","Abierto en plazo"),IF(K14<=J14,"Cumplido","Incumplido")))
A15: =IF(B15="","",ROW()-3) | B15: 46400.583 | C15: Docente 12 | D15: Plataforma | E15: Descripción breve | F15: Medio | G15: Alta | H15: =IF(OR(F15="",G15=""),"",INDEX(Reglas!$B$5:$D$7,MATCH(F15,Reglas!$A$5:$A$7,0),MATCH(G15,Reglas!$B$4:$D$4,0))) | I15: =IF(H15="","",VLOOKUP(H15,Reglas!$A$11:$B$14,2,FALSE)) | J15: =IF(I15="","",B15+I15/24) | K15: 46401.333 | L15: =IF(OR(B15="",K15=""),"",(K15-B15)*24) | M15: =IF(B15="","",IF(K15="",IF(Reglas!$B$16>J15,"Abierto vencido","Abierto en plazo"),IF(K15<=J15,"Cumplido","Incumplido")))
... A20: =IF(B20="","",ROW()-3) | B20: 46402.417 | C20: Docente 17 | D20: Software | E20: Descripción breve | F20: Medio | G20: Baja | H20: =IF(OR(F20="",G20=""),"",INDEX(Reglas!$B$5:$D$7,MATCH(F20,Reglas!$A$5:$A$7,0),MATCH(G20,Reglas!$B$4:$D$4,0))) | I20: =IF(H20="","",VLOOKUP(H20,Reglas!$A$11:$B$14,2,FALSE)) | J20: =IF(I20="","",B20+I20/24) | K20: 46405.333 | L20: =IF(OR(B20="",K20=""),"",(K20-B20)*24) | M20: =IF(B20="","",IF(K20="",IF(Reglas!$B$16>J20,"Abierto vencido","Abierto en plazo"),IF(K20<=J20,"Cumplido","Incumplido")))
A21: =IF(B21="","",ROW()-3) | B21: 46402.469 | C21: Docente 18 | D21: Cuenta o acceso | E21: Descripción breve | F21: Bajo | G21: Alta | H21: =IF(OR(F21="",G21=""),"",INDEX(Reglas!$B$5:$D$7,MATCH(F21,Reglas!$A$5:$A$7,0),MATCH(G21,Reglas!$B$4:$D$4,0))) | I21: =IF(H21="","",VLOOKUP(H21,Reglas!$A$11:$B$14,2,FALSE)) | J21: =IF(I21="","",B21+I21/24) | L21: =IF(OR(B21="",K21=""),"",(K21-B21)*24) | M21: =IF(B21="","",IF(K21="",IF(Reglas!$B$16>J21,"Abierto vencido","Abierto en plazo"),IF(K21<=J21,"Cumplido","Incumplido")))
A22: =IF(B22="","",ROW()-3) | B22: 46402.625 | C22: Docente 19 | D22: Plataforma | E22: Descripción breve | F22: Medio | G22: Media | H22: =IF(OR(F22="",G22=""),"",INDEX(Reglas!$B$5:$D$7,MATCH(F22,Reglas!$A$5:$A$7,0),MATCH(G22,Reglas!$B$4:$D$4,0))) | I22: =IF(H22="","",VLOOKUP(H22,Reglas!$A$11:$B$14,2,FALSE)) | J22: =IF(I22="","",B22+I22/24) | L22: =IF(OR(B22="",K22=""),"",(K22-B22)*24) | M22: =IF(B22="","",IF(K22="",IF(Reglas!$B$16>J22,"Abierto vencido","Abierto en plazo"),IF(K22<=J22,"Cumplido","Incumplido")))
A23: =IF(B23="","",ROW()-3) | B23: 46405.316 | C23: Docente 20 | D23: Proyector o aula | E23: Descripción breve | F23: Medio | G23: Alta | H23: =IF(OR(F23="",G23=""),"",INDEX(Reglas!$B$5:$D$7,MATCH(F23,Reglas!$A$5:$A$7,0),MATCH(G23,Reglas!$B$4:$D$4,0))) | I23: =IF(H23="","",VLOOKUP(H23,Reglas!$A$11:$B$14,2,FALSE)) | J23: =IF(I23="","",B23+I23/24) | L23: =IF(OR(B23="",K23=""),"",(K23-B23)*24) | M23: =IF(B23="","",IF(K23="",IF(Reglas!$B$16>J23,"Abierto vencido","Abierto en plazo"),IF(K23<=J23,"Cumplido","Incumplido")))
A24: =IF(B24="","",ROW()-3) | H24: =IF(OR(F24="",G24=""),"",INDEX(Reglas!$B$5:$D$7,MATCH(F24,Reglas!$A$5:$A$7,0),MATCH(G24,Reglas!$B$4:$D$4,0))) | I24: =IF(H24="","",VLOOKUP(H24,Reglas!$A$11:$B$14,2,FALSE)) | J24: =IF(I24="","",B24+I24/24) | L24: =IF(OR(B24="",K24=""),"",(K24-B24)*24) | M24: =IF(B24="","",IF(K24="",IF(Reglas!$B$16>J24,"Abierto vencido","Abierto en plazo"),IF(K24<=J24,"Cumplido","Incumplido")))
A25: =IF(B25="","",ROW()-3) | H25: =IF(OR(F25="",G25=""),"",INDEX(Reglas!$B$5:$D$7,MATCH(F25,Reglas!$A$5:$A$7,0),MATCH(G25,Reglas!$B$4:$D$4,0))) | I25: =IF(H25="","",VLOOKUP(H25,Reglas!$A$11:$B$14,2,FALSE)) | J25: =IF(I25="","",B25+I25/24) | L25: =IF(OR(B25="",K25=""),"",(K25-B25)*24) | M25: =IF(B25="","",IF(K25="",IF(Reglas!$B$16>J25,"Abierto vencido","Abierto en plazo"),IF(K25<=J25,"Cumplido","Incumplido")))
A26: =IF(B26="","",ROW()-3) | H26: =IF(OR(F26="",G26=""),"",INDEX(Reglas!$B$5:$D$7,MATCH(F26,Reglas!$A$5:$A$7,0),MATCH(G26,Reglas!$B$4:$D$4,0))) | I26: =IF(H26="","",VLOOKUP(H26,Reglas!$A$11:$B$14,2,FALSE)) | J26: =IF(I26="","",B26+I26/24) | L26: =IF(OR(B26="",K26=""),"",(K26-B26)*24) | M26: =IF(B26="","",IF(K26="",IF(Reglas!$B$16>J26,"Abierto vencido","Abierto en plazo"),IF(K26<=J26,"Cumplido","Incumplido")))
A27: =IF(B27="","",ROW()-3) | H27: =IF(OR(F27="",G27=""),"",INDEX(Reglas!$B$5:$D$7,MATCH(F27,Reglas!$A$5:$A$7,0),MATCH(G27,Reglas!$B$4:$D$4,0))) | I27: =IF(H27="","",VLOOKUP(H27,Reglas!$A$11:$B$14,2,FALSE)) | J27: =IF(I27="","",B27+I27/24) | L27: =IF(OR(B27="",K27=""),"",(K27-B27)*24) | M27: =IF(B27="","",IF(K27="",IF(Reglas!$B$16>J27,"Abierto vencido","Abierto en plazo"),IF(K27<=J27,"Cumplido","Incumplido")))
A28: =IF(B28="","",ROW()-3) | H28: =IF(OR(F28="",G28=""),"",INDEX(Reglas!$B$5:$D$7,MATCH(F28,Reglas!$A$5:$A$7,0),MATCH(G28,Reglas!$B$4:$D$4,0))) | I28: =IF(H28="","",VLOOKUP(H28,Reglas!$A$11:$B$14,2,FALSE)) | J28: =IF(I28="","",B28+I28/24) | L28: =IF(OR(B28="",K28=""),"",(K28-B28)*24) | M28: =IF(B28="","",IF(K28="",IF(Reglas!$B$16>J28,"Abierto vencido","Abierto en plazo"),IF(K28<=J28,"Cumplido","Incumplido")))
A29: =IF(B29="","",ROW()-3) | H29: =IF(OR(F29="",G29=""),"",INDEX(Reglas!$B$5:$D$7,MATCH(F29,Reglas!$A$5:$A$7,0),MATCH(G29,Reglas!$B$4:$D$4,0))) | I29: =IF(H29="","",VLOOKUP(H29,Reglas!$A$11:$B$14,2,FALSE)) | J29: =IF(I29="","",B29+I29/24) | L29: =IF(OR(B29="",K29=""),"",(K29-B29)*24) | M29: =IF(B29="","",IF(K29="",IF(Reglas!$B$16>J29,"Abierto vencido","Abierto en plazo"),IF(K29<=J29,"Cumplido","Incumplido")))
A30: =IF(B30="","",ROW()-3) | H30: =IF(OR(F30="",G30=""),"",INDEX(Reglas!$B$5:$D$7,MATCH(F30,Reglas!$A$5:$A$7,0),MATCH(G30,Reglas!$B$4:$D$4,0))) | I30: =IF(H30="","",VLOOKUP(H30,Reglas!$A$11:$B$14,2,FALSE)) | J30: =IF(I30="","",B30+I30/24) | L30: =IF(OR(B30="",K30=""),"",(K30-B30)*24) | M30: =IF(B30="","",IF(K30="",IF(Reglas!$B$16>J30,"Abierto vencido","Abierto en plazo"),IF(K30<=J30,"Cumplido","Incumplido")))
A31: =IF(B31="","",ROW()-3) | H31: =IF(OR(F31="",G31=""),"",INDEX(Reglas!$B$5:$D$7,MATCH(F31,Reglas!$A$5:$A$7,0),MATCH(G31,Reglas!$B$4:$D$4,0))) | I31: =IF(H31="","",VLOOKUP(H31,Reglas!$A$11:$B$14,2,FALSE)) | J31: =IF(I31="","",B31+I31/24) | L31: =IF(OR(B31="",K31=""),"",(K31-B31)*24) | M31: =IF(B31="","",IF(K31="",IF(Reglas!$B$16>J31,"Abierto vencido","Abierto en plazo"),IF(K31<=J31,"Cumplido","Incumplido")))
A32: =IF(B32="","",ROW()-3) | H32: =IF(OR(F32="",G32=""),"",INDEX(Reglas!$B$5:$D$7,MATCH(F32,Reglas!$A$5:$A$7,0),MATCH(G32,Reglas!$B$4:$D$4,0))) | I32: =IF(H32="","",VLOOKUP(H32,Reglas!$A$11:$B$14,2,FALSE)) | J32: =IF(I32="","",B32+I32/24) | L32: =IF(OR(B32="",K32=""),"",(K32-B32)*24) | M32: =IF(B32="","",IF(K32="",IF(Reglas!$B$16>J32,"Abierto vencido","Abierto en plazo"),IF(K32<=J32,"Cumplido","Incumplido")))
A33: =IF(B33="","",ROW()-3) | H33: =IF(OR(F33="",G33=""),"",INDEX(Reglas!$B$5:$D$7,MATCH(F33,Reglas!$A$5:$A$7,0),MATCH(G33,Reglas!$B$4:$D$4,0))) | I33: =IF(H33="","",VLOOKUP(H33,Reglas!$A$11:$B$14,2,FALSE)) | J33: =IF(I33="","",B33+I33/24) | L33: =IF(OR(B33="",K33=""),"",(K33-B33)*24) | M33: =IF(B33="","",IF(K33="",IF(Reglas!$B$16>J33,"Abierto vencido","Abierto en plazo"),IF(K33<=J33,"Cumplido","Incumplido")))
A34: =IF(B34="","",ROW()-3) | H34: =IF(OR(F34="",G34=""),"",INDEX(Reglas!$B$5:$D$7,MATCH(F34,Reglas!$A$5:$A$7,0),MATCH(G34,Reglas!$B$4:$D$4,0))) | I34: =IF(H34="","",VLOOKUP(H34,Reglas!$A$11:$B$14,2,FALSE)) | J34: =IF(I34="","",B34+I34/24) | L34: =IF(OR(B34="",K34=""),"",(K34-B34)*24) | M34: =IF(B34="","",IF(K34="",IF(Reglas!$B$16>J34,"Abierto vencido","Abierto en plazo"),IF(K34<=J34,"Cumplido","Incumplido")))
A35: =IF(B35="","",ROW()-3) | H35: =IF(OR(F35="",G35=""),"",INDEX(Reglas!$B$5:$D$7,MATCH(F35,Reglas!$A$5:$A$7,0),MATCH(G35,Reglas!$B$4:$D$4,0))) | I35: =IF(H35="","",VLOOKUP(H35,Reglas!$A$11:$B$14,2,FALSE)) | J35: =IF(I35="","",B35+I35/24) | L35: =IF(OR(B35="",K35=""),"",(K35-B35)*24) | M35: =IF(B35="","",IF(K35="",IF(Reglas!$B$16>J35,"Abierto vencido","Abierto en plazo"),IF(K35<=J35,"Cumplido","Incumplido")))
... A200: =IF(B200="","",ROW()-3) | H200: =IF(OR(F200="",G200=""),"",INDEX(Reglas!$B$5:$D$7,MATCH(F200,Reglas!$A$5:$A$7,0),MATCH(G200,Reglas!$B$4:$D$4,0))) | I200: =IF(H200="","",VLOOKUP(H200,Reglas!$A$11:$B$14,2,FALSE)) | J200: =IF(I200="","",B200+I200/24) | L200: =IF(OR(B200="",K200=""),"",(K200-B200)*24) | M200: =IF(B200="","",IF(K200="",IF(Reglas!$B$16>J200,"Abierto vencido","Abierto en plazo"),IF(K200<=J200,"Cumplido","Incumplido")))

Sheet Indicadores
A1: INDICADORES DE LA MESA DE AYUDA (ejemplo ficticio; periodo del 11 al 18 de enero de 2027)
A3: Tickets registrados | B3: =COUNT(Tickets!$B$4:$B$200)
A4: Cerrados | B4: =COUNT(Tickets!$K$4:$K$200)
A5: Abiertos | B5: =B3-B4
A6: Cerrados dentro del plazo | B6: =COUNTIF(Tickets!$M$4:$M$200,"Cumplido")
A7: Cumplimiento del plazo (cerrados) | B7: =IF(B4=0,0,B6/B4)
A8: Abiertos ya vencidos | B8: =COUNTIF(Tickets!$M$4:$M$200,"Abierto vencido")
A9: Tiempo medio de resolución (horas) | B9: =AVERAGE(Tickets!$L$4:$L$200)
A10: Mediana de resolución (horas) | B10: =MEDIAN(Tickets!$L$4:$L$200)
A12: Prioridad | B12: Tickets | C12: Cerrados | D12: Cumplidos | E12: Horas medias de resolución
A13: P1 | B13: =COUNTIF(Tickets!$H$4:$H$200,A13) | C13: =COUNTIFS(Tickets!$H$4:$H$200,A13,Tickets!$K$4:$K$200,"<>") | D13: =COUNTIFS(Tickets!$H$4:$H$200,A13,Tickets!$M$4:$M$200,"Cumplido") | E13: =IFERROR(AVERAGEIFS(Tickets!$L$4:$L$200,Tickets!$H$4:$H$200,A13),"")
A14: P2 | B14: =COUNTIF(Tickets!$H$4:$H$200,A14) | C14: =COUNTIFS(Tickets!$H$4:$H$200,A14,Tickets!$K$4:$K$200,"<>") | D14: =COUNTIFS(Tickets!$H$4:$H$200,A14,Tickets!$M$4:$M$200,"Cumplido") | E14: =IFERROR(AVERAGEIFS(Tickets!$L$4:$L$200,Tickets!$H$4:$H$200,A14),"")
A15: P3 | B15: =COUNTIF(Tickets!$H$4:$H$200,A15) | C15: =COUNTIFS(Tickets!$H$4:$H$200,A15,Tickets!$K$4:$K$200,"<>") | D15: =COUNTIFS(Tickets!$H$4:$H$200,A15,Tickets!$M$4:$M$200,"Cumplido") | E15: =IFERROR(AVERAGEIFS(Tickets!$L$4:$L$200,Tickets!$H$4:$H$200,A15),"")
A16: P4 | B16: =COUNTIF(Tickets!$H$4:$H$200,A16) | C16: =COUNTIFS(Tickets!$H$4:$H$200,A16,Tickets!$K$4:$K$200,"<>") | D16: =COUNTIFS(Tickets!$H$4:$H$200,A16,Tickets!$M$4:$M$200,"Cumplido") | E16: =IFERROR(AVERAGEIFS(Tickets!$L$4:$L$200,Tickets!$H$4:$H$200,A16),"")
A19: Categoría | B19: Tickets | C19: Porcentaje
A20: Red y Wi-Fi | B20: =COUNTIF(Tickets!$D$4:$D$200,A20) | C20: =IF($B$3=0,0,B20/$B$3)
A21: Proyector o aula | B21: =COUNTIF(Tickets!$D$4:$D$200,A21) | C21: =IF($B$3=0,0,B21/$B$3)
A22: Cuenta o acceso | B22: =COUNTIF(Tickets!$D$4:$D$200,A22) | C22: =IF($B$3=0,0,B22/$B$3)
A23: Plataforma | B23: =COUNTIF(Tickets!$D$4:$D$200,A23) | C23: =IF($B$3=0,0,B23/$B$3)
A24: Correo | B24: =COUNTIF(Tickets!$D$4:$D$200,A24) | C24: =IF($B$3=0,0,B24/$B$3)
A25: Impresión | B25: =COUNTIF(Tickets!$D$4:$D$200,A25) | C25: =IF($B$3=0,0,B25/$B$3)
A26: Software | B26: =COUNTIF(Tickets!$D$4:$D$200,A26) | C26: =IF($B$3=0,0,B26/$B$3)
