Workbook

Sheet Resumen
A1: RESUMEN
A3: Criterio | B3: Promedio (lectura A)
A4: Afirmación | B4: =AVERAGE(Lectura_A!B4:B13)
A5: Evidencia | B5: =AVERAGE(Lectura_A!C4:C13)
A6: Razonamiento | B6: =AVERAGE(Lectura_A!D4:D13)
A7: Contraargumento | B7: =AVERAGE(Lectura_A!E4:E13)
A8: Fuentes | B8: =AVERAGE(Lectura_A!F4:F13)
A10: Criterio con el promedio más bajo | B10: =INDEX(A4:A8,MATCH(MIN(B4:B8),B4:B8,0))
A11: Estudiantes en nivel Sólido | B11: =COUNTIF(Lectura_A!H4:H13,"Sólido")
A12: Estudiantes en nivel En desarrollo | B12: =COUNTIF(Lectura_A!H4:H13,"En desarrollo")
A13: Estudiantes en nivel Inicial | B13: =COUNTIF(Lectura_A!H4:H13,"Inicial")
A14: Argumentos sin ningún contraargumento (puntaje 0) | B14: =COUNTIF(Lectura_A!E4:E13,0)
A16: Acuerdo entre las dos lecturas (50 calificaciones)
A17: Calificaciones idénticas | B17: =SUMPRODUCT(--(Lectura_A!B4:F13=Lectura_B!B4:F13))
A18: Calificaciones que difieren en 1 punto | B18: =SUMPRODUCT(--(ABS(Lectura_A!B4:F13-Lectura_B!B4:F13)=1))
A19: Calificaciones que difieren en 2 o más puntos | B19: =SUMPRODUCT(--(ABS(Lectura_A!B4:F13-Lectura_B!B4:F13)>=2))
A20: Acuerdo exacto | B20: =B17/COUNT(Lectura_A!B4:F13)
A21: Acuerdo exacto o adyacente (diferencia de 0 o 1) | B21: =(B17+B18)/COUNT(Lectura_A!B4:F13)

Sheet Parametros
A1: PARÁMETROS (editables; datos ficticios)
A3: Puntaje total mínimo para "Sólido" (de 15) | B3: 12
A4: Puntaje total mínimo para "En desarrollo" (de 15) | B4: 8
A6: Cada criterio se califica de 0 a 3. Los puntos de corte son un ejemplo: defínelos con tu SIEE y tus colegas, y úsalos para dar retroalimentación, no para etiquetar.

Sheet Escala
A1: ESCALA DE ARGUMENTACIÓN (ejemplo propio, basado en los elementos de afirmación-evidencia-razonamiento y en el modelo de Toulmin)
A3: Criterio | B3: 0 | C3: 1 | D3: 2 | E3: 3
A4: Afirmación | B4: No hay afirmación | C4: Afirmación vaga o que no responde la pregunta | D4: Afirmación clara pero poco precisa | E4: Afirmación clara, precisa y que responde la pregunta
A5: Evidencia | B5: No hay evidencia | C5: Evidencia insuficiente o irrelevante | D5: Evidencia pertinente pero incompleta | E5: Evidencia pertinente, suficiente y verificable
A6: Razonamiento | B6: No explica por qué la evidencia apoya la afirmación | C6: Repite la evidencia sin conectarla | D6: Conecta evidencia y afirmación con una explicación parcial | E6: Explica con un principio o criterio por qué la evidencia apoya la afirmación
A7: Contraargumento | B7: No considera otras posturas | C7: Menciona otra postura sin responderla | D7: Responde una objeción | E7: Anticipa objeciones y las refuta o delimita la afirmación
A8: Fuentes | B8: No cita fuentes | C8: Fuentes sin identificar | D8: Fuentes identificadas pero no evaluadas | E8: Fuentes identificadas, fechadas y evaluadas

Sheet Lectura_A
A1: LECTURA DE LA DOCENTE A (10 argumentos escritos; datos ficticios)
A3: Estudiante | B3: Afirmación | C3: Evidencia | D3: Razonamiento | E3: Contraargumento | F3: Fuentes | G3: Total (0 a 15) | H3: Nivel | I3: Criterio más débil
A4: E1 | B4: 3 | C4: 3 | D4: 2 | E4: 1 | F4: 2 | G4: =SUM(B4:F4) | H4: =IF(G4>=Parametros!$B$3,"Sólido",IF(G4>=Parametros!$B$4,"En desarrollo","Inicial")) | I4: =INDEX($B$3:$F$3,MATCH(MIN(B4:F4),B4:F4,0))
A5: E2 | B5: 2 | C5: 2 | D5: 1 | E5: 0 | F5: 1 | G5: =SUM(B5:F5) | H5: =IF(G5>=Parametros!$B$3,"Sólido",IF(G5>=Parametros!$B$4,"En desarrollo","Inicial")) | I5: =INDEX($B$3:$F$3,MATCH(MIN(B5:F5),B5:F5,0))
A6: E3 | B6: 3 | C6: 3 | D6: 3 | E6: 2 | F6: 3 | G6: =SUM(B6:F6) | H6: =IF(G6>=Parametros!$B$3,"Sólido",IF(G6>=Parametros!$B$4,"En desarrollo","Inicial")) | I6: =INDEX($B$3:$F$3,MATCH(MIN(B6:F6),B6:F6,0))
A7: E4 | B7: 2 | C7: 1 | D7: 1 | E7: 0 | F7: 0 | G7: =SUM(B7:F7) | H7: =IF(G7>=Parametros!$B$3,"Sólido",IF(G7>=Parametros!$B$4,"En desarrollo","Inicial")) | I7: =INDEX($B$3:$F$3,MATCH(MIN(B7:F7),B7:F7,0))
A8: E5 | B8: 3 | C8: 2 | D8: 2 | E8: 1 | F8: 2 | G8: =SUM(B8:F8) | H8: =IF(G8>=Parametros!$B$3,"Sólido",IF(G8>=Parametros!$B$4,"En desarrollo","Inicial")) | I8: =INDEX($B$3:$F$3,MATCH(MIN(B8:F8),B8:F8,0))
A9: E6 | B9: 2 | C9: 3 | D9: 1 | E9: 1 | F9: 2 | G9: =SUM(B9:F9) | H9: =IF(G9>=Parametros!$B$3,"Sólido",IF(G9>=Parametros!$B$4,"En desarrollo","Inicial")) | I9: =INDEX($B$3:$F$3,MATCH(MIN(B9:F9),B9:F9,0))
A10: E7 | B10: 3 | C10: 3 | D10: 2 | E10: 2 | F10: 3 | G10: =SUM(B10:F10) | H10: =IF(G10>=Parametros!$B$3,"Sólido",IF(G10>=Parametros!$B$4,"En desarrollo","Inicial")) | I10: =INDEX($B$3:$F$3,MATCH(MIN(B10:F10),B10:F10,0))
A11: E8 | B11: 1 | C11: 1 | D11: 0 | E11: 0 | F11: 1 | G11: =SUM(B11:F11) | H11: =IF(G11>=Parametros!$B$3,"Sólido",IF(G11>=Parametros!$B$4,"En desarrollo","Inicial")) | I11: =INDEX($B$3:$F$3,MATCH(MIN(B11:F11),B11:F11,0))
A12: E9 | B12: 2 | C12: 2 | D12: 2 | E12: 1 | F12: 1 | G12: =SUM(B12:F12) | H12: =IF(G12>=Parametros!$B$3,"Sólido",IF(G12>=Parametros!$B$4,"En desarrollo","Inicial")) | I12: =INDEX($B$3:$F$3,MATCH(MIN(B12:F12),B12:F12,0))
A13: E10 | B13: 3 | C13: 2 | D13: 1 | E13: 0 | F13: 2 | G13: =SUM(B13:F13) | H13: =IF(G13>=Parametros!$B$3,"Sólido",IF(G13>=Parametros!$B$4,"En desarrollo","Inicial")) | I13: =INDEX($B$3:$F$3,MATCH(MIN(B13:F13),B13:F13,0))

Sheet Lectura_B
A1: SEGUNDA LECTURA, DE LA DOCENTE B (los mismos 10 argumentos, calificados sin ver la lectura A)
A3: Estudiante | B3: Afirmación | C3: Evidencia | D3: Razonamiento | E3: Contraargumento | F3: Fuentes
A4: E1 | B4: 3 | C4: 3 | D4: 3 | E4: 1 | F4: 2
A5: E2 | B5: 2 | C5: 2 | D5: 1 | E5: 1 | F5: 1
A6: E3 | B6: 3 | C6: 3 | D6: 3 | E6: 2 | F6: 3
A7: E4 | B7: 2 | C7: 3 | D7: 1 | E7: 0 | F7: 0
A8: E5 | B8: 3 | C8: 2 | D8: 2 | E8: 1 | F8: 2
A9: E6 | B9: 2 | C9: 3 | D9: 2 | E9: 1 | F9: 2
A10: E7 | B10: 3 | C10: 2 | D10: 2 | E10: 2 | F10: 3
A11: E8 | B11: 1 | C11: 1 | D11: 0 | E11: 0 | F11: 1
A12: E9 | B12: 2 | C12: 2 | D12: 2 | E12: 1 | F12: 3
A13: E10 | B13: 3 | C13: 2 | D13: 1 | E13: 0 | F13: 2
