Workbook

Sheet Resumen
A1: RESUMEN
A3: Personas encuestadas | B3: =SUM(Datos!F2:F31)/COUNTA(Rasgos!A2:A11)
A4: Rasgos evaluados | B4: =COUNTA(Rasgos!A2:A11)
A5: Rasgo que más personas cambiarían | B5: =INDEX(Rasgos!A2:A11,MATCH(MAX(Rasgos!C2:C11),Rasgos!C2:C11,0))
A6: % que lo cambiaría | B6: =MAX(Rasgos!C2:C11)
A7: Rasgo que menos personas cambiarían | B7: =INDEX(Rasgos!A2:A11,MATCH(MIN(Rasgos!C2:C11),Rasgos!C2:C11,0))
A8: % que lo cambiaría | B8: =MIN(Rasgos!C2:C11)
A9: Rasgos con consenso para cambiar (los tres grupos) | B9: =COUNTIF(Rasgos!H2:H11,"Sí")
A10: Rasgos con brecha entre grupos | B10: =COUNTIF(Rasgos!I2:I11,"Brecha*")
A11: Rasgo con la mayor brecha entre grupos | B11: =INDEX(Rasgos!A2:A11,MATCH(MAX(Rasgos!G2:G11),Rasgos!G2:G11,0))
A12: Mayor brecha (puntos porcentuales) | B12: =MAX(Rasgos!G2:G11)
A13: Rasgos que más de la mitad de las personas cambiaría | B13: =COUNTIF(Rasgos!C2:C11,">"&0.5)

Sheet Parametros
A1: PARÁMETROS (editables; datos ficticios de una encuesta de 60 personas: 20 docentes, 20 familias y 20 estudiantes)
A3: Porcentaje de "Cambiar" desde el cual un rasgo cuenta como "con deseo de cambio" en un grupo | B3: 0.3
A4: Diferencia (en puntos porcentuales) entre grupos desde la cual se marca una "brecha" | B4: 0.4
A6: Cada persona respondió, para cada rasgo de la escuela, si lo mantendría, lo ajustaría o lo cambiaría. Aquí se registran los conteos por grupo.

Sheet Datos
A1: Rasgo de la escuela | B1: Grupo | C1: Mantener | D1: Ajustar | E1: Cambiar | F1: Total | G1: % que cambiaría
A2: Grupos por edad (un grado por año) | B2: Docentes | C2: 10 | D2: 7 | E2: 3 | F2: =SUM(C2:E2) | G2: =E2/F2
A3: Grupos por edad (un grado por año) | B3: Familias | C3: 14 | D3: 5 | E3: 1 | F3: =SUM(C3:E3) | G3: =E3/F3
A4: Grupos por edad (un grado por año) | B4: Estudiantes | C4: 9 | D4: 8 | E4: 3 | F4: =SUM(C4:E4) | G4: =E4/F4
A5: Clases en franjas fijas de 45 a 60 minutos | B5: Docentes | C5: 4 | D5: 9 | E5: 7 | F5: =SUM(C5:E5) | G5: =E5/F5
A6: Clases en franjas fijas de 45 a 60 minutos | B6: Familias | C6: 9 | D6: 8 | E6: 3 | F6: =SUM(C6:E6) | G6: =E6/F6
A7: Clases en franjas fijas de 45 a 60 minutos | B7: Estudiantes | C7: 3 | D7: 7 | E7: 10 | F7: =SUM(C7:E7) | G7: =E7/F7
A8: Asignaturas separadas | B8: Docentes | C8: 6 | D8: 8 | E8: 6 | F8: =SUM(C8:E8) | G8: =E8/F8
A9: Asignaturas separadas | B9: Familias | C9: 12 | D9: 6 | E9: 2 | F9: =SUM(C9:E9) | G9: =E9/F9
A10: Asignaturas separadas | B10: Estudiantes | C10: 4 | D10: 8 | E10: 8 | F10: =SUM(C10:E10) | G10: =E10/F10
A11: Un docente para 30 o más estudiantes | B11: Docentes | C11: 1 | D11: 5 | E11: 14 | F11: =SUM(C11:E11) | G11: =E11/F11
A12: Un docente para 30 o más estudiantes | B12: Familias | C12: 5 | D12: 8 | E12: 7 | F12: =SUM(C12:E12) | G12: =E12/F12
A13: Un docente para 30 o más estudiantes | B13: Estudiantes | C13: 4 | D13: 6 | E13: 10 | F13: =SUM(C13:E13) | G13: =E13/F13
... A31: Tareas para la casa | B31: Estudiantes | C31: 2 | D31: 5 | E31: 13 | F31: =SUM(C31:E31) | G31: =E31/F31

Sheet Rasgos
A1: Rasgo de la escuela | B1: Cambiaría (todos) | C1: % que cambiaría (todos) | D1: % docentes | E1: % familias | F1: % estudiantes | G1: Brecha entre grupos | H1: Con deseo de cambio en los tres grupos | I1: Lectura
A2: Grupos por edad (un grado por año) | B2: =SUMIFS(Datos!$E$2:$E$31,Datos!$A$2:$A$31,A2) | C2: =B2/SUMIFS(Datos!$F$2:$F$31,Datos!$A$2:$A$31,A2) | D2: =SUMIFS(Datos!$E$2:$E$31,Datos!$A$2:$A$31,$A2,Datos!$B$2:$B$31,"Docentes")/SUMIFS(Datos!$F$2:$F$31,Datos!$A$2:$A$31,$A2,Datos!$B$2:$B$31,"Docentes") | E2: =SUMIFS(Datos!$E$2:$E$31,Datos!$A$2:$A$31,$A2,Datos!$B$2:$B$31,"Familias")/SUMIFS(Datos!$F$2:$F$31,Datos!$A$2:$A$31,$A2,Datos!$B$2:$B$31,"Familias") | F2: =SUMIFS(Datos!$E$2:$E$31,Datos!$A$2:$A$31,$A2,Datos!$B$2:$B$31,"Estudiantes")/SUMIFS(Datos!$F$2:$F$31,Datos!$A$2:$A$31,$A2,Datos!$B$2:$B$31,"Estudiantes") | G2: =MAX(D2:F2)-MIN(D2:F2) | H2: =IF(MIN(D2:F2)>=Parametros!$B$3,"Sí","No") | I2: =IF(H2="Sí","Consenso para cambiar",IF(G2>=Parametros!$B$4,"Brecha: los grupos piensan distinto","Sin urgencia compartida"))
A3: Clases en franjas fijas de 45 a 60 minutos | B3: =SUMIFS(Datos!$E$2:$E$31,Datos!$A$2:$A$31,A3) | C3: =B3/SUMIFS(Datos!$F$2:$F$31,Datos!$A$2:$A$31,A3) | D3: =SUMIFS(Datos!$E$2:$E$31,Datos!$A$2:$A$31,$A3,Datos!$B$2:$B$31,"Docentes")/SUMIFS(Datos!$F$2:$F$31,Datos!$A$2:$A$31,$A3,Datos!$B$2:$B$31,"Docentes") | E3: =SUMIFS(Datos!$E$2:$E$31,Datos!$A$2:$A$31,$A3,Datos!$B$2:$B$31,"Familias")/SUMIFS(Datos!$F$2:$F$31,Datos!$A$2:$A$31,$A3,Datos!$B$2:$B$31,"Familias") | F3: =SUMIFS(Datos!$E$2:$E$31,Datos!$A$2:$A$31,$A3,Datos!$B$2:$B$31,"Estudiantes")/SUMIFS(Datos!$F$2:$F$31,Datos!$A$2:$A$31,$A3,Datos!$B$2:$B$31,"Estudiantes") | G3: =MAX(D3:F3)-MIN(D3:F3) | H3: =IF(MIN(D3:F3)>=Parametros!$B$3,"Sí","No") | I3: =IF(H3="Sí","Consenso para cambiar",IF(G3>=Parametros!$B$4,"Brecha: los grupos piensan distinto","Sin urgencia compartida"))
A4: Asignaturas separadas | B4: =SUMIFS(Datos!$E$2:$E$31,Datos!$A$2:$A$31,A4) | C4: =B4/SUMIFS(Datos!$F$2:$F$31,Datos!$A$2:$A$31,A4) | D4: =SUMIFS(Datos!$E$2:$E$31,Datos!$A$2:$A$31,$A4,Datos!$B$2:$B$31,"Docentes")/SUMIFS(Datos!$F$2:$F$31,Datos!$A$2:$A$31,$A4,Datos!$B$2:$B$31,"Docentes") | E4: =SUMIFS(Datos!$E$2:$E$31,Datos!$A$2:$A$31,$A4,Datos!$B$2:$B$31,"Familias")/SUMIFS(Datos!$F$2:$F$31,Datos!$A$2:$A$31,$A4,Datos!$B$2:$B$31,"Familias") | F4: =SUMIFS(Datos!$E$2:$E$31,Datos!$A$2:$A$31,$A4,Datos!$B$2:$B$31,"Estudiantes")/SUMIFS(Datos!$F$2:$F$31,Datos!$A$2:$A$31,$A4,Datos!$B$2:$B$31,"Estudiantes") | G4: =MAX(D4:F4)-MIN(D4:F4) | H4: =IF(MIN(D4:F4)>=Parametros!$B$3,"Sí","No") | I4: =IF(H4="Sí","Consenso para cambiar",IF(G4>=Parametros!$B$4,"Brecha: los grupos piensan distinto","Sin urgencia compartida"))
A5: Un docente para 30 o más estudiantes | B5: =SUMIFS(Datos!$E$2:$E$31,Datos!$A$2:$A$31,A5) | C5: =B5/SUMIFS(Datos!$F$2:$F$31,Datos!$A$2:$A$31,A5) | D5: =SUMIFS(Datos!$E$2:$E$31,Datos!$A$2:$A$31,$A5,Datos!$B$2:$B$31,"Docentes")/SUMIFS(Datos!$F$2:$F$31,Datos!$A$2:$A$31,$A5,Datos!$B$2:$B$31,"Docentes") | E5: =SUMIFS(Datos!$E$2:$E$31,Datos!$A$2:$A$31,$A5,Datos!$B$2:$B$31,"Familias")/SUMIFS(Datos!$F$2:$F$31,Datos!$A$2:$A$31,$A5,Datos!$B$2:$B$31,"Familias") | F5: =SUMIFS(Datos!$E$2:$E$31,Datos!$A$2:$A$31,$A5,Datos!$B$2:$B$31,"Estudiantes")/SUMIFS(Datos!$F$2:$F$31,Datos!$A$2:$A$31,$A5,Datos!$B$2:$B$31,"Estudiantes") | G5: =MAX(D5:F5)-MIN(D5:F5) | H5: =IF(MIN(D5:F5)>=Parametros!$B$3,"Sí","No") | I5: =IF(H5="Sí","Consenso para cambiar",IF(G5>=Parametros!$B$4,"Brecha: los grupos piensan distinto","Sin urgencia compartida"))
A6: Notas numéricas por periodo | B6: =SUMIFS(Datos!$E$2:$E$31,Datos!$A$2:$A$31,A6) | C6: =B6/SUMIFS(Datos!$F$2:$F$31,Datos!$A$2:$A$31,A6) | D6: =SUMIFS(Datos!$E$2:$E$31,Datos!$A$2:$A$31,$A6,Datos!$B$2:$B$31,"Docentes")/SUMIFS(Datos!$F$2:$F$31,Datos!$A$2:$A$31,$A6,Datos!$B$2:$B$31,"Docentes") | E6: =SUMIFS(Datos!$E$2:$E$31,Datos!$A$2:$A$31,$A6,Datos!$B$2:$B$31,"Familias")/SUMIFS(Datos!$F$2:$F$31,Datos!$A$2:$A$31,$A6,Datos!$B$2:$B$31,"Familias") | F6: =SUMIFS(Datos!$E$2:$E$31,Datos!$A$2:$A$31,$A6,Datos!$B$2:$B$31,"Estudiantes")/SUMIFS(Datos!$F$2:$F$31,Datos!$A$2:$A$31,$A6,Datos!$B$2:$B$31,"Estudiantes") | G6: =MAX(D6:F6)-MIN(D6:F6) | H6: =IF(MIN(D6:F6)>=Parametros!$B$3,"Sí","No") | I6: =IF(H6="Sí","Consenso para cambiar",IF(G6>=Parametros!$B$4,"Brecha: los grupos piensan distinto","Sin urgencia compartida"))
A7: Exámenes escritos como evidencia principal | B7: =SUMIFS(Datos!$E$2:$E$31,Datos!$A$2:$A$31,A7) | C7: =B7/SUMIFS(Datos!$F$2:$F$31,Datos!$A$2:$A$31,A7) | D7: =SUMIFS(Datos!$E$2:$E$31,Datos!$A$2:$A$31,$A7,Datos!$B$2:$B$31,"Docentes")/SUMIFS(Datos!$F$2:$F$31,Datos!$A$2:$A$31,$A7,Datos!$B$2:$B$31,"Docentes") | E7: =SUMIFS(Datos!$E$2:$E$31,Datos!$A$2:$A$31,$A7,Datos!$B$2:$B$31,"Familias")/SUMIFS(Datos!$F$2:$F$31,Datos!$A$2:$A$31,$A7,Datos!$B$2:$B$31,"Familias") | F7: =SUMIFS(Datos!$E$2:$E$31,Datos!$A$2:$A$31,$A7,Datos!$B$2:$B$31,"Estudiantes")/SUMIFS(Datos!$F$2:$F$31,Datos!$A$2:$A$31,$A7,Datos!$B$2:$B$31,"Estudiantes") | G7: =MAX(D7:F7)-MIN(D7:F7) | H7: =IF(MIN(D7:F7)>=Parametros!$B$3,"Sí","No") | I7: =IF(H7="Sí","Consenso para cambiar",IF(G7>=Parametros!$B$4,"Brecha: los grupos piensan distinto","Sin urgencia compartida"))
A8: Calendario de 40 semanas con vacaciones largas | B8: =SUMIFS(Datos!$E$2:$E$31,Datos!$A$2:$A$31,A8) | C8: =B8/SUMIFS(Datos!$F$2:$F$31,Datos!$A$2:$A$31,A8) | D8: =SUMIFS(Datos!$E$2:$E$31,Datos!$A$2:$A$31,$A8,Datos!$B$2:$B$31,"Docentes")/SUMIFS(Datos!$F$2:$F$31,Datos!$A$2:$A$31,$A8,Datos!$B$2:$B$31,"Docentes") | E8: =SUMIFS(Datos!$E$2:$E$31,Datos!$A$2:$A$31,$A8,Datos!$B$2:$B$31,"Familias")/SUMIFS(Datos!$F$2:$F$31,Datos!$A$2:$A$31,$A8,Datos!$B$2:$B$31,"Familias") | F8: =SUMIFS(Datos!$E$2:$E$31,Datos!$A$2:$A$31,$A8,Datos!$B$2:$B$31,"Estudiantes")/SUMIFS(Datos!$F$2:$F$31,Datos!$A$2:$A$31,$A8,Datos!$B$2:$B$31,"Estudiantes") | G8: =MAX(D8:F8)-MIN(D8:F8) | H8: =IF(MIN(D8:F8)>=Parametros!$B$3,"Sí","No") | I8: =IF(H8="Sí","Consenso para cambiar",IF(G8>=Parametros!$B$4,"Brecha: los grupos piensan distinto","Sin urgencia compartida"))
A9: Aulas con pupitres en filas | B9: =SUMIFS(Datos!$E$2:$E$31,Datos!$A$2:$A$31,A9) | C9: =B9/SUMIFS(Datos!$F$2:$F$31,Datos!$A$2:$A$31,A9) | D9: =SUMIFS(Datos!$E$2:$E$31,Datos!$A$2:$A$31,$A9,Datos!$B$2:$B$31,"Docentes")/SUMIFS(Datos!$F$2:$F$31,Datos!$A$2:$A$31,$A9,Datos!$B$2:$B$31,"Docentes") | E9: =SUMIFS(Datos!$E$2:$E$31,Datos!$A$2:$A$31,$A9,Datos!$B$2:$B$31,"Familias")/SUMIFS(Datos!$F$2:$F$31,Datos!$A$2:$A$31,$A9,Datos!$B$2:$B$31,"Familias") | F9: =SUMIFS(Datos!$E$2:$E$31,Datos!$A$2:$A$31,$A9,Datos!$B$2:$B$31,"Estudiantes")/SUMIFS(Datos!$F$2:$F$31,Datos!$A$2:$A$31,$A9,Datos!$B$2:$B$31,"Estudiantes") | G9: =MAX(D9:F9)-MIN(D9:F9) | H9: =IF(MIN(D9:F9)>=Parametros!$B$3,"Sí","No") | I9: =IF(H9="Sí","Consenso para cambiar",IF(G9>=Parametros!$B$4,"Brecha: los grupos piensan distinto","Sin urgencia compartida"))
A10: Inicio de la jornada muy temprano | B10: =SUMIFS(Datos!$E$2:$E$31,Datos!$A$2:$A$31,A10) | C10: =B10/SUMIFS(Datos!$F$2:$F$31,Datos!$A$2:$A$31,A10) | D10: =SUMIFS(Datos!$E$2:$E$31,Datos!$A$2:$A$31,$A10,Datos!$B$2:$B$31,"Docentes")/SUMIFS(Datos!$F$2:$F$31,Datos!$A$2:$A$31,$A10,Datos!$B$2:$B$31,"Docentes") | E10: =SUMIFS(Datos!$E$2:$E$31,Datos!$A$2:$A$31,$A10,Datos!$B$2:$B$31,"Familias")/SUMIFS(Datos!$F$2:$F$31,Datos!$A$2:$A$31,$A10,Datos!$B$2:$B$31,"Familias") | F10: =SUMIFS(Datos!$E$2:$E$31,Datos!$A$2:$A$31,$A10,Datos!$B$2:$B$31,"Estudiantes")/SUMIFS(Datos!$F$2:$F$31,Datos!$A$2:$A$31,$A10,Datos!$B$2:$B$31,"Estudiantes") | G10: =MAX(D10:F10)-MIN(D10:F10) | H10: =IF(MIN(D10:F10)>=Parametros!$B$3,"Sí","No") | I10: =IF(H10="Sí","Consenso para cambiar",IF(G10>=Parametros!$B$4,"Brecha: los grupos piensan distinto","Sin urgencia compartida"))
A11: Tareas para la casa | B11: =SUMIFS(Datos!$E$2:$E$31,Datos!$A$2:$A$31,A11) | C11: =B11/SUMIFS(Datos!$F$2:$F$31,Datos!$A$2:$A$31,A11) | D11: =SUMIFS(Datos!$E$2:$E$31,Datos!$A$2:$A$31,$A11,Datos!$B$2:$B$31,"Docentes")/SUMIFS(Datos!$F$2:$F$31,Datos!$A$2:$A$31,$A11,Datos!$B$2:$B$31,"Docentes") | E11: =SUMIFS(Datos!$E$2:$E$31,Datos!$A$2:$A$31,$A11,Datos!$B$2:$B$31,"Familias")/SUMIFS(Datos!$F$2:$F$31,Datos!$A$2:$A$31,$A11,Datos!$B$2:$B$31,"Familias") | F11: =SUMIFS(Datos!$E$2:$E$31,Datos!$A$2:$A$31,$A11,Datos!$B$2:$B$31,"Estudiantes")/SUMIFS(Datos!$F$2:$F$31,Datos!$A$2:$A$31,$A11,Datos!$B$2:$B$31,"Estudiantes") | G11: =MAX(D11:F11)-MIN(D11:F11) | H11: =IF(MIN(D11:F11)>=Parametros!$B$3,"Sí","No") | I11: =IF(H11="Sí","Consenso para cambiar",IF(G11>=Parametros!$B$4,"Brecha: los grupos piensan distinto","Sin urgencia compartida"))
