Workbook

Sheet Resumen
A1: RESUMEN
A3: Docentes | B3: =COUNTA(Resultados!A2:A7)
A4: Horas asignadas en total | B4: =SUM(Resultados!B2:B7)
A5: Horas requeridas por el plan (todos los grupos) | B5: =SUM(Cobertura!C2:C49)
A6: Horas sin cubrir | B6: =SUM(Cobertura!E2:E49)
A7: Combinaciones grupo-asignatura sin docente | B7: =COUNTIF(Cobertura!F2:F49,"Sin docente")
A8: Docentes que exceden el máximo | B8: =COUNTIF(Resultados!D2:D7,"Excede*")
A9: Docentes por debajo del umbral | B9: =COUNTIF(Resultados!D2:D7,"Por debajo*")
A10: Mayor carga (horas) | B10: =MAX(Resultados!B2:B7)
A11: Menor carga (horas) | B11: =MIN(Resultados!B2:B7)
A12: Horas por encima del máximo (suma) | B12: =SUMIF(Resultados!C2:C7,">0")

Sheet Parametros
A1: PARÁMETROS (editables). Verifica en tu colegio: Decreto 1850 de 2002, arts. 5 y 6 (compilado en el Decreto 1075 de 2015) y las instrucciones de tu secretaría de educación.
A3: Asignación académica máxima semanal (secundaria y media, horas de 60 min) | B3: 22
A4: Umbral por debajo del cual se revisa (horas) | B4: 20
A6: Datos ficticios. En preescolar y primaria la asignación es igual a la jornada escolar; esta plantilla es para secundaria y media.

Sheet Plan
A1: Asignatura | B1: Horas semanales por grupo
A2: Matemáticas | B2: 5
A3: Lengua castellana | B3: 4
A4: Ciencias naturales | B4: 4
A5: Ciencias sociales | B5: 3
A6: Inglés | B6: 3
A7: Educación física | B7: 2
A8: Artes | B8: 2
A9: Tecnología | B9: 2

Sheet Asignaciones
A1: Docente | B1: Asignatura | C1: Grupo | D1: Horas semanales | E1: Estudiantes del grupo
A2: Docente 1 | B2: Matemáticas | C2: 6A | D2: 5 | E2: 32
A3: Docente 1 | B3: Matemáticas | C3: 6B | D3: 5 | E3: 30
A4: Docente 1 | B4: Matemáticas | C4: 7A | D4: 5 | E4: 34
A5: Docente 1 | B5: Matemáticas | C5: 7B | D5: 5 | E5: 31
A6: Docente 1 | B6: Matemáticas | C6: 8A | D6: 5 | E6: 33
A7: Docente 2 | B7: Lengua castellana | C7: 6A | D7: 4 | E7: 32
A8: Docente 2 | B8: Lengua castellana | C8: 6B | D8: 4 | E8: 30
A9: Docente 2 | B9: Lengua castellana | C9: 7A | D9: 4 | E9: 34
A10: Docente 2 | B10: Lengua castellana | C10: 7B | D10: 4 | E10: 31
A11: Docente 2 | B11: Lengua castellana | C11: 8A | D11: 4 | E11: 33
A12: Docente 2 | B12: Lengua castellana | C12: 8B | D12: 4 | E12: 29
A13: Docente 3 | B13: Ciencias naturales | C13: 6A | D13: 4 | E13: 32
... A43: Docente 6 | B43: Artes | C43: 8A | D43: 2 | E43: 33

Sheet Resultados
A1: Docente | B1: Horas asignadas | C1: Diferencia con el máximo | D1: Estado | E1: Grupos distintos | F1: Asignaturas distintas (preparaciones) | G1: Estudiantes (suma por asignación)
A2: Docente 1 | B2: =SUMIFS(Asignaciones!$D$2:$D$43,Asignaciones!$A$2:$A$43,A2) | C2: =B2-Parametros!$B$3 | D2: =IF(B2>Parametros!$B$3,"Excede el máximo",IF(B2<Parametros!$B$4,"Por debajo del umbral","Dentro")) | E2: =SUMPRODUCT((Asignaciones!$A$2:$A$43=A2)/COUNTIFS(Asignaciones!$A$2:$A$43,Asignaciones!$A$2:$A$43,Asignaciones!$C$2:$C$43,Asignaciones!$C$2:$C$43)) | F2: =SUMPRODUCT((Asignaciones!$A$2:$A$43=A2)/COUNTIFS(Asignaciones!$A$2:$A$43,Asignaciones!$A$2:$A$43,Asignaciones!$B$2:$B$43,Asignaciones!$B$2:$B$43)) | G2: =SUMIFS(Asignaciones!$E$2:$E$43,Asignaciones!$A$2:$A$43,A2)
A3: Docente 2 | B3: =SUMIFS(Asignaciones!$D$2:$D$43,Asignaciones!$A$2:$A$43,A3) | C3: =B3-Parametros!$B$3 | D3: =IF(B3>Parametros!$B$3,"Excede el máximo",IF(B3<Parametros!$B$4,"Por debajo del umbral","Dentro")) | E3: =SUMPRODUCT((Asignaciones!$A$2:$A$43=A3)/COUNTIFS(Asignaciones!$A$2:$A$43,Asignaciones!$A$2:$A$43,Asignaciones!$C$2:$C$43,Asignaciones!$C$2:$C$43)) | F3: =SUMPRODUCT((Asignaciones!$A$2:$A$43=A3)/COUNTIFS(Asignaciones!$A$2:$A$43,Asignaciones!$A$2:$A$43,Asignaciones!$B$2:$B$43,Asignaciones!$B$2:$B$43)) | G3: =SUMIFS(Asignaciones!$E$2:$E$43,Asignaciones!$A$2:$A$43,A3)
A4: Docente 3 | B4: =SUMIFS(Asignaciones!$D$2:$D$43,Asignaciones!$A$2:$A$43,A4) | C4: =B4-Parametros!$B$3 | D4: =IF(B4>Parametros!$B$3,"Excede el máximo",IF(B4<Parametros!$B$4,"Por debajo del umbral","Dentro")) | E4: =SUMPRODUCT((Asignaciones!$A$2:$A$43=A4)/COUNTIFS(Asignaciones!$A$2:$A$43,Asignaciones!$A$2:$A$43,Asignaciones!$C$2:$C$43,Asignaciones!$C$2:$C$43)) | F4: =SUMPRODUCT((Asignaciones!$A$2:$A$43=A4)/COUNTIFS(Asignaciones!$A$2:$A$43,Asignaciones!$A$2:$A$43,Asignaciones!$B$2:$B$43,Asignaciones!$B$2:$B$43)) | G4: =SUMIFS(Asignaciones!$E$2:$E$43,Asignaciones!$A$2:$A$43,A4)
A5: Docente 4 | B5: =SUMIFS(Asignaciones!$D$2:$D$43,Asignaciones!$A$2:$A$43,A5) | C5: =B5-Parametros!$B$3 | D5: =IF(B5>Parametros!$B$3,"Excede el máximo",IF(B5<Parametros!$B$4,"Por debajo del umbral","Dentro")) | E5: =SUMPRODUCT((Asignaciones!$A$2:$A$43=A5)/COUNTIFS(Asignaciones!$A$2:$A$43,Asignaciones!$A$2:$A$43,Asignaciones!$C$2:$C$43,Asignaciones!$C$2:$C$43)) | F5: =SUMPRODUCT((Asignaciones!$A$2:$A$43=A5)/COUNTIFS(Asignaciones!$A$2:$A$43,Asignaciones!$A$2:$A$43,Asignaciones!$B$2:$B$43,Asignaciones!$B$2:$B$43)) | G5: =SUMIFS(Asignaciones!$E$2:$E$43,Asignaciones!$A$2:$A$43,A5)
A6: Docente 5 | B6: =SUMIFS(Asignaciones!$D$2:$D$43,Asignaciones!$A$2:$A$43,A6) | C6: =B6-Parametros!$B$3 | D6: =IF(B6>Parametros!$B$3,"Excede el máximo",IF(B6<Parametros!$B$4,"Por debajo del umbral","Dentro")) | E6: =SUMPRODUCT((Asignaciones!$A$2:$A$43=A6)/COUNTIFS(Asignaciones!$A$2:$A$43,Asignaciones!$A$2:$A$43,Asignaciones!$C$2:$C$43,Asignaciones!$C$2:$C$43)) | F6: =SUMPRODUCT((Asignaciones!$A$2:$A$43=A6)/COUNTIFS(Asignaciones!$A$2:$A$43,Asignaciones!$A$2:$A$43,Asignaciones!$B$2:$B$43,Asignaciones!$B$2:$B$43)) | G6: =SUMIFS(Asignaciones!$E$2:$E$43,Asignaciones!$A$2:$A$43,A6)
A7: Docente 6 | B7: =SUMIFS(Asignaciones!$D$2:$D$43,Asignaciones!$A$2:$A$43,A7) | C7: =B7-Parametros!$B$3 | D7: =IF(B7>Parametros!$B$3,"Excede el máximo",IF(B7<Parametros!$B$4,"Por debajo del umbral","Dentro")) | E7: =SUMPRODUCT((Asignaciones!$A$2:$A$43=A7)/COUNTIFS(Asignaciones!$A$2:$A$43,Asignaciones!$A$2:$A$43,Asignaciones!$C$2:$C$43,Asignaciones!$C$2:$C$43)) | F7: =SUMPRODUCT((Asignaciones!$A$2:$A$43=A7)/COUNTIFS(Asignaciones!$A$2:$A$43,Asignaciones!$A$2:$A$43,Asignaciones!$B$2:$B$43,Asignaciones!$B$2:$B$43)) | G7: =SUMIFS(Asignaciones!$E$2:$E$43,Asignaciones!$A$2:$A$43,A7)

Sheet Cobertura
A1: Grupo | B1: Asignatura | C1: Horas requeridas | D1: Horas asignadas | E1: Horas sin cubrir | F1: Estado
A2: 6A | B2: Matemáticas | C2: =VLOOKUP(B2,Plan!$A$2:$B$9,2,FALSE) | D2: =SUMIFS(Asignaciones!$D$2:$D$43,Asignaciones!$B$2:$B$43,B2,Asignaciones!$C$2:$C$43,A2) | E2: =MAX(0,C2-D2) | F2: =IF(E2>0,"Sin docente","Cubierta")
A3: 6A | B3: Lengua castellana | C3: =VLOOKUP(B3,Plan!$A$2:$B$9,2,FALSE) | D3: =SUMIFS(Asignaciones!$D$2:$D$43,Asignaciones!$B$2:$B$43,B3,Asignaciones!$C$2:$C$43,A3) | E3: =MAX(0,C3-D3) | F3: =IF(E3>0,"Sin docente","Cubierta")
A4: 6A | B4: Ciencias naturales | C4: =VLOOKUP(B4,Plan!$A$2:$B$9,2,FALSE) | D4: =SUMIFS(Asignaciones!$D$2:$D$43,Asignaciones!$B$2:$B$43,B4,Asignaciones!$C$2:$C$43,A4) | E4: =MAX(0,C4-D4) | F4: =IF(E4>0,"Sin docente","Cubierta")
A5: 6A | B5: Ciencias sociales | C5: =VLOOKUP(B5,Plan!$A$2:$B$9,2,FALSE) | D5: =SUMIFS(Asignaciones!$D$2:$D$43,Asignaciones!$B$2:$B$43,B5,Asignaciones!$C$2:$C$43,A5) | E5: =MAX(0,C5-D5) | F5: =IF(E5>0,"Sin docente","Cubierta")
A6: 6A | B6: Inglés | C6: =VLOOKUP(B6,Plan!$A$2:$B$9,2,FALSE) | D6: =SUMIFS(Asignaciones!$D$2:$D$43,Asignaciones!$B$2:$B$43,B6,Asignaciones!$C$2:$C$43,A6) | E6: =MAX(0,C6-D6) | F6: =IF(E6>0,"Sin docente","Cubierta")
A7: 6A | B7: Educación física | C7: =VLOOKUP(B7,Plan!$A$2:$B$9,2,FALSE) | D7: =SUMIFS(Asignaciones!$D$2:$D$43,Asignaciones!$B$2:$B$43,B7,Asignaciones!$C$2:$C$43,A7) | E7: =MAX(0,C7-D7) | F7: =IF(E7>0,"Sin docente","Cubierta")
A8: 6A | B8: Artes | C8: =VLOOKUP(B8,Plan!$A$2:$B$9,2,FALSE) | D8: =SUMIFS(Asignaciones!$D$2:$D$43,Asignaciones!$B$2:$B$43,B8,Asignaciones!$C$2:$C$43,A8) | E8: =MAX(0,C8-D8) | F8: =IF(E8>0,"Sin docente","Cubierta")
A9: 6A | B9: Tecnología | C9: =VLOOKUP(B9,Plan!$A$2:$B$9,2,FALSE) | D9: =SUMIFS(Asignaciones!$D$2:$D$43,Asignaciones!$B$2:$B$43,B9,Asignaciones!$C$2:$C$43,A9) | E9: =MAX(0,C9-D9) | F9: =IF(E9>0,"Sin docente","Cubierta")
A10: 6B | B10: Matemáticas | C10: =VLOOKUP(B10,Plan!$A$2:$B$9,2,FALSE) | D10: =SUMIFS(Asignaciones!$D$2:$D$43,Asignaciones!$B$2:$B$43,B10,Asignaciones!$C$2:$C$43,A10) | E10: =MAX(0,C10-D10) | F10: =IF(E10>0,"Sin docente","Cubierta")
A11: 6B | B11: Lengua castellana | C11: =VLOOKUP(B11,Plan!$A$2:$B$9,2,FALSE) | D11: =SUMIFS(Asignaciones!$D$2:$D$43,Asignaciones!$B$2:$B$43,B11,Asignaciones!$C$2:$C$43,A11) | E11: =MAX(0,C11-D11) | F11: =IF(E11>0,"Sin docente","Cubierta")
A12: 6B | B12: Ciencias naturales | C12: =VLOOKUP(B12,Plan!$A$2:$B$9,2,FALSE) | D12: =SUMIFS(Asignaciones!$D$2:$D$43,Asignaciones!$B$2:$B$43,B12,Asignaciones!$C$2:$C$43,A12) | E12: =MAX(0,C12-D12) | F12: =IF(E12>0,"Sin docente","Cubierta")
A13: 6B | B13: Ciencias sociales | C13: =VLOOKUP(B13,Plan!$A$2:$B$9,2,FALSE) | D13: =SUMIFS(Asignaciones!$D$2:$D$43,Asignaciones!$B$2:$B$43,B13,Asignaciones!$C$2:$C$43,A13) | E13: =MAX(0,C13-D13) | F13: =IF(E13>0,"Sin docente","Cubierta")
... A49: 8B | B49: Tecnología | C49: =VLOOKUP(B49,Plan!$A$2:$B$9,2,FALSE) | D49: =SUMIFS(Asignaciones!$D$2:$D$43,Asignaciones!$B$2:$B$43,B49,Asignaciones!$C$2:$C$43,A49) | E49: =MAX(0,C49-D49) | F49: =IF(E49>0,"Sin docente","Cubierta")
