Workbook

Sheet Resumen
A1: RESUMEN
A3: Prácticas mapeadas | B3: =COUNTA(Mapa!B4:B13)
A4: Coherentes en los cuatro grados | B4: =COUNTIF(Mapa!G4:G13,1)
A5: Con dos versiones | B5: =COUNTIF(Mapa!G4:G13,2)
A6: Con tres o más versiones | B6: =COUNTIF(Mapa!G4:G13,">=3")
A7: Cambios entre grados consecutivos | B7: =SUM(Mapa!H4:H13)
A8: Transiciones posibles (prácticas × 3) | B8: =B3*3
A9: Porcentaje de transiciones que cambian de regla | B9: =B7/B8
A11: Transición | B11: Prácticas que cambian
A12: 6 a 7 | B12: =SUMPRODUCT(--(Mapa!C4:C13<>Mapa!D4:D13))
A13: 7 a 8 | B13: =SUMPRODUCT(--(Mapa!D4:D13<>Mapa!E4:E13))
A14: 8 a 9 | B14: =SUMPRODUCT(--(Mapa!E4:E13<>Mapa!F4:F13))
A16: Transición con más cambios | B16: =INDEX(A12:A14,MATCH(MAX(B12:B14),B12:B14,0))

Sheet Opciones
A1: PRÁCTICAS Y OPCIONES (cada práctica tiene hasta tres formas de hacerse; ejemplo editable)
A3: N.º | B3: Práctica | C3: Opción A | D3: Opción B | E3: Opción C
A4: 1 | B4: Trabajos entregados tarde | C4: No se reciben | D4: Se reciben con penalización | E4: Se reciben sin penalización
A5: 2 | B5: Uso del celular en clase | C5: Prohibido | D5: Permitido para actividades indicadas | E5: Libre
A6: 3 | B6: Formato de entrega | C6: A mano en cuaderno | D6: Digital en plataforma | E6: Ambos
A7: 4 | B7: Corrección de errores | C7: La corrige el docente | D7: El estudiante corrige con retroalimentación | E7: No se corrige
A8: 5 | B8: Trabajo en grupo | C8: Nota grupal | D8: Nota individual | E8: Nota mixta
A9: 6 | B9: Participación en clase | C9: Se califica | D9: No se califica | E9: Se registra sin nota
A10: 7 | B10: Recuperaciones | C10: Una por periodo | D10: Ilimitadas | E10: No hay
A11: 8 | B11: Escala de las rúbricas | C11: Cuatro niveles | D11: Cinco niveles | E11: Tres niveles
A12: 9 | B12: Tareas en casa | C12: Diarias | D12: Semanales | E12: Ocasionales
A13: 10 | B13: Pedir la palabra | C13: Levantar la mano | D13: Intervenir libremente | E13: Turnos asignados

Sheet Mapa
A1: MAPA DE EXPECTATIVAS ENTRE GRADOS (A, B o C según la hoja Opciones; ejemplo ficticio de grados 6 a 9)
A3: N.º | B3: Práctica | C3: Grado 6 | D3: Grado 7 | E3: Grado 8 | F3: Grado 9 | G3: Versiones distintas | H3: Cambios entre grados consecutivos | I3: Diagnóstico
A4: 1 | B4: =Opciones!B4 | C4: B | D4: B | E4: A | F4: C | G4: =SUMPRODUCT(1/COUNTIF(C4:F4,C4:F4)) | H4: =(C4<>D4)+(D4<>E4)+(E4<>F4) | I4: =IF(G4=1,"Coherente en los cuatro grados",IF(G4>=3,"Tres versiones o más: el estudiante aprende reglas nuevas cada año","Dos versiones: revisar si el cambio es intencional"))
A5: 2 | B5: =Opciones!B5 | C5: A | D5: A | E5: A | F5: A | G5: =SUMPRODUCT(1/COUNTIF(C5:F5,C5:F5)) | H5: =(C5<>D5)+(D5<>E5)+(E5<>F5) | I5: =IF(G5=1,"Coherente en los cuatro grados",IF(G5>=3,"Tres versiones o más: el estudiante aprende reglas nuevas cada año","Dos versiones: revisar si el cambio es intencional"))
A6: 3 | B6: =Opciones!B6 | C6: A | D6: A | E6: B | F6: B | G6: =SUMPRODUCT(1/COUNTIF(C6:F6,C6:F6)) | H6: =(C6<>D6)+(D6<>E6)+(E6<>F6) | I6: =IF(G6=1,"Coherente en los cuatro grados",IF(G6>=3,"Tres versiones o más: el estudiante aprende reglas nuevas cada año","Dos versiones: revisar si el cambio es intencional"))
A7: 4 | B7: =Opciones!B7 | C7: A | D7: B | E7: A | F7: C | G7: =SUMPRODUCT(1/COUNTIF(C7:F7,C7:F7)) | H7: =(C7<>D7)+(D7<>E7)+(E7<>F7) | I7: =IF(G7=1,"Coherente en los cuatro grados",IF(G7>=3,"Tres versiones o más: el estudiante aprende reglas nuevas cada año","Dos versiones: revisar si el cambio es intencional"))
A8: 5 | B8: =Opciones!B8 | C8: A | D8: A | E8: A | F8: A | G8: =SUMPRODUCT(1/COUNTIF(C8:F8,C8:F8)) | H8: =(C8<>D8)+(D8<>E8)+(E8<>F8) | I8: =IF(G8=1,"Coherente en los cuatro grados",IF(G8>=3,"Tres versiones o más: el estudiante aprende reglas nuevas cada año","Dos versiones: revisar si el cambio es intencional"))
A9: 6 | B9: =Opciones!B9 | C9: A | D9: A | E9: B | F9: B | G9: =SUMPRODUCT(1/COUNTIF(C9:F9,C9:F9)) | H9: =(C9<>D9)+(D9<>E9)+(E9<>F9) | I9: =IF(G9=1,"Coherente en los cuatro grados",IF(G9>=3,"Tres versiones o más: el estudiante aprende reglas nuevas cada año","Dos versiones: revisar si el cambio es intencional"))
A10: 7 | B10: =Opciones!B10 | C10: A | D10: B | E10: C | F10: A | G10: =SUMPRODUCT(1/COUNTIF(C10:F10,C10:F10)) | H10: =(C10<>D10)+(D10<>E10)+(E10<>F10) | I10: =IF(G10=1,"Coherente en los cuatro grados",IF(G10>=3,"Tres versiones o más: el estudiante aprende reglas nuevas cada año","Dos versiones: revisar si el cambio es intencional"))
A11: 8 | B11: =Opciones!B11 | C11: A | D11: A | E11: B | F11: C | G11: =SUMPRODUCT(1/COUNTIF(C11:F11,C11:F11)) | H11: =(C11<>D11)+(D11<>E11)+(E11<>F11) | I11: =IF(G11=1,"Coherente en los cuatro grados",IF(G11>=3,"Tres versiones o más: el estudiante aprende reglas nuevas cada año","Dos versiones: revisar si el cambio es intencional"))
A12: 9 | B12: =Opciones!B12 | C12: A | D12: A | E12: A | F12: B | G12: =SUMPRODUCT(1/COUNTIF(C12:F12,C12:F12)) | H12: =(C12<>D12)+(D12<>E12)+(E12<>F12) | I12: =IF(G12=1,"Coherente en los cuatro grados",IF(G12>=3,"Tres versiones o más: el estudiante aprende reglas nuevas cada año","Dos versiones: revisar si el cambio es intencional"))
A13: 10 | B13: =Opciones!B13 | C13: A | D13: A | E13: A | F13: A | G13: =SUMPRODUCT(1/COUNTIF(C13:F13,C13:F13)) | H13: =(C13<>D13)+(D13<>E13)+(E13<>F13) | I13: =IF(G13=1,"Coherente en los cuatro grados",IF(G13>=3,"Tres versiones o más: el estudiante aprende reglas nuevas cada año","Dos versiones: revisar si el cambio es intencional"))

Sheet Acuerdos
A1: ACUERDOS MÍNIMOS COMUNES (para llenar después de mirar el mapa)
A3: Práctica | B3: Acuerdo para todos los grados | C3: Excepciones justificadas por edad | D3: Quién lo comunica y cuándo
