Workbook

Sheet Supuestos
A1: SUPUESTOS ILUSTRATIVOS (edita las celdas amarillas). No son precios reales de ninguna marca.
A3: Usuarios | B3: 12
A4: Tasa de cambio supuesta (COP por USD) | B4: 4000
A5: Incremento anual del precio de la suscripción | B5: 0.07
A6: Licencia perpetua: precio por usuario (USD) | B6: 500
A7: Soporte y actualizaciones anual (% de la licencia) | B7: 0.2
A8: Suscripción: precio por usuario y mes (USD) | B8: 25
A9: Desarrollo propio: costo de construcción (USD) | B9: 18000
A10: Desarrollo propio: mantenimiento anual desde el año 2 (% del desarrollo) | B10: 0.2
A13: COSTOS POR OPCIÓN Y AÑO (USD)
A14: Concepto | B14: Año 1 | C14: Año 2 | D14: Año 3
A15: A. COMPRAR (licencia perpetua)
A16: Licencia | B16: =B6*B3 | C16: 0 | D16: 0
A17: Implementación | B17: 1500 | C17: 0 | D17: 0
A18: Capacitación | B18: 600 | C18: 0 | D18: 0
A19: Soporte y actualizaciones | B19: =B6*B3*B7 | C19: =B6*B3*B7 | D19: =B6*B3*B7
A20: Infraestructura (servidor y respaldo) | B20: 1200 | C20: 300 | D20: 300
A21: Seguridad y administración de TI | B21: 600 | C21: 600 | D21: 600
A22: B. SUSCRIPCIÓN
A23: Suscripción | B23: =B8*B3*12 | C23: =B8*B3*12*(1+B5) | D23: =B8*B3*12*(1+B5)^2
A24: Implementación | B24: 800 | C24: 0 | D24: 0
A25: Capacitación | B25: 600 | C25: 0 | D25: 0
A26: Integraciones | B26: 400 | C26: 0 | D26: 0
A27: Administración | B27: 300 | C27: 300 | D27: 300
A28: C. DESARROLLAR (aplicación propia)
A29: Desarrollo | B29: =B9 | C29: 0 | D29: 0
A30: Hosting | B30: 1080 | C30: 1080 | D30: 1080
A31: Mantenimiento | B31: 0 | C31: =B9*B10 | D31: =B9*B10
A32: Seguridad y auditoría | B32: 1000 | C32: 1000 | D32: 1000
A33: Soporte y ajustes | B33: 1500 | C33: 1500 | D33: 1500
A34: Capacitación | B34: 600 | C34: 0 | D34: 0

Sheet Comparacion
A1: COMPARACIÓN A TRES AÑOS (USD)
A3: Opción | B3: Año 1 | C3: Año 2 | D3: Año 3 | E3: Total 3 años | F3: Costo por usuario y mes | G3: Total en COP | H3: Pago inicial (año 1) %
A4: A. Comprar (licencia perpetua) | B4: =SUM(Supuestos!B16:B21) | C4: =SUM(Supuestos!C16:C21) | D4: =SUM(Supuestos!D16:D21) | E4: =SUM(B4:D4) | F4: =E4/(Supuestos!$B$3*36) | G4: =E4*Supuestos!$B$4 | H4: =B4/E4
A5: B. Suscripción | B5: =SUM(Supuestos!B23:B27) | C5: =SUM(Supuestos!C23:C27) | D5: =SUM(Supuestos!D23:D27) | E5: =SUM(B5:D5) | F5: =E5/(Supuestos!$B$3*36) | G5: =E5*Supuestos!$B$4 | H5: =B5/E5
A6: C. Desarrollar (propio) | B6: =SUM(Supuestos!B29:B34) | C6: =SUM(Supuestos!C29:C34) | D6: =SUM(Supuestos!D29:D34) | E6: =SUM(B6:D6) | F6: =E6/(Supuestos!$B$3*36) | G6: =E6*Supuestos!$B$4 | H6: =B6/E6
A8: Opción más económica a 3 años | B8: =INDEX(A4:A6,MATCH(MIN(E4:E6),E4:E6,0))
A9: Diferencia entre la más cara y la más barata (USD) | B9: =MAX(E4:E6)-MIN(E4:E6)
A11: Nota: el costo total no es el único criterio: revisa también dependencia, portabilidad de los datos, seguridad y capacidad de mantenimiento.

Sheet Sensibilidad
A1: COSTO A 3 AÑOS SEGÚN EL NÚMERO DE USUARIOS (USD). El resto de supuestos viene de la hoja Supuestos.
A3: Usuarios | B3: A. Comprar | C3: B. Suscripción | D3: C. Desarrollar | E3: Más barata
A4: 5 | B4: =Supuestos!$B$6*A4*(1+3*Supuestos!$B$7)+SUM(Supuestos!B17:D18)+SUM(Supuestos!B20:D21) | C4: =Supuestos!$B$8*A4*12*(1+(1+Supuestos!$B$5)+(1+Supuestos!$B$5)^2)+SUM(Supuestos!B24:D27) | D4: =SUM(Supuestos!B29:D34) | E4: =INDEX($B$3:$D$3,MATCH(MIN(B4:D4),B4:D4,0))
A5: 10 | B5: =Supuestos!$B$6*A5*(1+3*Supuestos!$B$7)+SUM(Supuestos!B17:D18)+SUM(Supuestos!B20:D21) | C5: =Supuestos!$B$8*A5*12*(1+(1+Supuestos!$B$5)+(1+Supuestos!$B$5)^2)+SUM(Supuestos!B24:D27) | D5: =SUM(Supuestos!B29:D34) | E5: =INDEX($B$3:$D$3,MATCH(MIN(B5:D5),B5:D5,0))
A6: 15 | B6: =Supuestos!$B$6*A6*(1+3*Supuestos!$B$7)+SUM(Supuestos!B17:D18)+SUM(Supuestos!B20:D21) | C6: =Supuestos!$B$8*A6*12*(1+(1+Supuestos!$B$5)+(1+Supuestos!$B$5)^2)+SUM(Supuestos!B24:D27) | D6: =SUM(Supuestos!B29:D34) | E6: =INDEX($B$3:$D$3,MATCH(MIN(B6:D6),B6:D6,0))
A7: 20 | B7: =Supuestos!$B$6*A7*(1+3*Supuestos!$B$7)+SUM(Supuestos!B17:D18)+SUM(Supuestos!B20:D21) | C7: =Supuestos!$B$8*A7*12*(1+(1+Supuestos!$B$5)+(1+Supuestos!$B$5)^2)+SUM(Supuestos!B24:D27) | D7: =SUM(Supuestos!B29:D34) | E7: =INDEX($B$3:$D$3,MATCH(MIN(B7:D7),B7:D7,0))
A8: 25 | B8: =Supuestos!$B$6*A8*(1+3*Supuestos!$B$7)+SUM(Supuestos!B17:D18)+SUM(Supuestos!B20:D21) | C8: =Supuestos!$B$8*A8*12*(1+(1+Supuestos!$B$5)+(1+Supuestos!$B$5)^2)+SUM(Supuestos!B24:D27) | D8: =SUM(Supuestos!B29:D34) | E8: =INDEX($B$3:$D$3,MATCH(MIN(B8:D8),B8:D8,0))
A9: 30 | B9: =Supuestos!$B$6*A9*(1+3*Supuestos!$B$7)+SUM(Supuestos!B17:D18)+SUM(Supuestos!B20:D21) | C9: =Supuestos!$B$8*A9*12*(1+(1+Supuestos!$B$5)+(1+Supuestos!$B$5)^2)+SUM(Supuestos!B24:D27) | D9: =SUM(Supuestos!B29:D34) | E9: =INDEX($B$3:$D$3,MATCH(MIN(B9:D9),B9:D9,0))
A10: 35 | B10: =Supuestos!$B$6*A10*(1+3*Supuestos!$B$7)+SUM(Supuestos!B17:D18)+SUM(Supuestos!B20:D21) | C10: =Supuestos!$B$8*A10*12*(1+(1+Supuestos!$B$5)+(1+Supuestos!$B$5)^2)+SUM(Supuestos!B24:D27) | D10: =SUM(Supuestos!B29:D34) | E10: =INDEX($B$3:$D$3,MATCH(MIN(B10:D10),B10:D10,0))
A11: 40 | B11: =Supuestos!$B$6*A11*(1+3*Supuestos!$B$7)+SUM(Supuestos!B17:D18)+SUM(Supuestos!B20:D21) | C11: =Supuestos!$B$8*A11*12*(1+(1+Supuestos!$B$5)+(1+Supuestos!$B$5)^2)+SUM(Supuestos!B24:D27) | D11: =SUM(Supuestos!B29:D34) | E11: =INDEX($B$3:$D$3,MATCH(MIN(B11:D11),B11:D11,0))
A12: 45 | B12: =Supuestos!$B$6*A12*(1+3*Supuestos!$B$7)+SUM(Supuestos!B17:D18)+SUM(Supuestos!B20:D21) | C12: =Supuestos!$B$8*A12*12*(1+(1+Supuestos!$B$5)+(1+Supuestos!$B$5)^2)+SUM(Supuestos!B24:D27) | D12: =SUM(Supuestos!B29:D34) | E12: =INDEX($B$3:$D$3,MATCH(MIN(B12:D12),B12:D12,0))
A13: 50 | B13: =Supuestos!$B$6*A13*(1+3*Supuestos!$B$7)+SUM(Supuestos!B17:D18)+SUM(Supuestos!B20:D21) | C13: =Supuestos!$B$8*A13*12*(1+(1+Supuestos!$B$5)+(1+Supuestos!$B$5)^2)+SUM(Supuestos!B24:D27) | D13: =SUM(Supuestos!B29:D34) | E13: =INDEX($B$3:$D$3,MATCH(MIN(B13:D13),B13:D13,0))
A14: 55 | B14: =Supuestos!$B$6*A14*(1+3*Supuestos!$B$7)+SUM(Supuestos!B17:D18)+SUM(Supuestos!B20:D21) | C14: =Supuestos!$B$8*A14*12*(1+(1+Supuestos!$B$5)+(1+Supuestos!$B$5)^2)+SUM(Supuestos!B24:D27) | D14: =SUM(Supuestos!B29:D34) | E14: =INDEX($B$3:$D$3,MATCH(MIN(B14:D14),B14:D14,0))
A15: 60 | B15: =Supuestos!$B$6*A15*(1+3*Supuestos!$B$7)+SUM(Supuestos!B17:D18)+SUM(Supuestos!B20:D21) | C15: =Supuestos!$B$8*A15*12*(1+(1+Supuestos!$B$5)+(1+Supuestos!$B$5)^2)+SUM(Supuestos!B24:D27) | D15: =SUM(Supuestos!B29:D34) | E15: =INDEX($B$3:$D$3,MATCH(MIN(B15:D15),B15:D15,0))
