Workbook

Sheet Resumen
A1: RESUMEN DE LA PRUEBA
A3: Estudiantes | B3: =COUNTA(Respuestas!A4:A33)
A4: Ítems | B4: =COUNTA(Respuestas!B3:U3)
A5: Media del puntaje total | B5: =AVERAGE(Puntajes!$V$3:$V$32)
A6: Desviación estándar (población) | B6: =_xlfn.STDEV.P(Puntajes!$V$3:$V$32)
A7: Dificultad media (p) | B7: =AVERAGE(Items!C4:C23)
A8: Confiabilidad KR-20 | B8: =(B4/(B4-1))*(1-SUMPRODUCT(Items!C4:C23,1-Items!C4:C23)/B6^2)
A9: Ítems aceptables | B9: =COUNTIF(Items!N4:N23,"Aceptable")
A10: Ítems a revisar | B10: =B4-B9
A11: Posibles errores de clave | B11: =COUNTIF(Items!N4:N23,"Posible error de clave")
A13: Criterios (orientativos): p entre 0,30 y 0,80 suele considerarse deseable; D de 0,40 o más, excelente; 0,30 a 0,39, buena; 0,20 a 0,29, marginal; menos de 0,20, pobre. Dependen del propósito y del tamaño del grupo.

Sheet Respuestas
A1: RESPUESTAS DE UN GRUPO (ejemplo ficticio: 30 estudiantes, 20 ítems de opción múltiple). La fila 3 es la clave publicada.
A2: Ítem | B2: 1 | C2: 2 | D2: 3 | E2: 4 | F2: 5 | G2: 6 | H2: 7 | I2: 8 | J2: 9 | K2: 10 | L2: 11 | M2: 12 | N2: 13 | O2: 14 | P2: 15 | Q2: 16 | R2: 17 | S2: 18 | T2: 19 | U2: 20
A3: Clave | B3: A | C3: B | D3: A | E3: C | F3: D | G3: C | H3: A | I3: C | J3: D | K3: D | L3: A | M3: B | N3: C | O3: A | P3: A | Q3: D | R3: A | S3: D | T3: B | U3: B
A4: E01 | B4: A | C4: B | D4: D | E4: C | F4: D | G4: C | H4: C | I4: C | J4: D | K4: D | L4: A | M4: B | N4: C | O4: A | P4: A | Q4: D | R4: A | S4: B | T4: B | U4: B
A5: E02 | B5: A | C5: B | D5: C | E5: D | F5: D | G5: C | H5: C | I5: C | J5: D | K5: B | L5: A | M5: B | N5: C | O5: A | P5: A | Q5: D | R5: A | S5: D | T5: B | U5: D
A6: E03 | B6: A | C6: B | D6: D | E6: C | F6: D | G6: B | H6: A | I6: C | J6: D | K6: D | L6: B | M6: B | N6: C | O6: A | P6: A | Q6: A | R6: A | S6: D | T6: B | U6: B
A7: E04 | B7: A | C7: B | D7: B | E7: C | F7: C | G7: C | H7: D | I7: B | J7: A | K7: C | L7: D | M7: B | N7: C | O7: A | P7: C | Q7: B | R7: B | S7: A | T7: B | U7: B
A8: E05 | B8: C | C8: B | D8: B | E8: C | F8: D | G8: C | H8: A | I8: C | J8: C | K8: B | L8: A | M8: B | N8: D | O8: A | P8: A | Q8: A | R8: A | S8: C | T8: A | U8: D
A9: E06 | B9: A | C9: B | D9: B | E9: D | F9: D | G9: C | H9: C | I9: C | J9: D | K9: D | L9: B | M9: B | N9: D | O9: A | P9: A | Q9: D | R9: A | S9: D | T9: D | U9: B
A10: E07 | B10: A | C10: B | D10: A | E10: C | F10: D | G10: A | H10: C | I10: A | J10: C | K10: C | L10: B | M10: B | N10: B | O10: A | P10: C | Q10: A | R10: A | S10: A | T10: D | U10: C
A11: E08 | B11: A | C11: B | D11: C | E11: C | F11: A | G11: C | H11: C | I11: B | J11: D | K11: D | L11: A | M11: B | N11: C | O11: A | P11: A | Q11: D | R11: A | S11: A | T11: A | U11: B
A12: E09 | B12: A | C12: A | D12: B | E12: C | F12: B | G12: C | H12: B | I12: C | J12: D | K12: C | L12: C | M12: B | N12: B | O12: A | P12: A | Q12: D | R12: A | S12: A | T12: D | U12: A
A13: E10 | B13: A | C13: B | D13: B | E13: C | F13: D | G13: A | H13: B | I13: A | J13: A | K13: A | L13: D | M13: B | N13: B | O13: A | P13: C | Q13: A | R13: D | S13: B | T13: B | U13: C
A14: E11 | B14: A | C14: B | D14: A | E14: B | F14: C | G14: D | H14: D | I14: C | J14: B | K14: D | L14: C | M14: B | N14: D | O14: A | P14: A | Q14: B | R14: D | S14: D | T14: C | U14: D
... A33: E30 | B33: A | C33: B | D33: D | E33: A | F33: C | G33: D | H33: C | I33: B | J33: A | K33: A | L33: B | M33: B | N33: A | O33: A | P33: D | Q33: B | R33: A | S33: D | T33: B | U33: A

Sheet Puntajes
A1: PUNTAJES (1 = acierto, 0 = error) y TOTAL; "Total para ordenar" desempata por el orden de la lista
A2: Estudiante | B2: 1 | C2: 2 | D2: 3 | E2: 4 | F2: 5 | G2: 6 | H2: 7 | I2: 8 | J2: 9 | K2: 10 | L2: 11 | M2: 12 | N2: 13 | O2: 14 | P2: 15 | Q2: 16 | R2: 17 | S2: 18 | T2: 19 | U2: 20 | V2: Total | W2: Total para ordenar | X2: Puesto | Y2: Grupo
A3: =Respuestas!A4 | B3: =IF(Respuestas!B4=Respuestas!B$3,1,0) | C3: =IF(Respuestas!C4=Respuestas!C$3,1,0) | D3: =IF(Respuestas!D4=Respuestas!D$3,1,0) | E3: =IF(Respuestas!E4=Respuestas!E$3,1,0) | F3: =IF(Respuestas!F4=Respuestas!F$3,1,0) | G3: =IF(Respuestas!G4=Respuestas!G$3,1,0) | H3: =IF(Respuestas!H4=Respuestas!H$3,1,0) | I3: =IF(Respuestas!I4=Respuestas!I$3,1,0) | ... U3: =IF(Respuestas!U4=Respuestas!U$3,1,0) | V3: =SUM(B3:U3) | W3: =V3+(31-ROW()+2)/1000 | X3: =RANK(W3,$W$3:$W$32,0) | Y3: =IF(X3<=8,"Alto",IF(X3>30-8,"Bajo","Medio"))
A4: =Respuestas!A5 | B4: =IF(Respuestas!B5=Respuestas!B$3,1,0) | C4: =IF(Respuestas!C5=Respuestas!C$3,1,0) | D4: =IF(Respuestas!D5=Respuestas!D$3,1,0) | E4: =IF(Respuestas!E5=Respuestas!E$3,1,0) | F4: =IF(Respuestas!F5=Respuestas!F$3,1,0) | G4: =IF(Respuestas!G5=Respuestas!G$3,1,0) | H4: =IF(Respuestas!H5=Respuestas!H$3,1,0) | I4: =IF(Respuestas!I5=Respuestas!I$3,1,0) | ... U4: =IF(Respuestas!U5=Respuestas!U$3,1,0) | V4: =SUM(B4:U4) | W4: =V4+(31-ROW()+2)/1000 | X4: =RANK(W4,$W$3:$W$32,0) | Y4: =IF(X4<=8,"Alto",IF(X4>30-8,"Bajo","Medio"))
A5: =Respuestas!A6 | B5: =IF(Respuestas!B6=Respuestas!B$3,1,0) | C5: =IF(Respuestas!C6=Respuestas!C$3,1,0) | D5: =IF(Respuestas!D6=Respuestas!D$3,1,0) | E5: =IF(Respuestas!E6=Respuestas!E$3,1,0) | F5: =IF(Respuestas!F6=Respuestas!F$3,1,0) | G5: =IF(Respuestas!G6=Respuestas!G$3,1,0) | H5: =IF(Respuestas!H6=Respuestas!H$3,1,0) | I5: =IF(Respuestas!I6=Respuestas!I$3,1,0) | ... U5: =IF(Respuestas!U6=Respuestas!U$3,1,0) | V5: =SUM(B5:U5) | W5: =V5+(31-ROW()+2)/1000 | X5: =RANK(W5,$W$3:$W$32,0) | Y5: =IF(X5<=8,"Alto",IF(X5>30-8,"Bajo","Medio"))
A6: =Respuestas!A7 | B6: =IF(Respuestas!B7=Respuestas!B$3,1,0) | C6: =IF(Respuestas!C7=Respuestas!C$3,1,0) | D6: =IF(Respuestas!D7=Respuestas!D$3,1,0) | E6: =IF(Respuestas!E7=Respuestas!E$3,1,0) | F6: =IF(Respuestas!F7=Respuestas!F$3,1,0) | G6: =IF(Respuestas!G7=Respuestas!G$3,1,0) | H6: =IF(Respuestas!H7=Respuestas!H$3,1,0) | I6: =IF(Respuestas!I7=Respuestas!I$3,1,0) | ... U6: =IF(Respuestas!U7=Respuestas!U$3,1,0) | V6: =SUM(B6:U6) | W6: =V6+(31-ROW()+2)/1000 | X6: =RANK(W6,$W$3:$W$32,0) | Y6: =IF(X6<=8,"Alto",IF(X6>30-8,"Bajo","Medio"))
A7: =Respuestas!A8 | B7: =IF(Respuestas!B8=Respuestas!B$3,1,0) | C7: =IF(Respuestas!C8=Respuestas!C$3,1,0) | D7: =IF(Respuestas!D8=Respuestas!D$3,1,0) | E7: =IF(Respuestas!E8=Respuestas!E$3,1,0) | F7: =IF(Respuestas!F8=Respuestas!F$3,1,0) | G7: =IF(Respuestas!G8=Respuestas!G$3,1,0) | H7: =IF(Respuestas!H8=Respuestas!H$3,1,0) | I7: =IF(Respuestas!I8=Respuestas!I$3,1,0) | ... U7: =IF(Respuestas!U8=Respuestas!U$3,1,0) | V7: =SUM(B7:U7) | W7: =V7+(31-ROW()+2)/1000 | X7: =RANK(W7,$W$3:$W$32,0) | Y7: =IF(X7<=8,"Alto",IF(X7>30-8,"Bajo","Medio"))
A8: =Respuestas!A9 | B8: =IF(Respuestas!B9=Respuestas!B$3,1,0) | C8: =IF(Respuestas!C9=Respuestas!C$3,1,0) | D8: =IF(Respuestas!D9=Respuestas!D$3,1,0) | E8: =IF(Respuestas!E9=Respuestas!E$3,1,0) | F8: =IF(Respuestas!F9=Respuestas!F$3,1,0) | G8: =IF(Respuestas!G9=Respuestas!G$3,1,0) | H8: =IF(Respuestas!H9=Respuestas!H$3,1,0) | I8: =IF(Respuestas!I9=Respuestas!I$3,1,0) | ... U8: =IF(Respuestas!U9=Respuestas!U$3,1,0) | V8: =SUM(B8:U8) | W8: =V8+(31-ROW()+2)/1000 | X8: =RANK(W8,$W$3:$W$32,0) | Y8: =IF(X8<=8,"Alto",IF(X8>30-8,"Bajo","Medio"))
A9: =Respuestas!A10 | B9: =IF(Respuestas!B10=Respuestas!B$3,1,0) | C9: =IF(Respuestas!C10=Respuestas!C$3,1,0) | D9: =IF(Respuestas!D10=Respuestas!D$3,1,0) | E9: =IF(Respuestas!E10=Respuestas!E$3,1,0) | F9: =IF(Respuestas!F10=Respuestas!F$3,1,0) | G9: =IF(Respuestas!G10=Respuestas!G$3,1,0) | H9: =IF(Respuestas!H10=Respuestas!H$3,1,0) | I9: =IF(Respuestas!I10=Respuestas!I$3,1,0) | ... U9: =IF(Respuestas!U10=Respuestas!U$3,1,0) | V9: =SUM(B9:U9) | W9: =V9+(31-ROW()+2)/1000 | X9: =RANK(W9,$W$3:$W$32,0) | Y9: =IF(X9<=8,"Alto",IF(X9>30-8,"Bajo","Medio"))
A10: =Respuestas!A11 | B10: =IF(Respuestas!B11=Respuestas!B$3,1,0) | C10: =IF(Respuestas!C11=Respuestas!C$3,1,0) | D10: =IF(Respuestas!D11=Respuestas!D$3,1,0) | E10: =IF(Respuestas!E11=Respuestas!E$3,1,0) | F10: =IF(Respuestas!F11=Respuestas!F$3,1,0) | G10: =IF(Respuestas!G11=Respuestas!G$3,1,0) | H10: =IF(Respuestas!H11=Respuestas!H$3,1,0) | I10: =IF(Respuestas!I11=Respuestas!I$3,1,0) | ... U10: =IF(Respuestas!U11=Respuestas!U$3,1,0) | V10: =SUM(B10:U10) | W10: =V10+(31-ROW()+2)/1000 | X10: =RANK(W10,$W$3:$W$32,0) | Y10: =IF(X10<=8,"Alto",IF(X10>30-8,"Bajo","Medio"))
A11: =Respuestas!A12 | B11: =IF(Respuestas!B12=Respuestas!B$3,1,0) | C11: =IF(Respuestas!C12=Respuestas!C$3,1,0) | D11: =IF(Respuestas!D12=Respuestas!D$3,1,0) | E11: =IF(Respuestas!E12=Respuestas!E$3,1,0) | F11: =IF(Respuestas!F12=Respuestas!F$3,1,0) | G11: =IF(Respuestas!G12=Respuestas!G$3,1,0) | H11: =IF(Respuestas!H12=Respuestas!H$3,1,0) | I11: =IF(Respuestas!I12=Respuestas!I$3,1,0) | ... U11: =IF(Respuestas!U12=Respuestas!U$3,1,0) | V11: =SUM(B11:U11) | W11: =V11+(31-ROW()+2)/1000 | X11: =RANK(W11,$W$3:$W$32,0) | Y11: =IF(X11<=8,"Alto",IF(X11>30-8,"Bajo","Medio"))
A12: =Respuestas!A13 | B12: =IF(Respuestas!B13=Respuestas!B$3,1,0) | C12: =IF(Respuestas!C13=Respuestas!C$3,1,0) | D12: =IF(Respuestas!D13=Respuestas!D$3,1,0) | E12: =IF(Respuestas!E13=Respuestas!E$3,1,0) | F12: =IF(Respuestas!F13=Respuestas!F$3,1,0) | G12: =IF(Respuestas!G13=Respuestas!G$3,1,0) | H12: =IF(Respuestas!H13=Respuestas!H$3,1,0) | I12: =IF(Respuestas!I13=Respuestas!I$3,1,0) | ... U12: =IF(Respuestas!U13=Respuestas!U$3,1,0) | V12: =SUM(B12:U12) | W12: =V12+(31-ROW()+2)/1000 | X12: =RANK(W12,$W$3:$W$32,0) | Y12: =IF(X12<=8,"Alto",IF(X12>30-8,"Bajo","Medio"))
A13: =Respuestas!A14 | B13: =IF(Respuestas!B14=Respuestas!B$3,1,0) | C13: =IF(Respuestas!C14=Respuestas!C$3,1,0) | D13: =IF(Respuestas!D14=Respuestas!D$3,1,0) | E13: =IF(Respuestas!E14=Respuestas!E$3,1,0) | F13: =IF(Respuestas!F14=Respuestas!F$3,1,0) | G13: =IF(Respuestas!G14=Respuestas!G$3,1,0) | H13: =IF(Respuestas!H14=Respuestas!H$3,1,0) | I13: =IF(Respuestas!I14=Respuestas!I$3,1,0) | ... U13: =IF(Respuestas!U14=Respuestas!U$3,1,0) | V13: =SUM(B13:U13) | W13: =V13+(31-ROW()+2)/1000 | X13: =RANK(W13,$W$3:$W$32,0) | Y13: =IF(X13<=8,"Alto",IF(X13>30-8,"Bajo","Medio"))
A14: =Respuestas!A15 | B14: =IF(Respuestas!B15=Respuestas!B$3,1,0) | C14: =IF(Respuestas!C15=Respuestas!C$3,1,0) | D14: =IF(Respuestas!D15=Respuestas!D$3,1,0) | E14: =IF(Respuestas!E15=Respuestas!E$3,1,0) | F14: =IF(Respuestas!F15=Respuestas!F$3,1,0) | G14: =IF(Respuestas!G15=Respuestas!G$3,1,0) | H14: =IF(Respuestas!H15=Respuestas!H$3,1,0) | I14: =IF(Respuestas!I15=Respuestas!I$3,1,0) | ... U14: =IF(Respuestas!U15=Respuestas!U$3,1,0) | V14: =SUM(B14:U14) | W14: =V14+(31-ROW()+2)/1000 | X14: =RANK(W14,$W$3:$W$32,0) | Y14: =IF(X14<=8,"Alto",IF(X14>30-8,"Bajo","Medio"))
... A32: =Respuestas!A33 | B32: =IF(Respuestas!B33=Respuestas!B$3,1,0) | C32: =IF(Respuestas!C33=Respuestas!C$3,1,0) | D32: =IF(Respuestas!D33=Respuestas!D$3,1,0) | E32: =IF(Respuestas!E33=Respuestas!E$3,1,0) | F32: =IF(Respuestas!F33=Respuestas!F$3,1,0) | G32: =IF(Respuestas!G33=Respuestas!G$3,1,0) | H32: =IF(Respuestas!H33=Respuestas!H$3,1,0) | I32: =IF(Respuestas!I33=Respuestas!I$3,1,0) | ... U32: =IF(Respuestas!U33=Respuestas!U$3,1,0) | V32: =SUM(B32:U32) | W32: =V32+(31-ROW()+2)/1000 | X32: =RANK(W32,$W$3:$W$32,0) | Y32: =IF(X32<=8,"Alto",IF(X32>30-8,"Bajo","Medio"))

Sheet Items
A1: ANÁLISIS DE ÍTEMS (teoría clásica de los tests; ejemplo ficticio)
A3: Ítem | B3: Clave | C3: Dificultad p (proporción de aciertos) | D3: Aciertos grupo alto | E3: Aciertos grupo bajo | F3: Discriminación D (alto − bajo) | G3: Correlación ítem-total corregida | H3: A | I3: B | J3: C | K3: D | L3: Opción más elegida | M3: Distractores poco elegidos (<5 %) | N3: Diagnóstico
A4: 1 | B4: =Respuestas!B3 | C4: =AVERAGE(Puntajes!$B$3:$B$32) | D4: =SUMIFS(Puntajes!$B$3:$B$32,Puntajes!$Y$3:$Y$32,"Alto") | E4: =SUMIFS(Puntajes!$B$3:$B$32,Puntajes!$Y$3:$Y$32,"Bajo") | F4: =(D4-E4)/8 | G4: =CORREL(Puntajes!$B$3:$B$32,Puntajes!$V$3:$V$32-Puntajes!$B$3:$B$32) | H4: =COUNTIF(Respuestas!$B$4:$B$33,"A") | I4: =COUNTIF(Respuestas!$B$4:$B$33,"B") | J4: =COUNTIF(Respuestas!$B$4:$B$33,"C") | K4: =COUNTIF(Respuestas!$B$4:$B$33,"D") | L4: =INDEX($H$3:$K$3,MATCH(MAX(H4:K4),H4:K4,0)) | M4: =SUMPRODUCT((H4:K4<0.05*30)*($H$3:$K$3<>B4)) | N4: =IF(AND(L4<>B4,MAX(H4:K4)>=0.4*30,C4<0.3),"Posible error de clave",IF(F4<0,"Discrimina al revés: revisar",IF(C4>0.9,"Muy fácil",IF(C4<0.2,"Muy difícil",IF(F4<0.2,"Poco discriminativo","Aceptable")))))
A5: 2 | B5: =Respuestas!C3 | C5: =AVERAGE(Puntajes!$C$3:$C$32) | D5: =SUMIFS(Puntajes!$C$3:$C$32,Puntajes!$Y$3:$Y$32,"Alto") | E5: =SUMIFS(Puntajes!$C$3:$C$32,Puntajes!$Y$3:$Y$32,"Bajo") | F5: =(D5-E5)/8 | G5: =CORREL(Puntajes!$C$3:$C$32,Puntajes!$V$3:$V$32-Puntajes!$C$3:$C$32) | H5: =COUNTIF(Respuestas!$C$4:$C$33,"A") | I5: =COUNTIF(Respuestas!$C$4:$C$33,"B") | J5: =COUNTIF(Respuestas!$C$4:$C$33,"C") | K5: =COUNTIF(Respuestas!$C$4:$C$33,"D") | L5: =INDEX($H$3:$K$3,MATCH(MAX(H5:K5),H5:K5,0)) | M5: =SUMPRODUCT((H5:K5<0.05*30)*($H$3:$K$3<>B5)) | N5: =IF(AND(L5<>B5,MAX(H5:K5)>=0.4*30,C5<0.3),"Posible error de clave",IF(F5<0,"Discrimina al revés: revisar",IF(C5>0.9,"Muy fácil",IF(C5<0.2,"Muy difícil",IF(F5<0.2,"Poco discriminativo","Aceptable")))))
A6: 3 | B6: =Respuestas!D3 | C6: =AVERAGE(Puntajes!$D$3:$D$32) | D6: =SUMIFS(Puntajes!$D$3:$D$32,Puntajes!$Y$3:$Y$32,"Alto") | E6: =SUMIFS(Puntajes!$D$3:$D$32,Puntajes!$Y$3:$Y$32,"Bajo") | F6: =(D6-E6)/8 | G6: =CORREL(Puntajes!$D$3:$D$32,Puntajes!$V$3:$V$32-Puntajes!$D$3:$D$32) | H6: =COUNTIF(Respuestas!$D$4:$D$33,"A") | I6: =COUNTIF(Respuestas!$D$4:$D$33,"B") | J6: =COUNTIF(Respuestas!$D$4:$D$33,"C") | K6: =COUNTIF(Respuestas!$D$4:$D$33,"D") | L6: =INDEX($H$3:$K$3,MATCH(MAX(H6:K6),H6:K6,0)) | M6: =SUMPRODUCT((H6:K6<0.05*30)*($H$3:$K$3<>B6)) | N6: =IF(AND(L6<>B6,MAX(H6:K6)>=0.4*30,C6<0.3),"Posible error de clave",IF(F6<0,"Discrimina al revés: revisar",IF(C6>0.9,"Muy fácil",IF(C6<0.2,"Muy difícil",IF(F6<0.2,"Poco discriminativo","Aceptable")))))
A7: 4 | B7: =Respuestas!E3 | C7: =AVERAGE(Puntajes!$E$3:$E$32) | D7: =SUMIFS(Puntajes!$E$3:$E$32,Puntajes!$Y$3:$Y$32,"Alto") | E7: =SUMIFS(Puntajes!$E$3:$E$32,Puntajes!$Y$3:$Y$32,"Bajo") | F7: =(D7-E7)/8 | G7: =CORREL(Puntajes!$E$3:$E$32,Puntajes!$V$3:$V$32-Puntajes!$E$3:$E$32) | H7: =COUNTIF(Respuestas!$E$4:$E$33,"A") | I7: =COUNTIF(Respuestas!$E$4:$E$33,"B") | J7: =COUNTIF(Respuestas!$E$4:$E$33,"C") | K7: =COUNTIF(Respuestas!$E$4:$E$33,"D") | L7: =INDEX($H$3:$K$3,MATCH(MAX(H7:K7),H7:K7,0)) | M7: =SUMPRODUCT((H7:K7<0.05*30)*($H$3:$K$3<>B7)) | N7: =IF(AND(L7<>B7,MAX(H7:K7)>=0.4*30,C7<0.3),"Posible error de clave",IF(F7<0,"Discrimina al revés: revisar",IF(C7>0.9,"Muy fácil",IF(C7<0.2,"Muy difícil",IF(F7<0.2,"Poco discriminativo","Aceptable")))))
A8: 5 | B8: =Respuestas!F3 | C8: =AVERAGE(Puntajes!$F$3:$F$32) | D8: =SUMIFS(Puntajes!$F$3:$F$32,Puntajes!$Y$3:$Y$32,"Alto") | E8: =SUMIFS(Puntajes!$F$3:$F$32,Puntajes!$Y$3:$Y$32,"Bajo") | F8: =(D8-E8)/8 | G8: =CORREL(Puntajes!$F$3:$F$32,Puntajes!$V$3:$V$32-Puntajes!$F$3:$F$32) | H8: =COUNTIF(Respuestas!$F$4:$F$33,"A") | I8: =COUNTIF(Respuestas!$F$4:$F$33,"B") | J8: =COUNTIF(Respuestas!$F$4:$F$33,"C") | K8: =COUNTIF(Respuestas!$F$4:$F$33,"D") | L8: =INDEX($H$3:$K$3,MATCH(MAX(H8:K8),H8:K8,0)) | M8: =SUMPRODUCT((H8:K8<0.05*30)*($H$3:$K$3<>B8)) | N8: =IF(AND(L8<>B8,MAX(H8:K8)>=0.4*30,C8<0.3),"Posible error de clave",IF(F8<0,"Discrimina al revés: revisar",IF(C8>0.9,"Muy fácil",IF(C8<0.2,"Muy difícil",IF(F8<0.2,"Poco discriminativo","Aceptable")))))
A9: 6 | B9: =Respuestas!G3 | C9: =AVERAGE(Puntajes!$G$3:$G$32) | D9: =SUMIFS(Puntajes!$G$3:$G$32,Puntajes!$Y$3:$Y$32,"Alto") | E9: =SUMIFS(Puntajes!$G$3:$G$32,Puntajes!$Y$3:$Y$32,"Bajo") | F9: =(D9-E9)/8 | G9: =CORREL(Puntajes!$G$3:$G$32,Puntajes!$V$3:$V$32-Puntajes!$G$3:$G$32) | H9: =COUNTIF(Respuestas!$G$4:$G$33,"A") | I9: =COUNTIF(Respuestas!$G$4:$G$33,"B") | J9: =COUNTIF(Respuestas!$G$4:$G$33,"C") | K9: =COUNTIF(Respuestas!$G$4:$G$33,"D") | L9: =INDEX($H$3:$K$3,MATCH(MAX(H9:K9),H9:K9,0)) | M9: =SUMPRODUCT((H9:K9<0.05*30)*($H$3:$K$3<>B9)) | N9: =IF(AND(L9<>B9,MAX(H9:K9)>=0.4*30,C9<0.3),"Posible error de clave",IF(F9<0,"Discrimina al revés: revisar",IF(C9>0.9,"Muy fácil",IF(C9<0.2,"Muy difícil",IF(F9<0.2,"Poco discriminativo","Aceptable")))))
A10: 7 | B10: =Respuestas!H3 | C10: =AVERAGE(Puntajes!$H$3:$H$32) | D10: =SUMIFS(Puntajes!$H$3:$H$32,Puntajes!$Y$3:$Y$32,"Alto") | E10: =SUMIFS(Puntajes!$H$3:$H$32,Puntajes!$Y$3:$Y$32,"Bajo") | F10: =(D10-E10)/8 | G10: =CORREL(Puntajes!$H$3:$H$32,Puntajes!$V$3:$V$32-Puntajes!$H$3:$H$32) | H10: =COUNTIF(Respuestas!$H$4:$H$33,"A") | I10: =COUNTIF(Respuestas!$H$4:$H$33,"B") | J10: =COUNTIF(Respuestas!$H$4:$H$33,"C") | K10: =COUNTIF(Respuestas!$H$4:$H$33,"D") | L10: =INDEX($H$3:$K$3,MATCH(MAX(H10:K10),H10:K10,0)) | M10: =SUMPRODUCT((H10:K10<0.05*30)*($H$3:$K$3<>B10)) | N10: =IF(AND(L10<>B10,MAX(H10:K10)>=0.4*30,C10<0.3),"Posible error de clave",IF(F10<0,"Discrimina al revés: revisar",IF(C10>0.9,"Muy fácil",IF(C10<0.2,"Muy difícil",IF(F10<0.2,"Poco discriminativo","Aceptable")))))
A11: 8 | B11: =Respuestas!I3 | C11: =AVERAGE(Puntajes!$I$3:$I$32) | D11: =SUMIFS(Puntajes!$I$3:$I$32,Puntajes!$Y$3:$Y$32,"Alto") | E11: =SUMIFS(Puntajes!$I$3:$I$32,Puntajes!$Y$3:$Y$32,"Bajo") | F11: =(D11-E11)/8 | G11: =CORREL(Puntajes!$I$3:$I$32,Puntajes!$V$3:$V$32-Puntajes!$I$3:$I$32) | H11: =COUNTIF(Respuestas!$I$4:$I$33,"A") | I11: =COUNTIF(Respuestas!$I$4:$I$33,"B") | J11: =COUNTIF(Respuestas!$I$4:$I$33,"C") | K11: =COUNTIF(Respuestas!$I$4:$I$33,"D") | L11: =INDEX($H$3:$K$3,MATCH(MAX(H11:K11),H11:K11,0)) | M11: =SUMPRODUCT((H11:K11<0.05*30)*($H$3:$K$3<>B11)) | N11: =IF(AND(L11<>B11,MAX(H11:K11)>=0.4*30,C11<0.3),"Posible error de clave",IF(F11<0,"Discrimina al revés: revisar",IF(C11>0.9,"Muy fácil",IF(C11<0.2,"Muy difícil",IF(F11<0.2,"Poco discriminativo","Aceptable")))))
A12: 9 | B12: =Respuestas!J3 | C12: =AVERAGE(Puntajes!$J$3:$J$32) | D12: =SUMIFS(Puntajes!$J$3:$J$32,Puntajes!$Y$3:$Y$32,"Alto") | E12: =SUMIFS(Puntajes!$J$3:$J$32,Puntajes!$Y$3:$Y$32,"Bajo") | F12: =(D12-E12)/8 | G12: =CORREL(Puntajes!$J$3:$J$32,Puntajes!$V$3:$V$32-Puntajes!$J$3:$J$32) | H12: =COUNTIF(Respuestas!$J$4:$J$33,"A") | I12: =COUNTIF(Respuestas!$J$4:$J$33,"B") | J12: =COUNTIF(Respuestas!$J$4:$J$33,"C") | K12: =COUNTIF(Respuestas!$J$4:$J$33,"D") | L12: =INDEX($H$3:$K$3,MATCH(MAX(H12:K12),H12:K12,0)) | M12: =SUMPRODUCT((H12:K12<0.05*30)*($H$3:$K$3<>B12)) | N12: =IF(AND(L12<>B12,MAX(H12:K12)>=0.4*30,C12<0.3),"Posible error de clave",IF(F12<0,"Discrimina al revés: revisar",IF(C12>0.9,"Muy fácil",IF(C12<0.2,"Muy difícil",IF(F12<0.2,"Poco discriminativo","Aceptable")))))
A13: 10 | B13: =Respuestas!K3 | C13: =AVERAGE(Puntajes!$K$3:$K$32) | D13: =SUMIFS(Puntajes!$K$3:$K$32,Puntajes!$Y$3:$Y$32,"Alto") | E13: =SUMIFS(Puntajes!$K$3:$K$32,Puntajes!$Y$3:$Y$32,"Bajo") | F13: =(D13-E13)/8 | G13: =CORREL(Puntajes!$K$3:$K$32,Puntajes!$V$3:$V$32-Puntajes!$K$3:$K$32) | H13: =COUNTIF(Respuestas!$K$4:$K$33,"A") | I13: =COUNTIF(Respuestas!$K$4:$K$33,"B") | J13: =COUNTIF(Respuestas!$K$4:$K$33,"C") | K13: =COUNTIF(Respuestas!$K$4:$K$33,"D") | L13: =INDEX($H$3:$K$3,MATCH(MAX(H13:K13),H13:K13,0)) | M13: =SUMPRODUCT((H13:K13<0.05*30)*($H$3:$K$3<>B13)) | N13: =IF(AND(L13<>B13,MAX(H13:K13)>=0.4*30,C13<0.3),"Posible error de clave",IF(F13<0,"Discrimina al revés: revisar",IF(C13>0.9,"Muy fácil",IF(C13<0.2,"Muy difícil",IF(F13<0.2,"Poco discriminativo","Aceptable")))))
A14: 11 | B14: =Respuestas!L3 | C14: =AVERAGE(Puntajes!$L$3:$L$32) | D14: =SUMIFS(Puntajes!$L$3:$L$32,Puntajes!$Y$3:$Y$32,"Alto") | E14: =SUMIFS(Puntajes!$L$3:$L$32,Puntajes!$Y$3:$Y$32,"Bajo") | F14: =(D14-E14)/8 | G14: =CORREL(Puntajes!$L$3:$L$32,Puntajes!$V$3:$V$32-Puntajes!$L$3:$L$32) | H14: =COUNTIF(Respuestas!$L$4:$L$33,"A") | I14: =COUNTIF(Respuestas!$L$4:$L$33,"B") | J14: =COUNTIF(Respuestas!$L$4:$L$33,"C") | K14: =COUNTIF(Respuestas!$L$4:$L$33,"D") | L14: =INDEX($H$3:$K$3,MATCH(MAX(H14:K14),H14:K14,0)) | M14: =SUMPRODUCT((H14:K14<0.05*30)*($H$3:$K$3<>B14)) | N14: =IF(AND(L14<>B14,MAX(H14:K14)>=0.4*30,C14<0.3),"Posible error de clave",IF(F14<0,"Discrimina al revés: revisar",IF(C14>0.9,"Muy fácil",IF(C14<0.2,"Muy difícil",IF(F14<0.2,"Poco discriminativo","Aceptable")))))
A15: 12 | B15: =Respuestas!M3 | C15: =AVERAGE(Puntajes!$M$3:$M$32) | D15: =SUMIFS(Puntajes!$M$3:$M$32,Puntajes!$Y$3:$Y$32,"Alto") | E15: =SUMIFS(Puntajes!$M$3:$M$32,Puntajes!$Y$3:$Y$32,"Bajo") | F15: =(D15-E15)/8 | G15: =CORREL(Puntajes!$M$3:$M$32,Puntajes!$V$3:$V$32-Puntajes!$M$3:$M$32) | H15: =COUNTIF(Respuestas!$M$4:$M$33,"A") | I15: =COUNTIF(Respuestas!$M$4:$M$33,"B") | J15: =COUNTIF(Respuestas!$M$4:$M$33,"C") | K15: =COUNTIF(Respuestas!$M$4:$M$33,"D") | L15: =INDEX($H$3:$K$3,MATCH(MAX(H15:K15),H15:K15,0)) | M15: =SUMPRODUCT((H15:K15<0.05*30)*($H$3:$K$3<>B15)) | N15: =IF(AND(L15<>B15,MAX(H15:K15)>=0.4*30,C15<0.3),"Posible error de clave",IF(F15<0,"Discrimina al revés: revisar",IF(C15>0.9,"Muy fácil",IF(C15<0.2,"Muy difícil",IF(F15<0.2,"Poco discriminativo","Aceptable")))))
A16: 13 | B16: =Respuestas!N3 | C16: =AVERAGE(Puntajes!$N$3:$N$32) | D16: =SUMIFS(Puntajes!$N$3:$N$32,Puntajes!$Y$3:$Y$32,"Alto") | E16: =SUMIFS(Puntajes!$N$3:$N$32,Puntajes!$Y$3:$Y$32,"Bajo") | F16: =(D16-E16)/8 | G16: =CORREL(Puntajes!$N$3:$N$32,Puntajes!$V$3:$V$32-Puntajes!$N$3:$N$32) | H16: =COUNTIF(Respuestas!$N$4:$N$33,"A") | I16: =COUNTIF(Respuestas!$N$4:$N$33,"B") | J16: =COUNTIF(Respuestas!$N$4:$N$33,"C") | K16: =COUNTIF(Respuestas!$N$4:$N$33,"D") | L16: =INDEX($H$3:$K$3,MATCH(MAX(H16:K16),H16:K16,0)) | M16: =SUMPRODUCT((H16:K16<0.05*30)*($H$3:$K$3<>B16)) | N16: =IF(AND(L16<>B16,MAX(H16:K16)>=0.4*30,C16<0.3),"Posible error de clave",IF(F16<0,"Discrimina al revés: revisar",IF(C16>0.9,"Muy fácil",IF(C16<0.2,"Muy difícil",IF(F16<0.2,"Poco discriminativo","Aceptable")))))
A17: 14 | B17: =Respuestas!O3 | C17: =AVERAGE(Puntajes!$O$3:$O$32) | D17: =SUMIFS(Puntajes!$O$3:$O$32,Puntajes!$Y$3:$Y$32,"Alto") | E17: =SUMIFS(Puntajes!$O$3:$O$32,Puntajes!$Y$3:$Y$32,"Bajo") | F17: =(D17-E17)/8 | G17: =CORREL(Puntajes!$O$3:$O$32,Puntajes!$V$3:$V$32-Puntajes!$O$3:$O$32) | H17: =COUNTIF(Respuestas!$O$4:$O$33,"A") | I17: =COUNTIF(Respuestas!$O$4:$O$33,"B") | J17: =COUNTIF(Respuestas!$O$4:$O$33,"C") | K17: =COUNTIF(Respuestas!$O$4:$O$33,"D") | L17: =INDEX($H$3:$K$3,MATCH(MAX(H17:K17),H17:K17,0)) | M17: =SUMPRODUCT((H17:K17<0.05*30)*($H$3:$K$3<>B17)) | N17: =IF(AND(L17<>B17,MAX(H17:K17)>=0.4*30,C17<0.3),"Posible error de clave",IF(F17<0,"Discrimina al revés: revisar",IF(C17>0.9,"Muy fácil",IF(C17<0.2,"Muy difícil",IF(F17<0.2,"Poco discriminativo","Aceptable")))))
A18: 15 | B18: =Respuestas!P3 | C18: =AVERAGE(Puntajes!$P$3:$P$32) | D18: =SUMIFS(Puntajes!$P$3:$P$32,Puntajes!$Y$3:$Y$32,"Alto") | E18: =SUMIFS(Puntajes!$P$3:$P$32,Puntajes!$Y$3:$Y$32,"Bajo") | F18: =(D18-E18)/8 | G18: =CORREL(Puntajes!$P$3:$P$32,Puntajes!$V$3:$V$32-Puntajes!$P$3:$P$32) | H18: =COUNTIF(Respuestas!$P$4:$P$33,"A") | I18: =COUNTIF(Respuestas!$P$4:$P$33,"B") | J18: =COUNTIF(Respuestas!$P$4:$P$33,"C") | K18: =COUNTIF(Respuestas!$P$4:$P$33,"D") | L18: =INDEX($H$3:$K$3,MATCH(MAX(H18:K18),H18:K18,0)) | M18: =SUMPRODUCT((H18:K18<0.05*30)*($H$3:$K$3<>B18)) | N18: =IF(AND(L18<>B18,MAX(H18:K18)>=0.4*30,C18<0.3),"Posible error de clave",IF(F18<0,"Discrimina al revés: revisar",IF(C18>0.9,"Muy fácil",IF(C18<0.2,"Muy difícil",IF(F18<0.2,"Poco discriminativo","Aceptable")))))
A19: 16 | B19: =Respuestas!Q3 | C19: =AVERAGE(Puntajes!$Q$3:$Q$32) | D19: =SUMIFS(Puntajes!$Q$3:$Q$32,Puntajes!$Y$3:$Y$32,"Alto") | E19: =SUMIFS(Puntajes!$Q$3:$Q$32,Puntajes!$Y$3:$Y$32,"Bajo") | F19: =(D19-E19)/8 | G19: =CORREL(Puntajes!$Q$3:$Q$32,Puntajes!$V$3:$V$32-Puntajes!$Q$3:$Q$32) | H19: =COUNTIF(Respuestas!$Q$4:$Q$33,"A") | I19: =COUNTIF(Respuestas!$Q$4:$Q$33,"B") | J19: =COUNTIF(Respuestas!$Q$4:$Q$33,"C") | K19: =COUNTIF(Respuestas!$Q$4:$Q$33,"D") | L19: =INDEX($H$3:$K$3,MATCH(MAX(H19:K19),H19:K19,0)) | M19: =SUMPRODUCT((H19:K19<0.05*30)*($H$3:$K$3<>B19)) | N19: =IF(AND(L19<>B19,MAX(H19:K19)>=0.4*30,C19<0.3),"Posible error de clave",IF(F19<0,"Discrimina al revés: revisar",IF(C19>0.9,"Muy fácil",IF(C19<0.2,"Muy difícil",IF(F19<0.2,"Poco discriminativo","Aceptable")))))
A20: 17 | B20: =Respuestas!R3 | C20: =AVERAGE(Puntajes!$R$3:$R$32) | D20: =SUMIFS(Puntajes!$R$3:$R$32,Puntajes!$Y$3:$Y$32,"Alto") | E20: =SUMIFS(Puntajes!$R$3:$R$32,Puntajes!$Y$3:$Y$32,"Bajo") | F20: =(D20-E20)/8 | G20: =CORREL(Puntajes!$R$3:$R$32,Puntajes!$V$3:$V$32-Puntajes!$R$3:$R$32) | H20: =COUNTIF(Respuestas!$R$4:$R$33,"A") | I20: =COUNTIF(Respuestas!$R$4:$R$33,"B") | J20: =COUNTIF(Respuestas!$R$4:$R$33,"C") | K20: =COUNTIF(Respuestas!$R$4:$R$33,"D") | L20: =INDEX($H$3:$K$3,MATCH(MAX(H20:K20),H20:K20,0)) | M20: =SUMPRODUCT((H20:K20<0.05*30)*($H$3:$K$3<>B20)) | N20: =IF(AND(L20<>B20,MAX(H20:K20)>=0.4*30,C20<0.3),"Posible error de clave",IF(F20<0,"Discrimina al revés: revisar",IF(C20>0.9,"Muy fácil",IF(C20<0.2,"Muy difícil",IF(F20<0.2,"Poco discriminativo","Aceptable")))))
A21: 18 | B21: =Respuestas!S3 | C21: =AVERAGE(Puntajes!$S$3:$S$32) | D21: =SUMIFS(Puntajes!$S$3:$S$32,Puntajes!$Y$3:$Y$32,"Alto") | E21: =SUMIFS(Puntajes!$S$3:$S$32,Puntajes!$Y$3:$Y$32,"Bajo") | F21: =(D21-E21)/8 | G21: =CORREL(Puntajes!$S$3:$S$32,Puntajes!$V$3:$V$32-Puntajes!$S$3:$S$32) | H21: =COUNTIF(Respuestas!$S$4:$S$33,"A") | I21: =COUNTIF(Respuestas!$S$4:$S$33,"B") | J21: =COUNTIF(Respuestas!$S$4:$S$33,"C") | K21: =COUNTIF(Respuestas!$S$4:$S$33,"D") | L21: =INDEX($H$3:$K$3,MATCH(MAX(H21:K21),H21:K21,0)) | M21: =SUMPRODUCT((H21:K21<0.05*30)*($H$3:$K$3<>B21)) | N21: =IF(AND(L21<>B21,MAX(H21:K21)>=0.4*30,C21<0.3),"Posible error de clave",IF(F21<0,"Discrimina al revés: revisar",IF(C21>0.9,"Muy fácil",IF(C21<0.2,"Muy difícil",IF(F21<0.2,"Poco discriminativo","Aceptable")))))
A22: 19 | B22: =Respuestas!T3 | C22: =AVERAGE(Puntajes!$T$3:$T$32) | D22: =SUMIFS(Puntajes!$T$3:$T$32,Puntajes!$Y$3:$Y$32,"Alto") | E22: =SUMIFS(Puntajes!$T$3:$T$32,Puntajes!$Y$3:$Y$32,"Bajo") | F22: =(D22-E22)/8 | G22: =CORREL(Puntajes!$T$3:$T$32,Puntajes!$V$3:$V$32-Puntajes!$T$3:$T$32) | H22: =COUNTIF(Respuestas!$T$4:$T$33,"A") | I22: =COUNTIF(Respuestas!$T$4:$T$33,"B") | J22: =COUNTIF(Respuestas!$T$4:$T$33,"C") | K22: =COUNTIF(Respuestas!$T$4:$T$33,"D") | L22: =INDEX($H$3:$K$3,MATCH(MAX(H22:K22),H22:K22,0)) | M22: =SUMPRODUCT((H22:K22<0.05*30)*($H$3:$K$3<>B22)) | N22: =IF(AND(L22<>B22,MAX(H22:K22)>=0.4*30,C22<0.3),"Posible error de clave",IF(F22<0,"Discrimina al revés: revisar",IF(C22>0.9,"Muy fácil",IF(C22<0.2,"Muy difícil",IF(F22<0.2,"Poco discriminativo","Aceptable")))))
A23: 20 | B23: =Respuestas!U3 | C23: =AVERAGE(Puntajes!$U$3:$U$32) | D23: =SUMIFS(Puntajes!$U$3:$U$32,Puntajes!$Y$3:$Y$32,"Alto") | E23: =SUMIFS(Puntajes!$U$3:$U$32,Puntajes!$Y$3:$Y$32,"Bajo") | F23: =(D23-E23)/8 | G23: =CORREL(Puntajes!$U$3:$U$32,Puntajes!$V$3:$V$32-Puntajes!$U$3:$U$32) | H23: =COUNTIF(Respuestas!$U$4:$U$33,"A") | I23: =COUNTIF(Respuestas!$U$4:$U$33,"B") | J23: =COUNTIF(Respuestas!$U$4:$U$33,"C") | K23: =COUNTIF(Respuestas!$U$4:$U$33,"D") | L23: =INDEX($H$3:$K$3,MATCH(MAX(H23:K23),H23:K23,0)) | M23: =SUMPRODUCT((H23:K23<0.05*30)*($H$3:$K$3<>B23)) | N23: =IF(AND(L23<>B23,MAX(H23:K23)>=0.4*30,C23<0.3),"Posible error de clave",IF(F23<0,"Discrimina al revés: revisar",IF(C23>0.9,"Muy fácil",IF(C23<0.2,"Muy difícil",IF(F23<0.2,"Poco discriminativo","Aceptable")))))
