Workbook

Sheet Asistencia
A1: REGISTRO DE ASISTENCIA (ejemplo ficticio: 20 estudiantes identificados con código, 4 semanas). P presente · A ausente sin justificar · J ausente justificado · T tardanza (cuenta como presente)
A2: Fecha | B2: 46412 | C2: 46413 | D2: 46414 | E2: 46415 | F2: 46416 | G2: 46419 | H2: 46420 | I2: 46421 | J2: 46422 | K2: 46423 | L2: 46426 | M2: 46427 | N2: 46428 | O2: 46429 | P2: 46430 | Q2: 46433 | R2: 46434 | S2: 46435 | T2: 46436 | U2: 46437
A3: Código | B3: =CHOOSE(WEEKDAY(B2,2),"L","M","X","J","V","S","D") | C3: =CHOOSE(WEEKDAY(C2,2),"L","M","X","J","V","S","D") | D3: =CHOOSE(WEEKDAY(D2,2),"L","M","X","J","V","S","D") | E3: =CHOOSE(WEEKDAY(E2,2),"L","M","X","J","V","S","D") | F3: =CHOOSE(WEEKDAY(F2,2),"L","M","X","J","V","S","D") | G3: =CHOOSE(WEEKDAY(G2,2),"L","M","X","J","V","S","D") | H3: =CHOOSE(WEEKDAY(H2,2),"L","M","X","J","V","S","D") | I3: =CHOOSE(WEEKDAY(I2,2),"L","M","X","J","V","S","D") | ... U3: =CHOOSE(WEEKDAY(U2,2),"L","M","X","J","V","S","D")
A4: E01 | B4: P | C4: P | D4: P | E4: P | F4: P | G4: P | H4: P | I4: P | J4: P | K4: P | L4: P | M4: P | N4: P | O4: P | P4: P | Q4: P | R4: P | S4: P | T4: P | U4: P
A5: E02 | B5: P | C5: P | D5: P | E5: P | F5: P | G5: P | H5: P | I5: P | J5: P | K5: P | L5: P | M5: P | N5: A | O5: P | P5: P | Q5: P | R5: P | S5: P | T5: P | U5: P
A6: E03 | B6: A | C6: P | D6: P | E6: P | F6: P | G6: A | H6: P | I6: P | J6: P | K6: P | L6: A | M6: P | N6: P | O6: P | P6: P | Q6: A | R6: P | S6: P | T6: P | U6: P
A7: E04 | B7: P | C7: P | D7: P | E7: P | F7: P | G7: P | H7: P | I7: P | J7: P | K7: P | L7: P | M7: P | N7: P | O7: P | P7: P | Q7: P | R7: P | S7: P | T7: P | U7: P
A8: E05 | B8: P | C8: P | D8: P | E8: J | F8: P | G8: P | H8: P | I8: P | J8: P | K8: P | L8: P | M8: P | N8: P | O8: P | P8: P | Q8: P | R8: P | S8: P | T8: P | U8: P
A9: E06 | B9: P | C9: P | D9: P | E9: P | F9: P | G9: P | H9: P | I9: P | J9: P | K9: P | L9: P | M9: P | N9: P | O9: P | P9: P | Q9: P | R9: P | S9: P | T9: P | U9: P
A10: E07 | B10: P | C10: P | D10: P | E10: P | F10: P | G10: J | H10: J | I10: J | J10: J | K10: J | L10: P | M10: P | N10: P | O10: P | P10: P | Q10: P | R10: P | S10: P | T10: P | U10: P
A11: E08 | B11: P | C11: P | D11: P | E11: P | F11: P | G11: P | H11: P | I11: P | J11: P | K11: P | L11: P | M11: P | N11: P | O11: P | P11: P | Q11: P | R11: P | S11: P | T11: P | U11: P
A12: E09 | B12: P | C12: P | D12: P | E12: P | F12: P | G12: P | H12: P | I12: P | J12: P | K12: P | L12: P | M12: P | N12: P | O12: P | P12: P | Q12: P | R12: P | S12: A | T12: P | U12: P
A13: E10 | B13: P | C13: P | D13: P | E13: P | F13: P | G13: P | H13: P | I13: P | J13: P | K13: P | L13: P | M13: P | N13: P | O13: P | P13: P | Q13: P | R13: P | S13: P | T13: P | U13: P
A14: E11 | B14: P | C14: P | D14: P | E14: P | F14: A | G14: P | H14: P | I14: P | J14: P | K14: P | L14: P | M14: P | N14: P | O14: A | P14: P | Q14: P | R14: P | S14: P | T14: P | U14: P
A15: E12 | B15: P | C15: P | D15: P | E15: P | F15: P | G15: P | H15: P | I15: P | J15: J | K15: P | L15: P | M15: P | N15: P | O15: P | P15: P | Q15: P | R15: P | S15: P | T15: P | U15: P
... A23: E20 | B23: P | C23: P | D23: J | E23: J | F23: P | G23: P | H23: P | I23: P | J23: P | K23: P | L23: P | M23: P | N23: P | O23: P | P23: P | Q23: P | R23: P | S23: P | T23: P | U23: P

Sheet Analisis
A1: ANÁLISIS POR ESTUDIANTE (umbral de ausentismo crónico editable)
A2: Umbral de ausentismo crónico (proporción de días de ausencia) | E2: 0.1
A4: Código | B4: Días registrados | C4: Ausencias sin justificar | D4: Ausencias justificadas | E4: Ausencias totales | F4: % de asistencia | G4: Tardanzas | H4: Racha máxima de ausencias | I4: Ausentismo crónico | J4: Lunes+viernes entre sus ausencias | L4: r1 | M4: r2 | N4: r3 | O4: r4 | P4: r5 | Q4: r6 | R4: r7 | S4: r8 | T4: r9 | U4: r10 | V4: r11 | W4: r12 | X4: r13 | Y4: r14 | Z4: r15 | AA4: r16 | AB4: r17 | AC4: r18 | AD4: r19 | AE4: r20
A5: =Asistencia!A4 | B5: =COUNTA(Asistencia!$B4:$U4) | C5: =COUNTIF(Asistencia!$B4:$U4,"A") | D5: =COUNTIF(Asistencia!$B4:$U4,"J") | E5: =C5+D5 | F5: =IF(B5=0,"",(B5-E5)/B5) | G5: =COUNTIF(Asistencia!$B4:$U4,"T") | H5: =MAX(L5:AE5) | I5: =IF(B5=0,"",IF(E5/B5>=$E$2,"Sí","No")) | J5: =SUMPRODUCT((Asistencia!$B$3:$U$3="L")*((Asistencia!$B4:$U4="A")+(Asistencia!$B4:$U4="J"))) + SUMPRODUCT((Asistencia!$B$3:$U$3="V")*((Asistencia!$B4:$U4="A")+(Asistencia!$B4:$U4="J"))) | L5: =IF(OR(Asistencia!B4="A",Asistencia!B4="J"),1,0) | M5: =IF(OR(Asistencia!C4="A",Asistencia!C4="J"),L5+1,0) | N5: =IF(OR(Asistencia!D4="A",Asistencia!D4="J"),M5+1,0) | O5: =IF(OR(Asistencia!E4="A",Asistencia!E4="J"),N5+1,0) | P5: =IF(OR(Asistencia!F4="A",Asistencia!F4="J"),O5+1,0) | Q5: =IF(OR(Asistencia!G4="A",Asistencia!G4="J"),P5+1,0) | R5: =IF(OR(Asistencia!H4="A",Asistencia!H4="J"),Q5+1,0) | S5: =IF(OR(Asistencia!I4="A",Asistencia!I4="J"),R5+1,0) | T5: =IF(OR(Asistencia!J4="A",Asistencia!J4="J"),S5+1,0) | ... AE5: =IF(OR(Asistencia!U4="A",Asistencia!U4="J"),AD5+1,0)
A6: =Asistencia!A5 | B6: =COUNTA(Asistencia!$B5:$U5) | C6: =COUNTIF(Asistencia!$B5:$U5,"A") | D6: =COUNTIF(Asistencia!$B5:$U5,"J") | E6: =C6+D6 | F6: =IF(B6=0,"",(B6-E6)/B6) | G6: =COUNTIF(Asistencia!$B5:$U5,"T") | H6: =MAX(L6:AE6) | I6: =IF(B6=0,"",IF(E6/B6>=$E$2,"Sí","No")) | J6: =SUMPRODUCT((Asistencia!$B$3:$U$3="L")*((Asistencia!$B5:$U5="A")+(Asistencia!$B5:$U5="J"))) + SUMPRODUCT((Asistencia!$B$3:$U$3="V")*((Asistencia!$B5:$U5="A")+(Asistencia!$B5:$U5="J"))) | L6: =IF(OR(Asistencia!B5="A",Asistencia!B5="J"),1,0) | M6: =IF(OR(Asistencia!C5="A",Asistencia!C5="J"),L6+1,0) | N6: =IF(OR(Asistencia!D5="A",Asistencia!D5="J"),M6+1,0) | O6: =IF(OR(Asistencia!E5="A",Asistencia!E5="J"),N6+1,0) | P6: =IF(OR(Asistencia!F5="A",Asistencia!F5="J"),O6+1,0) | Q6: =IF(OR(Asistencia!G5="A",Asistencia!G5="J"),P6+1,0) | R6: =IF(OR(Asistencia!H5="A",Asistencia!H5="J"),Q6+1,0) | S6: =IF(OR(Asistencia!I5="A",Asistencia!I5="J"),R6+1,0) | T6: =IF(OR(Asistencia!J5="A",Asistencia!J5="J"),S6+1,0) | ... AE6: =IF(OR(Asistencia!U5="A",Asistencia!U5="J"),AD6+1,0)
A7: =Asistencia!A6 | B7: =COUNTA(Asistencia!$B6:$U6) | C7: =COUNTIF(Asistencia!$B6:$U6,"A") | D7: =COUNTIF(Asistencia!$B6:$U6,"J") | E7: =C7+D7 | F7: =IF(B7=0,"",(B7-E7)/B7) | G7: =COUNTIF(Asistencia!$B6:$U6,"T") | H7: =MAX(L7:AE7) | I7: =IF(B7=0,"",IF(E7/B7>=$E$2,"Sí","No")) | J7: =SUMPRODUCT((Asistencia!$B$3:$U$3="L")*((Asistencia!$B6:$U6="A")+(Asistencia!$B6:$U6="J"))) + SUMPRODUCT((Asistencia!$B$3:$U$3="V")*((Asistencia!$B6:$U6="A")+(Asistencia!$B6:$U6="J"))) | L7: =IF(OR(Asistencia!B6="A",Asistencia!B6="J"),1,0) | M7: =IF(OR(Asistencia!C6="A",Asistencia!C6="J"),L7+1,0) | N7: =IF(OR(Asistencia!D6="A",Asistencia!D6="J"),M7+1,0) | O7: =IF(OR(Asistencia!E6="A",Asistencia!E6="J"),N7+1,0) | P7: =IF(OR(Asistencia!F6="A",Asistencia!F6="J"),O7+1,0) | Q7: =IF(OR(Asistencia!G6="A",Asistencia!G6="J"),P7+1,0) | R7: =IF(OR(Asistencia!H6="A",Asistencia!H6="J"),Q7+1,0) | S7: =IF(OR(Asistencia!I6="A",Asistencia!I6="J"),R7+1,0) | T7: =IF(OR(Asistencia!J6="A",Asistencia!J6="J"),S7+1,0) | ... AE7: =IF(OR(Asistencia!U6="A",Asistencia!U6="J"),AD7+1,0)
A8: =Asistencia!A7 | B8: =COUNTA(Asistencia!$B7:$U7) | C8: =COUNTIF(Asistencia!$B7:$U7,"A") | D8: =COUNTIF(Asistencia!$B7:$U7,"J") | E8: =C8+D8 | F8: =IF(B8=0,"",(B8-E8)/B8) | G8: =COUNTIF(Asistencia!$B7:$U7,"T") | H8: =MAX(L8:AE8) | I8: =IF(B8=0,"",IF(E8/B8>=$E$2,"Sí","No")) | J8: =SUMPRODUCT((Asistencia!$B$3:$U$3="L")*((Asistencia!$B7:$U7="A")+(Asistencia!$B7:$U7="J"))) + SUMPRODUCT((Asistencia!$B$3:$U$3="V")*((Asistencia!$B7:$U7="A")+(Asistencia!$B7:$U7="J"))) | L8: =IF(OR(Asistencia!B7="A",Asistencia!B7="J"),1,0) | M8: =IF(OR(Asistencia!C7="A",Asistencia!C7="J"),L8+1,0) | N8: =IF(OR(Asistencia!D7="A",Asistencia!D7="J"),M8+1,0) | O8: =IF(OR(Asistencia!E7="A",Asistencia!E7="J"),N8+1,0) | P8: =IF(OR(Asistencia!F7="A",Asistencia!F7="J"),O8+1,0) | Q8: =IF(OR(Asistencia!G7="A",Asistencia!G7="J"),P8+1,0) | R8: =IF(OR(Asistencia!H7="A",Asistencia!H7="J"),Q8+1,0) | S8: =IF(OR(Asistencia!I7="A",Asistencia!I7="J"),R8+1,0) | T8: =IF(OR(Asistencia!J7="A",Asistencia!J7="J"),S8+1,0) | ... AE8: =IF(OR(Asistencia!U7="A",Asistencia!U7="J"),AD8+1,0)
A9: =Asistencia!A8 | B9: =COUNTA(Asistencia!$B8:$U8) | C9: =COUNTIF(Asistencia!$B8:$U8,"A") | D9: =COUNTIF(Asistencia!$B8:$U8,"J") | E9: =C9+D9 | F9: =IF(B9=0,"",(B9-E9)/B9) | G9: =COUNTIF(Asistencia!$B8:$U8,"T") | H9: =MAX(L9:AE9) | I9: =IF(B9=0,"",IF(E9/B9>=$E$2,"Sí","No")) | J9: =SUMPRODUCT((Asistencia!$B$3:$U$3="L")*((Asistencia!$B8:$U8="A")+(Asistencia!$B8:$U8="J"))) + SUMPRODUCT((Asistencia!$B$3:$U$3="V")*((Asistencia!$B8:$U8="A")+(Asistencia!$B8:$U8="J"))) | L9: =IF(OR(Asistencia!B8="A",Asistencia!B8="J"),1,0) | M9: =IF(OR(Asistencia!C8="A",Asistencia!C8="J"),L9+1,0) | N9: =IF(OR(Asistencia!D8="A",Asistencia!D8="J"),M9+1,0) | O9: =IF(OR(Asistencia!E8="A",Asistencia!E8="J"),N9+1,0) | P9: =IF(OR(Asistencia!F8="A",Asistencia!F8="J"),O9+1,0) | Q9: =IF(OR(Asistencia!G8="A",Asistencia!G8="J"),P9+1,0) | R9: =IF(OR(Asistencia!H8="A",Asistencia!H8="J"),Q9+1,0) | S9: =IF(OR(Asistencia!I8="A",Asistencia!I8="J"),R9+1,0) | T9: =IF(OR(Asistencia!J8="A",Asistencia!J8="J"),S9+1,0) | ... AE9: =IF(OR(Asistencia!U8="A",Asistencia!U8="J"),AD9+1,0)
A10: =Asistencia!A9 | B10: =COUNTA(Asistencia!$B9:$U9) | C10: =COUNTIF(Asistencia!$B9:$U9,"A") | D10: =COUNTIF(Asistencia!$B9:$U9,"J") | E10: =C10+D10 | F10: =IF(B10=0,"",(B10-E10)/B10) | G10: =COUNTIF(Asistencia!$B9:$U9,"T") | H10: =MAX(L10:AE10) | I10: =IF(B10=0,"",IF(E10/B10>=$E$2,"Sí","No")) | J10: =SUMPRODUCT((Asistencia!$B$3:$U$3="L")*((Asistencia!$B9:$U9="A")+(Asistencia!$B9:$U9="J"))) + SUMPRODUCT((Asistencia!$B$3:$U$3="V")*((Asistencia!$B9:$U9="A")+(Asistencia!$B9:$U9="J"))) | L10: =IF(OR(Asistencia!B9="A",Asistencia!B9="J"),1,0) | M10: =IF(OR(Asistencia!C9="A",Asistencia!C9="J"),L10+1,0) | N10: =IF(OR(Asistencia!D9="A",Asistencia!D9="J"),M10+1,0) | O10: =IF(OR(Asistencia!E9="A",Asistencia!E9="J"),N10+1,0) | P10: =IF(OR(Asistencia!F9="A",Asistencia!F9="J"),O10+1,0) | Q10: =IF(OR(Asistencia!G9="A",Asistencia!G9="J"),P10+1,0) | R10: =IF(OR(Asistencia!H9="A",Asistencia!H9="J"),Q10+1,0) | S10: =IF(OR(Asistencia!I9="A",Asistencia!I9="J"),R10+1,0) | T10: =IF(OR(Asistencia!J9="A",Asistencia!J9="J"),S10+1,0) | ... AE10: =IF(OR(Asistencia!U9="A",Asistencia!U9="J"),AD10+1,0)
A11: =Asistencia!A10 | B11: =COUNTA(Asistencia!$B10:$U10) | C11: =COUNTIF(Asistencia!$B10:$U10,"A") | D11: =COUNTIF(Asistencia!$B10:$U10,"J") | E11: =C11+D11 | F11: =IF(B11=0,"",(B11-E11)/B11) | G11: =COUNTIF(Asistencia!$B10:$U10,"T") | H11: =MAX(L11:AE11) | I11: =IF(B11=0,"",IF(E11/B11>=$E$2,"Sí","No")) | J11: =SUMPRODUCT((Asistencia!$B$3:$U$3="L")*((Asistencia!$B10:$U10="A")+(Asistencia!$B10:$U10="J"))) + SUMPRODUCT((Asistencia!$B$3:$U$3="V")*((Asistencia!$B10:$U10="A")+(Asistencia!$B10:$U10="J"))) | L11: =IF(OR(Asistencia!B10="A",Asistencia!B10="J"),1,0) | M11: =IF(OR(Asistencia!C10="A",Asistencia!C10="J"),L11+1,0) | N11: =IF(OR(Asistencia!D10="A",Asistencia!D10="J"),M11+1,0) | O11: =IF(OR(Asistencia!E10="A",Asistencia!E10="J"),N11+1,0) | P11: =IF(OR(Asistencia!F10="A",Asistencia!F10="J"),O11+1,0) | Q11: =IF(OR(Asistencia!G10="A",Asistencia!G10="J"),P11+1,0) | R11: =IF(OR(Asistencia!H10="A",Asistencia!H10="J"),Q11+1,0) | S11: =IF(OR(Asistencia!I10="A",Asistencia!I10="J"),R11+1,0) | T11: =IF(OR(Asistencia!J10="A",Asistencia!J10="J"),S11+1,0) | ... AE11: =IF(OR(Asistencia!U10="A",Asistencia!U10="J"),AD11+1,0)
A12: =Asistencia!A11 | B12: =COUNTA(Asistencia!$B11:$U11) | C12: =COUNTIF(Asistencia!$B11:$U11,"A") | D12: =COUNTIF(Asistencia!$B11:$U11,"J") | E12: =C12+D12 | F12: =IF(B12=0,"",(B12-E12)/B12) | G12: =COUNTIF(Asistencia!$B11:$U11,"T") | H12: =MAX(L12:AE12) | I12: =IF(B12=0,"",IF(E12/B12>=$E$2,"Sí","No")) | J12: =SUMPRODUCT((Asistencia!$B$3:$U$3="L")*((Asistencia!$B11:$U11="A")+(Asistencia!$B11:$U11="J"))) + SUMPRODUCT((Asistencia!$B$3:$U$3="V")*((Asistencia!$B11:$U11="A")+(Asistencia!$B11:$U11="J"))) | L12: =IF(OR(Asistencia!B11="A",Asistencia!B11="J"),1,0) | M12: =IF(OR(Asistencia!C11="A",Asistencia!C11="J"),L12+1,0) | N12: =IF(OR(Asistencia!D11="A",Asistencia!D11="J"),M12+1,0) | O12: =IF(OR(Asistencia!E11="A",Asistencia!E11="J"),N12+1,0) | P12: =IF(OR(Asistencia!F11="A",Asistencia!F11="J"),O12+1,0) | Q12: =IF(OR(Asistencia!G11="A",Asistencia!G11="J"),P12+1,0) | R12: =IF(OR(Asistencia!H11="A",Asistencia!H11="J"),Q12+1,0) | S12: =IF(OR(Asistencia!I11="A",Asistencia!I11="J"),R12+1,0) | T12: =IF(OR(Asistencia!J11="A",Asistencia!J11="J"),S12+1,0) | ... AE12: =IF(OR(Asistencia!U11="A",Asistencia!U11="J"),AD12+1,0)
A13: =Asistencia!A12 | B13: =COUNTA(Asistencia!$B12:$U12) | C13: =COUNTIF(Asistencia!$B12:$U12,"A") | D13: =COUNTIF(Asistencia!$B12:$U12,"J") | E13: =C13+D13 | F13: =IF(B13=0,"",(B13-E13)/B13) | G13: =COUNTIF(Asistencia!$B12:$U12,"T") | H13: =MAX(L13:AE13) | I13: =IF(B13=0,"",IF(E13/B13>=$E$2,"Sí","No")) | J13: =SUMPRODUCT((Asistencia!$B$3:$U$3="L")*((Asistencia!$B12:$U12="A")+(Asistencia!$B12:$U12="J"))) + SUMPRODUCT((Asistencia!$B$3:$U$3="V")*((Asistencia!$B12:$U12="A")+(Asistencia!$B12:$U12="J"))) | L13: =IF(OR(Asistencia!B12="A",Asistencia!B12="J"),1,0) | M13: =IF(OR(Asistencia!C12="A",Asistencia!C12="J"),L13+1,0) | N13: =IF(OR(Asistencia!D12="A",Asistencia!D12="J"),M13+1,0) | O13: =IF(OR(Asistencia!E12="A",Asistencia!E12="J"),N13+1,0) | P13: =IF(OR(Asistencia!F12="A",Asistencia!F12="J"),O13+1,0) | Q13: =IF(OR(Asistencia!G12="A",Asistencia!G12="J"),P13+1,0) | R13: =IF(OR(Asistencia!H12="A",Asistencia!H12="J"),Q13+1,0) | S13: =IF(OR(Asistencia!I12="A",Asistencia!I12="J"),R13+1,0) | T13: =IF(OR(Asistencia!J12="A",Asistencia!J12="J"),S13+1,0) | ... AE13: =IF(OR(Asistencia!U12="A",Asistencia!U12="J"),AD13+1,0)
A14: =Asistencia!A13 | B14: =COUNTA(Asistencia!$B13:$U13) | C14: =COUNTIF(Asistencia!$B13:$U13,"A") | D14: =COUNTIF(Asistencia!$B13:$U13,"J") | E14: =C14+D14 | F14: =IF(B14=0,"",(B14-E14)/B14) | G14: =COUNTIF(Asistencia!$B13:$U13,"T") | H14: =MAX(L14:AE14) | I14: =IF(B14=0,"",IF(E14/B14>=$E$2,"Sí","No")) | J14: =SUMPRODUCT((Asistencia!$B$3:$U$3="L")*((Asistencia!$B13:$U13="A")+(Asistencia!$B13:$U13="J"))) + SUMPRODUCT((Asistencia!$B$3:$U$3="V")*((Asistencia!$B13:$U13="A")+(Asistencia!$B13:$U13="J"))) | L14: =IF(OR(Asistencia!B13="A",Asistencia!B13="J"),1,0) | M14: =IF(OR(Asistencia!C13="A",Asistencia!C13="J"),L14+1,0) | N14: =IF(OR(Asistencia!D13="A",Asistencia!D13="J"),M14+1,0) | O14: =IF(OR(Asistencia!E13="A",Asistencia!E13="J"),N14+1,0) | P14: =IF(OR(Asistencia!F13="A",Asistencia!F13="J"),O14+1,0) | Q14: =IF(OR(Asistencia!G13="A",Asistencia!G13="J"),P14+1,0) | R14: =IF(OR(Asistencia!H13="A",Asistencia!H13="J"),Q14+1,0) | S14: =IF(OR(Asistencia!I13="A",Asistencia!I13="J"),R14+1,0) | T14: =IF(OR(Asistencia!J13="A",Asistencia!J13="J"),S14+1,0) | ... AE14: =IF(OR(Asistencia!U13="A",Asistencia!U13="J"),AD14+1,0)
A15: =Asistencia!A14 | B15: =COUNTA(Asistencia!$B14:$U14) | C15: =COUNTIF(Asistencia!$B14:$U14,"A") | D15: =COUNTIF(Asistencia!$B14:$U14,"J") | E15: =C15+D15 | F15: =IF(B15=0,"",(B15-E15)/B15) | G15: =COUNTIF(Asistencia!$B14:$U14,"T") | H15: =MAX(L15:AE15) | I15: =IF(B15=0,"",IF(E15/B15>=$E$2,"Sí","No")) | J15: =SUMPRODUCT((Asistencia!$B$3:$U$3="L")*((Asistencia!$B14:$U14="A")+(Asistencia!$B14:$U14="J"))) + SUMPRODUCT((Asistencia!$B$3:$U$3="V")*((Asistencia!$B14:$U14="A")+(Asistencia!$B14:$U14="J"))) | L15: =IF(OR(Asistencia!B14="A",Asistencia!B14="J"),1,0) | M15: =IF(OR(Asistencia!C14="A",Asistencia!C14="J"),L15+1,0) | N15: =IF(OR(Asistencia!D14="A",Asistencia!D14="J"),M15+1,0) | O15: =IF(OR(Asistencia!E14="A",Asistencia!E14="J"),N15+1,0) | P15: =IF(OR(Asistencia!F14="A",Asistencia!F14="J"),O15+1,0) | Q15: =IF(OR(Asistencia!G14="A",Asistencia!G14="J"),P15+1,0) | R15: =IF(OR(Asistencia!H14="A",Asistencia!H14="J"),Q15+1,0) | S15: =IF(OR(Asistencia!I14="A",Asistencia!I14="J"),R15+1,0) | T15: =IF(OR(Asistencia!J14="A",Asistencia!J14="J"),S15+1,0) | ... AE15: =IF(OR(Asistencia!U14="A",Asistencia!U14="J"),AD15+1,0)
A16: =Asistencia!A15 | B16: =COUNTA(Asistencia!$B15:$U15) | C16: =COUNTIF(Asistencia!$B15:$U15,"A") | D16: =COUNTIF(Asistencia!$B15:$U15,"J") | E16: =C16+D16 | F16: =IF(B16=0,"",(B16-E16)/B16) | G16: =COUNTIF(Asistencia!$B15:$U15,"T") | H16: =MAX(L16:AE16) | I16: =IF(B16=0,"",IF(E16/B16>=$E$2,"Sí","No")) | J16: =SUMPRODUCT((Asistencia!$B$3:$U$3="L")*((Asistencia!$B15:$U15="A")+(Asistencia!$B15:$U15="J"))) + SUMPRODUCT((Asistencia!$B$3:$U$3="V")*((Asistencia!$B15:$U15="A")+(Asistencia!$B15:$U15="J"))) | L16: =IF(OR(Asistencia!B15="A",Asistencia!B15="J"),1,0) | M16: =IF(OR(Asistencia!C15="A",Asistencia!C15="J"),L16+1,0) | N16: =IF(OR(Asistencia!D15="A",Asistencia!D15="J"),M16+1,0) | O16: =IF(OR(Asistencia!E15="A",Asistencia!E15="J"),N16+1,0) | P16: =IF(OR(Asistencia!F15="A",Asistencia!F15="J"),O16+1,0) | Q16: =IF(OR(Asistencia!G15="A",Asistencia!G15="J"),P16+1,0) | R16: =IF(OR(Asistencia!H15="A",Asistencia!H15="J"),Q16+1,0) | S16: =IF(OR(Asistencia!I15="A",Asistencia!I15="J"),R16+1,0) | T16: =IF(OR(Asistencia!J15="A",Asistencia!J15="J"),S16+1,0) | ... AE16: =IF(OR(Asistencia!U15="A",Asistencia!U15="J"),AD16+1,0)
... A24: =Asistencia!A23 | B24: =COUNTA(Asistencia!$B23:$U23) | C24: =COUNTIF(Asistencia!$B23:$U23,"A") | D24: =COUNTIF(Asistencia!$B23:$U23,"J") | E24: =C24+D24 | F24: =IF(B24=0,"",(B24-E24)/B24) | G24: =COUNTIF(Asistencia!$B23:$U23,"T") | H24: =MAX(L24:AE24) | I24: =IF(B24=0,"",IF(E24/B24>=$E$2,"Sí","No")) | J24: =SUMPRODUCT((Asistencia!$B$3:$U$3="L")*((Asistencia!$B23:$U23="A")+(Asistencia!$B23:$U23="J"))) + SUMPRODUCT((Asistencia!$B$3:$U$3="V")*((Asistencia!$B23:$U23="A")+(Asistencia!$B23:$U23="J"))) | L24: =IF(OR(Asistencia!B23="A",Asistencia!B23="J"),1,0) | M24: =IF(OR(Asistencia!C23="A",Asistencia!C23="J"),L24+1,0) | N24: =IF(OR(Asistencia!D23="A",Asistencia!D23="J"),M24+1,0) | O24: =IF(OR(Asistencia!E23="A",Asistencia!E23="J"),N24+1,0) | P24: =IF(OR(Asistencia!F23="A",Asistencia!F23="J"),O24+1,0) | Q24: =IF(OR(Asistencia!G23="A",Asistencia!G23="J"),P24+1,0) | R24: =IF(OR(Asistencia!H23="A",Asistencia!H23="J"),Q24+1,0) | S24: =IF(OR(Asistencia!I23="A",Asistencia!I23="J"),R24+1,0) | T24: =IF(OR(Asistencia!J23="A",Asistencia!J23="J"),S24+1,0) | ... AE24: =IF(OR(Asistencia!U23="A",Asistencia!U23="J"),AD24+1,0)

Sheet Resumen
A1: RESUMEN DEL GRUPO
A3: Estudiantes | B3: =COUNTA(Analisis!A5:A24)
A4: Asistencia del grupo | B4: =1-SUM(Analisis!E5:E24)/SUM(Analisis!B5:B24)
A5: Estudiantes con ausentismo crónico (umbral de Analisis!E2) | B5: =COUNTIF(Analisis!I5:I24,"Sí")
A6: Porcentaje del grupo con ausentismo crónico | B6: =B5/B3
A7: Ausencias totales | B7: =SUM(Analisis!E5:E24)
A8: Ausencias sin justificar | B8: =SUM(Analisis!C5:C24)
A9: Ausencias justificadas | B9: =SUM(Analisis!D5:D24)
A10: Estudiantes con ausencia entre 5 y 9 % (en riesgo) | B10: =COUNTIFS(Analisis!E5:E24,">0",Analisis!I5:I24,"No",Analisis!F5:F24,"<="&0.95)
A11: Racha de ausencias más larga del grupo (días) | B11: =MAX(Analisis!H5:H24)
A13: Día de la semana | B13: Ausencias totales | C13: Porcentaje
A14: Lunes | B14: =SUMPRODUCT((Asistencia!$B$3:$U$3="L")*((Asistencia!$B$4:$U$23="A")+(Asistencia!$B$4:$U$23="J"))) | C14: =IF($B$7=0,0,B14/$B$7)
A15: Martes | B15: =SUMPRODUCT((Asistencia!$B$3:$U$3="M")*((Asistencia!$B$4:$U$23="A")+(Asistencia!$B$4:$U$23="J"))) | C15: =IF($B$7=0,0,B15/$B$7)
A16: Miércoles | B16: =SUMPRODUCT((Asistencia!$B$3:$U$3="X")*((Asistencia!$B$4:$U$23="A")+(Asistencia!$B$4:$U$23="J"))) | C16: =IF($B$7=0,0,B16/$B$7)
A17: Jueves | B17: =SUMPRODUCT((Asistencia!$B$3:$U$3="J")*((Asistencia!$B$4:$U$23="A")+(Asistencia!$B$4:$U$23="J"))) | C17: =IF($B$7=0,0,B17/$B$7)
A18: Viernes | B18: =SUMPRODUCT((Asistencia!$B$3:$U$3="V")*((Asistencia!$B$4:$U$23="A")+(Asistencia!$B$4:$U$23="J"))) | C18: =IF($B$7=0,0,B18/$B$7)
A20: Semana | B20: Ausencias totales
A21: Semana 1 | B21: =COUNTIF(Asistencia!B4:F23,"A")+COUNTIF(Asistencia!B4:F23,"J")
A22: Semana 2 | B22: =COUNTIF(Asistencia!G4:K23,"A")+COUNTIF(Asistencia!G4:K23,"J")
A23: Semana 3 | B23: =COUNTIF(Asistencia!L4:P23,"A")+COUNTIF(Asistencia!L4:P23,"J")
A24: Semana 4 | B24: =COUNTIF(Asistencia!Q4:U23,"A")+COUNTIF(Asistencia!Q4:U23,"J")
