Workbook

Sheet Matriz_de_errores
A1: MATRIZ DE ERRORES MATEMÁTICOS FRECUENTES (hipótesis para explorar, no diagnósticos: confirma siempre preguntándole al estudiante)
A3: Código | B3: Error | C3: Ejemplo | D3: Qué podría estar pensando (hipótesis) | E3: Cómo explorarlo (pregunta o prueba) | F3: Intervención sugerida
A4: E1 | B4: Suma numeradores y denominadores | C4: Suma de fracciones: 1/2 + 1/3 = 2/5 | D4: Trata la fracción como dos números separados (sesgo del número natural) | E4: Pedir que ubique 1/2 y 1/3 en una recta y estime la suma antes de calcular | F4: Recta numérica y modelos de áreas; denominador común como "mismo tamaño de partes"
A5: E2 | B5: Decimales: más cifras, mayor valor | C5: 0,25 > 0,3 | D5: Compara las cifras como si fueran números enteros (25 > 3) | E5: Pedir que los ubique en una recta de 0 a 1 o los pase a centésimas | F5: Tabla de valor posicional y rectas; comparar 0,30 con 0,25
A6: E3 | B6: Multiplicar siempre agranda | C6: 8 × 0,5 = 40 | D6: Cree que multiplicar siempre aumenta y dividir siempre disminuye | E6: Preguntar: ¿el resultado debería ser mayor o menor que 8? ¿por qué? | F6: Estimar antes de calcular; multiplicar como "tomar una parte de"
A7: E4 | B7: Signo igual como "da" | C7: 8 + 4 = 12 + 5 → 17 | D7: Lee el igual como "escribe el resultado" y no como equivalencia | E7: Pedir que complete 8 + 4 = □ + 5 y que explique el igual | F7: Balanzas y ecuaciones con operaciones a ambos lados
A8: E5 | B8: Cambio de signo mal hecho | C8: x + 3 = 7 → x = 10 | D8: Repite la regla "pasa al otro lado" sin entender la operación inversa | E8: Pedir que verifique reemplazando x en la ecuación | F8: Operación inversa y verificación por sustitución
A9: E6 | B9: Distribución del signo negativo | C9: -(x - 2) = -x - 2 | D9: Aplica el signo al primer término y olvida el segundo | E9: Pedir que reemplace x por un número y compare ambos lados | F9: Propiedad distributiva con números concretos antes que con letras
A10: E7 | B10: Cuadrado de una suma | C10: (a + b)² = a² + b² | D10: Cree que el exponente se distribuye sobre la suma | E10: Probar con a = 2, b = 3: (2 + 3)² frente a 2² + 3² | F10: Modelo de áreas del cuadrado de lado a + b
A11: E8 | B11: Cancelar términos, no factores | C11: (a + b)/a = b | D11: Cancela una letra que no es factor común de todo el numerador | E11: Probar con números: (2 + 3)/2 frente a 3 | F11: Factorizar antes de simplificar
A12: E10 | B12: Porcentajes que se "compensan" | C12: Sube 20 % y baja 20 % queda igual | D12: Ignora que cada porcentaje se aplica sobre una base distinta | E12: Pedir que calcule con un precio de 100 | F12: Siempre con un ejemplo numérico de 100 y luego con la regla

Sheet Ejercicios_y_claves
A1: NUEVE PREGUNTAS DIAGNÓSTICAS Y SU CLAVE: cada distractor está ligado a un error posible
A3: Clave (pregunta+opción) | B3: Pregunta | C3: Opción | D3: Texto de la opción | E3: Código de error
A4: Q1A | B4: Q1: 1/2 + 1/3 = | C4: A | D4: 5/6
A5: Q1B | B5: Q1: 1/2 + 1/3 = | C5: B | D5: 2/5 | E5: E1
A6: Q1C | B6: Q1: 1/2 + 1/3 = | C6: C | D6: 1/6 | E6: OTRO
A7: Q2A | B7: Q2: Es mayor: 0,25 o 0,3 | C7: A | D7: 0,25 | E7: E2
A8: Q2B | B8: Q2: Es mayor: 0,25 o 0,3 | C8: B | D8: 0,3
A9: Q2C | B9: Q2: Es mayor: 0,25 o 0,3 | C9: C | D9: Son iguales | E9: OTRO
A10: Q3A | B10: Q3: 8 × 0,5 = | C10: A | D10: 4
A11: Q3B | B11: Q3: 8 × 0,5 = | C11: B | D11: 40 | E11: E3
A12: Q3C | B12: Q3: 8 × 0,5 = | C12: C | D12: 16 | E12: OTRO
A13: Q4A | B13: Q4: 8 + 4 = □ + 5 (¿qué número va en el cuadro?) | C13: A | D13: 7
A14: Q4B | B14: Q4: 8 + 4 = □ + 5 (¿qué número va en el cuadro?) | C14: B | D14: 12 | E14: E4
A15: Q4C | B15: Q4: 8 + 4 = □ + 5 (¿qué número va en el cuadro?) | C15: C | D15: 17 | E15: E4
A16: Q5A | B16: Q5: x + 3 = 7, entonces x = | C16: A | D16: 4
A17: Q5B | B17: Q5: x + 3 = 7, entonces x = | C17: B | D17: 10 | E17: E5
A18: Q5C | B18: Q5: x + 3 = 7, entonces x = | C18: C | D18: -4 | E18: OTRO
A19: Q6A | B19: Q6: -(x - 2) = | C19: A | D19: -x + 2
A20: Q6B | B20: Q6: -(x - 2) = | C20: B | D20: -x - 2 | E20: E6
A21: Q6C | B21: Q6: -(x - 2) = | C21: C | D21: x - 2 | E21: OTRO
A22: Q7A | B22: Q7: (a + b)² = | C22: A | D22: a² + 2ab + b²
A23: Q7B | B23: Q7: (a + b)² = | C23: B | D23: a² + b² | E23: E7
A24: Q7C | B24: Q7: (a + b)² = | C24: C | D24: 2a + 2b | E24: OTRO
A25: Q8A | B25: Q8: (a + b)/a se simplifica a | C25: A | D25: no se puede simplificar más
A26: Q8B | B26: Q8: (a + b)/a se simplifica a | C26: B | D26: b | E26: E8
A27: Q8C | B27: Q8: (a + b)/a se simplifica a | C27: C | D27: 1 + b | E27: E8
A28: Q9A | B28: Q9: Un precio sube 20 % y luego baja 20 %. Queda | C28: A | D28: más bajo que el original
A29: Q9B | B29: Q9: Un precio sube 20 % y luego baja 20 %. Queda | C29: B | D29: igual al original | E29: E10
A30: Q9C | B30: Q9: Un precio sube 20 % y luego baja 20 %. Queda | C30: C | D30: más alto que el original | E30: OTRO
A31: Q10A | B31: Q10: 1/4 + 2/3 = | C31: A | D31: 11/12
A32: Q10B | B32: Q10: 1/4 + 2/3 = | C32: B | D32: 3/7 | E32: E1
A33: Q10C | B33: Q10: 1/4 + 2/3 = | C33: C | D33: 3/12 | E33: OTRO
A34: Q11A | B34: Q11: x - 5 = 3, entonces x = | C34: A | D34: 8
A35: Q11B | B35: Q11: x - 5 = 3, entonces x = | C35: B | D35: -2 | E35: E5
A36: Q11C | B36: Q11: x - 5 = 3, entonces x = | C36: C | D36: 15 | E36: OTRO
A37: Q12A | B37: Q12: -(3 - x) = | C37: A | D37: -3 + x
A38: Q12B | B38: Q12: -(3 - x) = | C38: B | D38: -3 - x | E38: E6
A39: Q12C | B39: Q12: -(3 - x) = | C39: C | D39: 3 - x | E39: OTRO

Sheet Diagnostico_de_grupo
A1: DIAGNÓSTICO DE UN GRUPO (datos ficticios de 12 estudiantes: reemplaza las letras por las respuestas reales)
A2: Escribe A, B o C por pregunta. La hoja convierte cada respuesta en un código de error y cuenta cuántos estudiantes caen en cada error y quiénes repiten el mismo.
R3: Códigos de error por pregunta (calculados) | AE3: Veces que aparece cada código en el estudiante
A4: Estudiante | B4: Q1 | C4: Q2 | D4: Q3 | E4: Q4 | F4: Q5 | G4: Q6 | H4: Q7 | I4: Q8 | J4: Q9 | K4: Q10 | L4: Q11 | M4: Q12 | N4: Errores (total) | O4: Repite el mismo error | P4: Error repetido | R4: Q1 | S4: Q2 | T4: Q3 | U4: Q4 | V4: Q5 | W4: Q6 | X4: Q7 | Y4: Q8 | Z4: Q9 | AA4: Q10 | AB4: Q11 | AC4: Q12 | AE4: E1 | AF4: E2 | AG4: E3 | AH4: E4 | AI4: E5 | AJ4: E6 | AK4: E7 | AL4: E8 | AM4: E10
A5: E01 | B5: A | C5: A | D5: A | E5: A | F5: B | G5: A | H5: A | I5: A | J5: A | K5: A | L5: A | M5: A | N5: =COUNTIF(R5:AC5,"E*")+COUNTIF(R5:AC5,"OTRO") | O5: =IF(MAX(AE5:AM5)>=2,"Sí","No") | P5: =IF(MAX(AE5:AM5)>=2,INDEX($AE$4:$AM$4,MATCH(MAX(AE5:AM5),AE5:AM5,0)),"") | R5: =IFERROR(VLOOKUP("Q1"&B5,Ejercicios_y_claves!$A$4:$E$39,5,FALSE),"") | S5: =IFERROR(VLOOKUP("Q2"&C5,Ejercicios_y_claves!$A$4:$E$39,5,FALSE),"") | T5: =IFERROR(VLOOKUP("Q3"&D5,Ejercicios_y_claves!$A$4:$E$39,5,FALSE),"") | U5: =IFERROR(VLOOKUP("Q4"&E5,Ejercicios_y_claves!$A$4:$E$39,5,FALSE),"") | V5: =IFERROR(VLOOKUP("Q5"&F5,Ejercicios_y_claves!$A$4:$E$39,5,FALSE),"") | W5: =IFERROR(VLOOKUP("Q6"&G5,Ejercicios_y_claves!$A$4:$E$39,5,FALSE),"") | X5: =IFERROR(VLOOKUP("Q7"&H5,Ejercicios_y_claves!$A$4:$E$39,5,FALSE),"") | Y5: =IFERROR(VLOOKUP("Q8"&I5,Ejercicios_y_claves!$A$4:$E$39,5,FALSE),"") | Z5: =IFERROR(VLOOKUP("Q9"&J5,Ejercicios_y_claves!$A$4:$E$39,5,FALSE),"") | AA5: =IFERROR(VLOOKUP("Q10"&K5,Ejercicios_y_claves!$A$4:$E$39,5,FALSE),"") | AB5: =IFERROR(VLOOKUP("Q11"&L5,Ejercicios_y_claves!$A$4:$E$39,5,FALSE),"") | AC5: =IFERROR(VLOOKUP("Q12"&M5,Ejercicios_y_claves!$A$4:$E$39,5,FALSE),"") | AE5: =COUNTIF(R5:AC5,"E1") | AF5: =COUNTIF(R5:AC5,"E2") | AG5: =COUNTIF(R5:AC5,"E3") | AH5: =COUNTIF(R5:AC5,"E4") | AI5: =COUNTIF(R5:AC5,"E5") | AJ5: =COUNTIF(R5:AC5,"E6") | AK5: =COUNTIF(R5:AC5,"E7") | AL5: =COUNTIF(R5:AC5,"E8") | AM5: =COUNTIF(R5:AC5,"E10")
A6: E02 | B6: B | C6: B | D6: A | E6: A | F6: A | G6: A | H6: A | I6: A | J6: B | K6: A | L6: A | M6: A | N6: =COUNTIF(R6:AC6,"E*")+COUNTIF(R6:AC6,"OTRO") | O6: =IF(MAX(AE6:AM6)>=2,"Sí","No") | P6: =IF(MAX(AE6:AM6)>=2,INDEX($AE$4:$AM$4,MATCH(MAX(AE6:AM6),AE6:AM6,0)),"") | R6: =IFERROR(VLOOKUP("Q1"&B6,Ejercicios_y_claves!$A$4:$E$39,5,FALSE),"") | S6: =IFERROR(VLOOKUP("Q2"&C6,Ejercicios_y_claves!$A$4:$E$39,5,FALSE),"") | T6: =IFERROR(VLOOKUP("Q3"&D6,Ejercicios_y_claves!$A$4:$E$39,5,FALSE),"") | U6: =IFERROR(VLOOKUP("Q4"&E6,Ejercicios_y_claves!$A$4:$E$39,5,FALSE),"") | V6: =IFERROR(VLOOKUP("Q5"&F6,Ejercicios_y_claves!$A$4:$E$39,5,FALSE),"") | W6: =IFERROR(VLOOKUP("Q6"&G6,Ejercicios_y_claves!$A$4:$E$39,5,FALSE),"") | X6: =IFERROR(VLOOKUP("Q7"&H6,Ejercicios_y_claves!$A$4:$E$39,5,FALSE),"") | Y6: =IFERROR(VLOOKUP("Q8"&I6,Ejercicios_y_claves!$A$4:$E$39,5,FALSE),"") | Z6: =IFERROR(VLOOKUP("Q9"&J6,Ejercicios_y_claves!$A$4:$E$39,5,FALSE),"") | AA6: =IFERROR(VLOOKUP("Q10"&K6,Ejercicios_y_claves!$A$4:$E$39,5,FALSE),"") | AB6: =IFERROR(VLOOKUP("Q11"&L6,Ejercicios_y_claves!$A$4:$E$39,5,FALSE),"") | AC6: =IFERROR(VLOOKUP("Q12"&M6,Ejercicios_y_claves!$A$4:$E$39,5,FALSE),"") | AE6: =COUNTIF(R6:AC6,"E1") | AF6: =COUNTIF(R6:AC6,"E2") | AG6: =COUNTIF(R6:AC6,"E3") | AH6: =COUNTIF(R6:AC6,"E4") | AI6: =COUNTIF(R6:AC6,"E5") | AJ6: =COUNTIF(R6:AC6,"E6") | AK6: =COUNTIF(R6:AC6,"E7") | AL6: =COUNTIF(R6:AC6,"E8") | AM6: =COUNTIF(R6:AC6,"E10")
A7: E03 | B7: A | C7: B | D7: A | E7: A | F7: A | G7: B | H7: B | I7: A | J7: A | K7: A | L7: A | M7: A | N7: =COUNTIF(R7:AC7,"E*")+COUNTIF(R7:AC7,"OTRO") | O7: =IF(MAX(AE7:AM7)>=2,"Sí","No") | P7: =IF(MAX(AE7:AM7)>=2,INDEX($AE$4:$AM$4,MATCH(MAX(AE7:AM7),AE7:AM7,0)),"") | R7: =IFERROR(VLOOKUP("Q1"&B7,Ejercicios_y_claves!$A$4:$E$39,5,FALSE),"") | S7: =IFERROR(VLOOKUP("Q2"&C7,Ejercicios_y_claves!$A$4:$E$39,5,FALSE),"") | T7: =IFERROR(VLOOKUP("Q3"&D7,Ejercicios_y_claves!$A$4:$E$39,5,FALSE),"") | U7: =IFERROR(VLOOKUP("Q4"&E7,Ejercicios_y_claves!$A$4:$E$39,5,FALSE),"") | V7: =IFERROR(VLOOKUP("Q5"&F7,Ejercicios_y_claves!$A$4:$E$39,5,FALSE),"") | W7: =IFERROR(VLOOKUP("Q6"&G7,Ejercicios_y_claves!$A$4:$E$39,5,FALSE),"") | X7: =IFERROR(VLOOKUP("Q7"&H7,Ejercicios_y_claves!$A$4:$E$39,5,FALSE),"") | Y7: =IFERROR(VLOOKUP("Q8"&I7,Ejercicios_y_claves!$A$4:$E$39,5,FALSE),"") | Z7: =IFERROR(VLOOKUP("Q9"&J7,Ejercicios_y_claves!$A$4:$E$39,5,FALSE),"") | AA7: =IFERROR(VLOOKUP("Q10"&K7,Ejercicios_y_claves!$A$4:$E$39,5,FALSE),"") | AB7: =IFERROR(VLOOKUP("Q11"&L7,Ejercicios_y_claves!$A$4:$E$39,5,FALSE),"") | AC7: =IFERROR(VLOOKUP("Q12"&M7,Ejercicios_y_claves!$A$4:$E$39,5,FALSE),"") | AE7: =COUNTIF(R7:AC7,"E1") | AF7: =COUNTIF(R7:AC7,"E2") | AG7: =COUNTIF(R7:AC7,"E3") | AH7: =COUNTIF(R7:AC7,"E4") | AI7: =COUNTIF(R7:AC7,"E5") | AJ7: =COUNTIF(R7:AC7,"E6") | AK7: =COUNTIF(R7:AC7,"E7") | AL7: =COUNTIF(R7:AC7,"E8") | AM7: =COUNTIF(R7:AC7,"E10")
A8: E04 | B8: A | C8: B | D8: A | E8: C | F8: A | G8: B | H8: A | I8: C | J8: A | K8: A | L8: A | M8: A | N8: =COUNTIF(R8:AC8,"E*")+COUNTIF(R8:AC8,"OTRO") | O8: =IF(MAX(AE8:AM8)>=2,"Sí","No") | P8: =IF(MAX(AE8:AM8)>=2,INDEX($AE$4:$AM$4,MATCH(MAX(AE8:AM8),AE8:AM8,0)),"") | R8: =IFERROR(VLOOKUP("Q1"&B8,Ejercicios_y_claves!$A$4:$E$39,5,FALSE),"") | S8: =IFERROR(VLOOKUP("Q2"&C8,Ejercicios_y_claves!$A$4:$E$39,5,FALSE),"") | T8: =IFERROR(VLOOKUP("Q3"&D8,Ejercicios_y_claves!$A$4:$E$39,5,FALSE),"") | U8: =IFERROR(VLOOKUP("Q4"&E8,Ejercicios_y_claves!$A$4:$E$39,5,FALSE),"") | V8: =IFERROR(VLOOKUP("Q5"&F8,Ejercicios_y_claves!$A$4:$E$39,5,FALSE),"") | W8: =IFERROR(VLOOKUP("Q6"&G8,Ejercicios_y_claves!$A$4:$E$39,5,FALSE),"") | X8: =IFERROR(VLOOKUP("Q7"&H8,Ejercicios_y_claves!$A$4:$E$39,5,FALSE),"") | Y8: =IFERROR(VLOOKUP("Q8"&I8,Ejercicios_y_claves!$A$4:$E$39,5,FALSE),"") | Z8: =IFERROR(VLOOKUP("Q9"&J8,Ejercicios_y_claves!$A$4:$E$39,5,FALSE),"") | AA8: =IFERROR(VLOOKUP("Q10"&K8,Ejercicios_y_claves!$A$4:$E$39,5,FALSE),"") | AB8: =IFERROR(VLOOKUP("Q11"&L8,Ejercicios_y_claves!$A$4:$E$39,5,FALSE),"") | AC8: =IFERROR(VLOOKUP("Q12"&M8,Ejercicios_y_claves!$A$4:$E$39,5,FALSE),"") | AE8: =COUNTIF(R8:AC8,"E1") | AF8: =COUNTIF(R8:AC8,"E2") | AG8: =COUNTIF(R8:AC8,"E3") | AH8: =COUNTIF(R8:AC8,"E4") | AI8: =COUNTIF(R8:AC8,"E5") | AJ8: =COUNTIF(R8:AC8,"E6") | AK8: =COUNTIF(R8:AC8,"E7") | AL8: =COUNTIF(R8:AC8,"E8") | AM8: =COUNTIF(R8:AC8,"E10")
A9: E05 | B9: A | C9: B | D9: A | E9: A | F9: B | G9: B | H9: A | I9: A | J9: A | K9: A | L9: A | M9: B | N9: =COUNTIF(R9:AC9,"E*")+COUNTIF(R9:AC9,"OTRO") | O9: =IF(MAX(AE9:AM9)>=2,"Sí","No") | P9: =IF(MAX(AE9:AM9)>=2,INDEX($AE$4:$AM$4,MATCH(MAX(AE9:AM9),AE9:AM9,0)),"") | R9: =IFERROR(VLOOKUP("Q1"&B9,Ejercicios_y_claves!$A$4:$E$39,5,FALSE),"") | S9: =IFERROR(VLOOKUP("Q2"&C9,Ejercicios_y_claves!$A$4:$E$39,5,FALSE),"") | T9: =IFERROR(VLOOKUP("Q3"&D9,Ejercicios_y_claves!$A$4:$E$39,5,FALSE),"") | U9: =IFERROR(VLOOKUP("Q4"&E9,Ejercicios_y_claves!$A$4:$E$39,5,FALSE),"") | V9: =IFERROR(VLOOKUP("Q5"&F9,Ejercicios_y_claves!$A$4:$E$39,5,FALSE),"") | W9: =IFERROR(VLOOKUP("Q6"&G9,Ejercicios_y_claves!$A$4:$E$39,5,FALSE),"") | X9: =IFERROR(VLOOKUP("Q7"&H9,Ejercicios_y_claves!$A$4:$E$39,5,FALSE),"") | Y9: =IFERROR(VLOOKUP("Q8"&I9,Ejercicios_y_claves!$A$4:$E$39,5,FALSE),"") | Z9: =IFERROR(VLOOKUP("Q9"&J9,Ejercicios_y_claves!$A$4:$E$39,5,FALSE),"") | AA9: =IFERROR(VLOOKUP("Q10"&K9,Ejercicios_y_claves!$A$4:$E$39,5,FALSE),"") | AB9: =IFERROR(VLOOKUP("Q11"&L9,Ejercicios_y_claves!$A$4:$E$39,5,FALSE),"") | AC9: =IFERROR(VLOOKUP("Q12"&M9,Ejercicios_y_claves!$A$4:$E$39,5,FALSE),"") | AE9: =COUNTIF(R9:AC9,"E1") | AF9: =COUNTIF(R9:AC9,"E2") | AG9: =COUNTIF(R9:AC9,"E3") | AH9: =COUNTIF(R9:AC9,"E4") | AI9: =COUNTIF(R9:AC9,"E5") | AJ9: =COUNTIF(R9:AC9,"E6") | AK9: =COUNTIF(R9:AC9,"E7") | AL9: =COUNTIF(R9:AC9,"E8") | AM9: =COUNTIF(R9:AC9,"E10")
A10: E06 | B10: B | C10: B | D10: B | E10: B | F10: A | G10: A | H10: A | I10: A | J10: B | K10: B | L10: A | M10: A | N10: =COUNTIF(R10:AC10,"E*")+COUNTIF(R10:AC10,"OTRO") | O10: =IF(MAX(AE10:AM10)>=2,"Sí","No") | P10: =IF(MAX(AE10:AM10)>=2,INDEX($AE$4:$AM$4,MATCH(MAX(AE10:AM10),AE10:AM10,0)),"") | R10: =IFERROR(VLOOKUP("Q1"&B10,Ejercicios_y_claves!$A$4:$E$39,5,FALSE),"") | S10: =IFERROR(VLOOKUP("Q2"&C10,Ejercicios_y_claves!$A$4:$E$39,5,FALSE),"") | T10: =IFERROR(VLOOKUP("Q3"&D10,Ejercicios_y_claves!$A$4:$E$39,5,FALSE),"") | U10: =IFERROR(VLOOKUP("Q4"&E10,Ejercicios_y_claves!$A$4:$E$39,5,FALSE),"") | V10: =IFERROR(VLOOKUP("Q5"&F10,Ejercicios_y_claves!$A$4:$E$39,5,FALSE),"") | W10: =IFERROR(VLOOKUP("Q6"&G10,Ejercicios_y_claves!$A$4:$E$39,5,FALSE),"") | X10: =IFERROR(VLOOKUP("Q7"&H10,Ejercicios_y_claves!$A$4:$E$39,5,FALSE),"") | Y10: =IFERROR(VLOOKUP("Q8"&I10,Ejercicios_y_claves!$A$4:$E$39,5,FALSE),"") | Z10: =IFERROR(VLOOKUP("Q9"&J10,Ejercicios_y_claves!$A$4:$E$39,5,FALSE),"") | AA10: =IFERROR(VLOOKUP("Q10"&K10,Ejercicios_y_claves!$A$4:$E$39,5,FALSE),"") | AB10: =IFERROR(VLOOKUP("Q11"&L10,Ejercicios_y_claves!$A$4:$E$39,5,FALSE),"") | AC10: =IFERROR(VLOOKUP("Q12"&M10,Ejercicios_y_claves!$A$4:$E$39,5,FALSE),"") | AE10: =COUNTIF(R10:AC10,"E1") | AF10: =COUNTIF(R10:AC10,"E2") | AG10: =COUNTIF(R10:AC10,"E3") | AH10: =COUNTIF(R10:AC10,"E4") | AI10: =COUNTIF(R10:AC10,"E5") | AJ10: =COUNTIF(R10:AC10,"E6") | AK10: =COUNTIF(R10:AC10,"E7") | AL10: =COUNTIF(R10:AC10,"E8") | AM10: =COUNTIF(R10:AC10,"E10")
A11: E07 | B11: B | C11: B | D11: A | E11: A | F11: A | G11: A | H11: C | I11: A | J11: A | K11: B | L11: A | M11: A | N11: =COUNTIF(R11:AC11,"E*")+COUNTIF(R11:AC11,"OTRO") | O11: =IF(MAX(AE11:AM11)>=2,"Sí","No") | P11: =IF(MAX(AE11:AM11)>=2,INDEX($AE$4:$AM$4,MATCH(MAX(AE11:AM11),AE11:AM11,0)),"") | R11: =IFERROR(VLOOKUP("Q1"&B11,Ejercicios_y_claves!$A$4:$E$39,5,FALSE),"") | S11: =IFERROR(VLOOKUP("Q2"&C11,Ejercicios_y_claves!$A$4:$E$39,5,FALSE),"") | T11: =IFERROR(VLOOKUP("Q3"&D11,Ejercicios_y_claves!$A$4:$E$39,5,FALSE),"") | U11: =IFERROR(VLOOKUP("Q4"&E11,Ejercicios_y_claves!$A$4:$E$39,5,FALSE),"") | V11: =IFERROR(VLOOKUP("Q5"&F11,Ejercicios_y_claves!$A$4:$E$39,5,FALSE),"") | W11: =IFERROR(VLOOKUP("Q6"&G11,Ejercicios_y_claves!$A$4:$E$39,5,FALSE),"") | X11: =IFERROR(VLOOKUP("Q7"&H11,Ejercicios_y_claves!$A$4:$E$39,5,FALSE),"") | Y11: =IFERROR(VLOOKUP("Q8"&I11,Ejercicios_y_claves!$A$4:$E$39,5,FALSE),"") | Z11: =IFERROR(VLOOKUP("Q9"&J11,Ejercicios_y_claves!$A$4:$E$39,5,FALSE),"") | AA11: =IFERROR(VLOOKUP("Q10"&K11,Ejercicios_y_claves!$A$4:$E$39,5,FALSE),"") | AB11: =IFERROR(VLOOKUP("Q11"&L11,Ejercicios_y_claves!$A$4:$E$39,5,FALSE),"") | AC11: =IFERROR(VLOOKUP("Q12"&M11,Ejercicios_y_claves!$A$4:$E$39,5,FALSE),"") | AE11: =COUNTIF(R11:AC11,"E1") | AF11: =COUNTIF(R11:AC11,"E2") | AG11: =COUNTIF(R11:AC11,"E3") | AH11: =COUNTIF(R11:AC11,"E4") | AI11: =COUNTIF(R11:AC11,"E5") | AJ11: =COUNTIF(R11:AC11,"E6") | AK11: =COUNTIF(R11:AC11,"E7") | AL11: =COUNTIF(R11:AC11,"E8") | AM11: =COUNTIF(R11:AC11,"E10")
A12: E08 | B12: B | C12: A | D12: A | E12: A | F12: A | G12: A | H12: A | I12: A | J12: A | K12: B | L12: A | M12: A | N12: =COUNTIF(R12:AC12,"E*")+COUNTIF(R12:AC12,"OTRO") | O12: =IF(MAX(AE12:AM12)>=2,"Sí","No") | P12: =IF(MAX(AE12:AM12)>=2,INDEX($AE$4:$AM$4,MATCH(MAX(AE12:AM12),AE12:AM12,0)),"") | R12: =IFERROR(VLOOKUP("Q1"&B12,Ejercicios_y_claves!$A$4:$E$39,5,FALSE),"") | S12: =IFERROR(VLOOKUP("Q2"&C12,Ejercicios_y_claves!$A$4:$E$39,5,FALSE),"") | T12: =IFERROR(VLOOKUP("Q3"&D12,Ejercicios_y_claves!$A$4:$E$39,5,FALSE),"") | U12: =IFERROR(VLOOKUP("Q4"&E12,Ejercicios_y_claves!$A$4:$E$39,5,FALSE),"") | V12: =IFERROR(VLOOKUP("Q5"&F12,Ejercicios_y_claves!$A$4:$E$39,5,FALSE),"") | W12: =IFERROR(VLOOKUP("Q6"&G12,Ejercicios_y_claves!$A$4:$E$39,5,FALSE),"") | X12: =IFERROR(VLOOKUP("Q7"&H12,Ejercicios_y_claves!$A$4:$E$39,5,FALSE),"") | Y12: =IFERROR(VLOOKUP("Q8"&I12,Ejercicios_y_claves!$A$4:$E$39,5,FALSE),"") | Z12: =IFERROR(VLOOKUP("Q9"&J12,Ejercicios_y_claves!$A$4:$E$39,5,FALSE),"") | AA12: =IFERROR(VLOOKUP("Q10"&K12,Ejercicios_y_claves!$A$4:$E$39,5,FALSE),"") | AB12: =IFERROR(VLOOKUP("Q11"&L12,Ejercicios_y_claves!$A$4:$E$39,5,FALSE),"") | AC12: =IFERROR(VLOOKUP("Q12"&M12,Ejercicios_y_claves!$A$4:$E$39,5,FALSE),"") | AE12: =COUNTIF(R12:AC12,"E1") | AF12: =COUNTIF(R12:AC12,"E2") | AG12: =COUNTIF(R12:AC12,"E3") | AH12: =COUNTIF(R12:AC12,"E4") | AI12: =COUNTIF(R12:AC12,"E5") | AJ12: =COUNTIF(R12:AC12,"E6") | AK12: =COUNTIF(R12:AC12,"E7") | AL12: =COUNTIF(R12:AC12,"E8") | AM12: =COUNTIF(R12:AC12,"E10")
A13: E09 | B13: A | C13: B | D13: B | E13: A | F13: A | G13: A | H13: A | I13: A | J13: B | K13: A | L13: A | M13: A | N13: =COUNTIF(R13:AC13,"E*")+COUNTIF(R13:AC13,"OTRO") | O13: =IF(MAX(AE13:AM13)>=2,"Sí","No") | P13: =IF(MAX(AE13:AM13)>=2,INDEX($AE$4:$AM$4,MATCH(MAX(AE13:AM13),AE13:AM13,0)),"") | R13: =IFERROR(VLOOKUP("Q1"&B13,Ejercicios_y_claves!$A$4:$E$39,5,FALSE),"") | S13: =IFERROR(VLOOKUP("Q2"&C13,Ejercicios_y_claves!$A$4:$E$39,5,FALSE),"") | T13: =IFERROR(VLOOKUP("Q3"&D13,Ejercicios_y_claves!$A$4:$E$39,5,FALSE),"") | U13: =IFERROR(VLOOKUP("Q4"&E13,Ejercicios_y_claves!$A$4:$E$39,5,FALSE),"") | V13: =IFERROR(VLOOKUP("Q5"&F13,Ejercicios_y_claves!$A$4:$E$39,5,FALSE),"") | W13: =IFERROR(VLOOKUP("Q6"&G13,Ejercicios_y_claves!$A$4:$E$39,5,FALSE),"") | X13: =IFERROR(VLOOKUP("Q7"&H13,Ejercicios_y_claves!$A$4:$E$39,5,FALSE),"") | Y13: =IFERROR(VLOOKUP("Q8"&I13,Ejercicios_y_claves!$A$4:$E$39,5,FALSE),"") | Z13: =IFERROR(VLOOKUP("Q9"&J13,Ejercicios_y_claves!$A$4:$E$39,5,FALSE),"") | AA13: =IFERROR(VLOOKUP("Q10"&K13,Ejercicios_y_claves!$A$4:$E$39,5,FALSE),"") | AB13: =IFERROR(VLOOKUP("Q11"&L13,Ejercicios_y_claves!$A$4:$E$39,5,FALSE),"") | AC13: =IFERROR(VLOOKUP("Q12"&M13,Ejercicios_y_claves!$A$4:$E$39,5,FALSE),"") | AE13: =COUNTIF(R13:AC13,"E1") | AF13: =COUNTIF(R13:AC13,"E2") | AG13: =COUNTIF(R13:AC13,"E3") | AH13: =COUNTIF(R13:AC13,"E4") | AI13: =COUNTIF(R13:AC13,"E5") | AJ13: =COUNTIF(R13:AC13,"E6") | AK13: =COUNTIF(R13:AC13,"E7") | AL13: =COUNTIF(R13:AC13,"E8") | AM13: =COUNTIF(R13:AC13,"E10")
A14: E10 | B14: C | C14: B | D14: B | E14: A | F14: A | G14: A | H14: A | I14: A | J14: A | K14: A | L14: A | M14: A | N14: =COUNTIF(R14:AC14,"E*")+COUNTIF(R14:AC14,"OTRO") | O14: =IF(MAX(AE14:AM14)>=2,"Sí","No") | P14: =IF(MAX(AE14:AM14)>=2,INDEX($AE$4:$AM$4,MATCH(MAX(AE14:AM14),AE14:AM14,0)),"") | R14: =IFERROR(VLOOKUP("Q1"&B14,Ejercicios_y_claves!$A$4:$E$39,5,FALSE),"") | S14: =IFERROR(VLOOKUP("Q2"&C14,Ejercicios_y_claves!$A$4:$E$39,5,FALSE),"") | T14: =IFERROR(VLOOKUP("Q3"&D14,Ejercicios_y_claves!$A$4:$E$39,5,FALSE),"") | U14: =IFERROR(VLOOKUP("Q4"&E14,Ejercicios_y_claves!$A$4:$E$39,5,FALSE),"") | V14: =IFERROR(VLOOKUP("Q5"&F14,Ejercicios_y_claves!$A$4:$E$39,5,FALSE),"") | W14: =IFERROR(VLOOKUP("Q6"&G14,Ejercicios_y_claves!$A$4:$E$39,5,FALSE),"") | X14: =IFERROR(VLOOKUP("Q7"&H14,Ejercicios_y_claves!$A$4:$E$39,5,FALSE),"") | Y14: =IFERROR(VLOOKUP("Q8"&I14,Ejercicios_y_claves!$A$4:$E$39,5,FALSE),"") | Z14: =IFERROR(VLOOKUP("Q9"&J14,Ejercicios_y_claves!$A$4:$E$39,5,FALSE),"") | AA14: =IFERROR(VLOOKUP("Q10"&K14,Ejercicios_y_claves!$A$4:$E$39,5,FALSE),"") | AB14: =IFERROR(VLOOKUP("Q11"&L14,Ejercicios_y_claves!$A$4:$E$39,5,FALSE),"") | AC14: =IFERROR(VLOOKUP("Q12"&M14,Ejercicios_y_claves!$A$4:$E$39,5,FALSE),"") | AE14: =COUNTIF(R14:AC14,"E1") | AF14: =COUNTIF(R14:AC14,"E2") | AG14: =COUNTIF(R14:AC14,"E3") | AH14: =COUNTIF(R14:AC14,"E4") | AI14: =COUNTIF(R14:AC14,"E5") | AJ14: =COUNTIF(R14:AC14,"E6") | AK14: =COUNTIF(R14:AC14,"E7") | AL14: =COUNTIF(R14:AC14,"E8") | AM14: =COUNTIF(R14:AC14,"E10")
A15: E11 | B15: A | C15: A | D15: A | E15: A | F15: A | G15: A | H15: B | I15: A | J15: A | K15: A | L15: A | M15: A | N15: =COUNTIF(R15:AC15,"E*")+COUNTIF(R15:AC15,"OTRO") | O15: =IF(MAX(AE15:AM15)>=2,"Sí","No") | P15: =IF(MAX(AE15:AM15)>=2,INDEX($AE$4:$AM$4,MATCH(MAX(AE15:AM15),AE15:AM15,0)),"") | R15: =IFERROR(VLOOKUP("Q1"&B15,Ejercicios_y_claves!$A$4:$E$39,5,FALSE),"") | S15: =IFERROR(VLOOKUP("Q2"&C15,Ejercicios_y_claves!$A$4:$E$39,5,FALSE),"") | T15: =IFERROR(VLOOKUP("Q3"&D15,Ejercicios_y_claves!$A$4:$E$39,5,FALSE),"") | U15: =IFERROR(VLOOKUP("Q4"&E15,Ejercicios_y_claves!$A$4:$E$39,5,FALSE),"") | V15: =IFERROR(VLOOKUP("Q5"&F15,Ejercicios_y_claves!$A$4:$E$39,5,FALSE),"") | W15: =IFERROR(VLOOKUP("Q6"&G15,Ejercicios_y_claves!$A$4:$E$39,5,FALSE),"") | X15: =IFERROR(VLOOKUP("Q7"&H15,Ejercicios_y_claves!$A$4:$E$39,5,FALSE),"") | Y15: =IFERROR(VLOOKUP("Q8"&I15,Ejercicios_y_claves!$A$4:$E$39,5,FALSE),"") | Z15: =IFERROR(VLOOKUP("Q9"&J15,Ejercicios_y_claves!$A$4:$E$39,5,FALSE),"") | AA15: =IFERROR(VLOOKUP("Q10"&K15,Ejercicios_y_claves!$A$4:$E$39,5,FALSE),"") | AB15: =IFERROR(VLOOKUP("Q11"&L15,Ejercicios_y_claves!$A$4:$E$39,5,FALSE),"") | AC15: =IFERROR(VLOOKUP("Q12"&M15,Ejercicios_y_claves!$A$4:$E$39,5,FALSE),"") | AE15: =COUNTIF(R15:AC15,"E1") | AF15: =COUNTIF(R15:AC15,"E2") | AG15: =COUNTIF(R15:AC15,"E3") | AH15: =COUNTIF(R15:AC15,"E4") | AI15: =COUNTIF(R15:AC15,"E5") | AJ15: =COUNTIF(R15:AC15,"E6") | AK15: =COUNTIF(R15:AC15,"E7") | AL15: =COUNTIF(R15:AC15,"E8") | AM15: =COUNTIF(R15:AC15,"E10")
A16: E12 | B16: A | C16: B | D16: A | E16: A | F16: B | G16: C | H16: A | I16: A | J16: A | K16: B | L16: B | M16: A | N16: =COUNTIF(R16:AC16,"E*")+COUNTIF(R16:AC16,"OTRO") | O16: =IF(MAX(AE16:AM16)>=2,"Sí","No") | P16: =IF(MAX(AE16:AM16)>=2,INDEX($AE$4:$AM$4,MATCH(MAX(AE16:AM16),AE16:AM16,0)),"") | R16: =IFERROR(VLOOKUP("Q1"&B16,Ejercicios_y_claves!$A$4:$E$39,5,FALSE),"") | S16: =IFERROR(VLOOKUP("Q2"&C16,Ejercicios_y_claves!$A$4:$E$39,5,FALSE),"") | T16: =IFERROR(VLOOKUP("Q3"&D16,Ejercicios_y_claves!$A$4:$E$39,5,FALSE),"") | U16: =IFERROR(VLOOKUP("Q4"&E16,Ejercicios_y_claves!$A$4:$E$39,5,FALSE),"") | V16: =IFERROR(VLOOKUP("Q5"&F16,Ejercicios_y_claves!$A$4:$E$39,5,FALSE),"") | W16: =IFERROR(VLOOKUP("Q6"&G16,Ejercicios_y_claves!$A$4:$E$39,5,FALSE),"") | X16: =IFERROR(VLOOKUP("Q7"&H16,Ejercicios_y_claves!$A$4:$E$39,5,FALSE),"") | Y16: =IFERROR(VLOOKUP("Q8"&I16,Ejercicios_y_claves!$A$4:$E$39,5,FALSE),"") | Z16: =IFERROR(VLOOKUP("Q9"&J16,Ejercicios_y_claves!$A$4:$E$39,5,FALSE),"") | AA16: =IFERROR(VLOOKUP("Q10"&K16,Ejercicios_y_claves!$A$4:$E$39,5,FALSE),"") | AB16: =IFERROR(VLOOKUP("Q11"&L16,Ejercicios_y_claves!$A$4:$E$39,5,FALSE),"") | AC16: =IFERROR(VLOOKUP("Q12"&M16,Ejercicios_y_claves!$A$4:$E$39,5,FALSE),"") | AE16: =COUNTIF(R16:AC16,"E1") | AF16: =COUNTIF(R16:AC16,"E2") | AG16: =COUNTIF(R16:AC16,"E3") | AH16: =COUNTIF(R16:AC16,"E4") | AI16: =COUNTIF(R16:AC16,"E5") | AJ16: =COUNTIF(R16:AC16,"E6") | AK16: =COUNTIF(R16:AC16,"E7") | AL16: =COUNTIF(R16:AC16,"E8") | AM16: =COUNTIF(R16:AC16,"E10")
A19: RESUMEN POR ERROR
A20: Código | B20: Error | C20: Estudiantes con ese error (al menos una vez) | D20: % del grupo | E20: Veces que apareció
A21: E1 | B21: Suma numeradores y denominadores | C21: =COUNTIF(AE5:AE16,">0") | D21: =C21/COUNTA($A$5:$A$16) | E21: =SUM(AE5:AE16)
A22: E2 | B22: Decimales: más cifras, mayor valor | C22: =COUNTIF(AF5:AF16,">0") | D22: =C22/COUNTA($A$5:$A$16) | E22: =SUM(AF5:AF16)
A23: E3 | B23: Multiplicar siempre agranda | C23: =COUNTIF(AG5:AG16,">0") | D23: =C23/COUNTA($A$5:$A$16) | E23: =SUM(AG5:AG16)
A24: E4 | B24: Signo igual como "da" | C24: =COUNTIF(AH5:AH16,">0") | D24: =C24/COUNTA($A$5:$A$16) | E24: =SUM(AH5:AH16)
A25: E5 | B25: Cambio de signo mal hecho | C25: =COUNTIF(AI5:AI16,">0") | D25: =C25/COUNTA($A$5:$A$16) | E25: =SUM(AI5:AI16)
A26: E6 | B26: Distribución del signo negativo | C26: =COUNTIF(AJ5:AJ16,">0") | D26: =C26/COUNTA($A$5:$A$16) | E26: =SUM(AJ5:AJ16)
A27: E7 | B27: Cuadrado de una suma | C27: =COUNTIF(AK5:AK16,">0") | D27: =C27/COUNTA($A$5:$A$16) | E27: =SUM(AK5:AK16)
A28: E8 | B28: Cancelar términos, no factores | C28: =COUNTIF(AL5:AL16,">0") | D28: =C28/COUNTA($A$5:$A$16) | E28: =SUM(AL5:AL16)
A29: E10 | B29: Porcentajes que se "compensan" | C29: =COUNTIF(AM5:AM16,">0") | D29: =C29/COUNTA($A$5:$A$16) | E29: =SUM(AM5:AM16)
A31: Estudiantes que repiten el mismo error | C31: =COUNTIF(O5:O16,"Sí")
A32: Error más frecuente (por número de estudiantes) | C32: =INDEX(A21:A29,MATCH(MAX(C21:C29),C21:C29,0))
