Workbook

Sheet Campos
A1: MATRIZ DE FUENTE DE VERDAD: DÓNDE VIVE CADA DATO (ejemplo ficticio con tres sistemas; reemplaza los nombres por los de tu colegio)
A2: Marca en cada sistema: Maestro (se edita aquí y es la fuente de verdad), Copia (se recibe de otro sistema), Local (se edita aquí sin ser la fuente) o vacío si el dato no existe allí.
C3: Sistemas:
A4: Dato | B4: Dato sensible | C4: Sistema de gestión escolar | D4: Aula virtual | E4: Colaboración y correo | F4: Quién lo edita | G4: Cómo se sincroniza | H4: Maestros | I4: Copias | J4: Riesgo
A5: Documento de identidad | B5: Sí | C5: Maestro | D5: Copia | E5: Copia | F5: Secretaría | G5: Automática | H5: =IF(A5="","",COUNTIF(C5:E5,"Maestro")) | I5: =IF(A5="","",COUNTIF(C5:E5,"Copia")) | J5: =IF(A5="","",IF(H5=0,"Sin fuente de verdad",IF(H5>1,"Varios maestros",IF(AND(I5>0,G5="Manual"),"Copia manual",IF(AND(I5>0,G5="Ninguna"),"Copia sin sincronizar","Controlado")))))
A6: Nombre completo | B6: No | C6: Maestro | D6: Copia | E6: Copia | F6: Secretaría | G6: Manual | H6: =IF(A6="","",COUNTIF(C6:E6,"Maestro")) | I6: =IF(A6="","",COUNTIF(C6:E6,"Copia")) | J6: =IF(A6="","",IF(H6=0,"Sin fuente de verdad",IF(H6>1,"Varios maestros",IF(AND(I6>0,G6="Manual"),"Copia manual",IF(AND(I6>0,G6="Ninguna"),"Copia sin sincronizar","Controlado")))))
A7: Correo institucional | B7: No | C7: Copia | E7: Maestro | F7: Sistemas | G7: Automática | H7: =IF(A7="","",COUNTIF(C7:E7,"Maestro")) | I7: =IF(A7="","",COUNTIF(C7:E7,"Copia")) | J7: =IF(A7="","",IF(H7=0,"Sin fuente de verdad",IF(H7>1,"Varios maestros",IF(AND(I7>0,G7="Manual"),"Copia manual",IF(AND(I7>0,G7="Ninguna"),"Copia sin sincronizar","Controlado")))))
A8: Curso o grupo | B8: No | C8: Maestro | D8: Copia | E8: Copia | F8: Secretaría | G8: Manual | H8: =IF(A8="","",COUNTIF(C8:E8,"Maestro")) | I8: =IF(A8="","",COUNTIF(C8:E8,"Copia")) | J8: =IF(A8="","",IF(H8=0,"Sin fuente de verdad",IF(H8>1,"Varios maestros",IF(AND(I8>0,G8="Manual"),"Copia manual",IF(AND(I8>0,G8="Ninguna"),"Copia sin sincronizar","Controlado")))))
A9: Datos del acudiente | B9: Sí | C9: Maestro | F9: Secretaría | G9: Ninguna | H9: =IF(A9="","",COUNTIF(C9:E9,"Maestro")) | I9: =IF(A9="","",COUNTIF(C9:E9,"Copia")) | J9: =IF(A9="","",IF(H9=0,"Sin fuente de verdad",IF(H9>1,"Varios maestros",IF(AND(I9>0,G9="Manual"),"Copia manual",IF(AND(I9>0,G9="Ninguna"),"Copia sin sincronizar","Controlado")))))
A10: Notas finales | B10: No | C10: Maestro | D10: Maestro | F10: Docentes | G10: Ninguna | H10: =IF(A10="","",COUNTIF(C10:E10,"Maestro")) | I10: =IF(A10="","",COUNTIF(C10:E10,"Copia")) | J10: =IF(A10="","",IF(H10=0,"Sin fuente de verdad",IF(H10>1,"Varios maestros",IF(AND(I10>0,G10="Manual"),"Copia manual",IF(AND(I10>0,G10="Ninguna"),"Copia sin sincronizar","Controlado")))))
A11: Asistencia | B11: No | C11: Maestro | E11: Copia | F11: Docentes | G11: Ninguna | H11: =IF(A11="","",COUNTIF(C11:E11,"Maestro")) | I11: =IF(A11="","",COUNTIF(C11:E11,"Copia")) | J11: =IF(A11="","",IF(H11=0,"Sin fuente de verdad",IF(H11>1,"Varios maestros",IF(AND(I11>0,G11="Manual"),"Copia manual",IF(AND(I11>0,G11="Ninguna"),"Copia sin sincronizar","Controlado")))))
A12: Estado de la matrícula | B12: No | C12: Copia | D12: Copia | E12: Copia | F12: Sin definir | G12: Manual | H12: =IF(A12="","",COUNTIF(C12:E12,"Maestro")) | I12: =IF(A12="","",COUNTIF(C12:E12,"Copia")) | J12: =IF(A12="","",IF(H12=0,"Sin fuente de verdad",IF(H12>1,"Varios maestros",IF(AND(I12>0,G12="Manual"),"Copia manual",IF(AND(I12>0,G12="Ninguna"),"Copia sin sincronizar","Controlado")))))
A13: Fotografía | B13: Sí | C13: Maestro | D13: Copia | F13: Secretaría | G13: Manual | H13: =IF(A13="","",COUNTIF(C13:E13,"Maestro")) | I13: =IF(A13="","",COUNTIF(C13:E13,"Copia")) | J13: =IF(A13="","",IF(H13=0,"Sin fuente de verdad",IF(H13>1,"Varios maestros",IF(AND(I13>0,G13="Manual"),"Copia manual",IF(AND(I13>0,G13="Ninguna"),"Copia sin sincronizar","Controlado")))))
A14: Información de apoyos pedagógicos | B14: Sí | C14: Maestro | F14: Orientación | G14: Ninguna | H14: =IF(A14="","",COUNTIF(C14:E14,"Maestro")) | I14: =IF(A14="","",COUNTIF(C14:E14,"Copia")) | J14: =IF(A14="","",IF(H14=0,"Sin fuente de verdad",IF(H14>1,"Varios maestros",IF(AND(I14>0,G14="Manual"),"Copia manual",IF(AND(I14>0,G14="Ninguna"),"Copia sin sincronizar","Controlado")))))
A15: Cuenta de usuario | B15: No | D15: Copia | E15: Maestro | F15: Sistemas | G15: Manual | H15: =IF(A15="","",COUNTIF(C15:E15,"Maestro")) | I15: =IF(A15="","",COUNTIF(C15:E15,"Copia")) | J15: =IF(A15="","",IF(H15=0,"Sin fuente de verdad",IF(H15>1,"Varios maestros",IF(AND(I15>0,G15="Manual"),"Copia manual",IF(AND(I15>0,G15="Ninguna"),"Copia sin sincronizar","Controlado")))))
A16: Actividades y tareas | B16: No | D16: Maestro | F16: Docentes | G16: Ninguna | H16: =IF(A16="","",COUNTIF(C16:E16,"Maestro")) | I16: =IF(A16="","",COUNTIF(C16:E16,"Copia")) | J16: =IF(A16="","",IF(H16=0,"Sin fuente de verdad",IF(H16>1,"Varios maestros",IF(AND(I16>0,G16="Manual"),"Copia manual",IF(AND(I16>0,G16="Ninguna"),"Copia sin sincronizar","Controlado")))))
H17: =IF(A17="","",COUNTIF(C17:E17,"Maestro")) | I17: =IF(A17="","",COUNTIF(C17:E17,"Copia")) | J17: =IF(A17="","",IF(H17=0,"Sin fuente de verdad",IF(H17>1,"Varios maestros",IF(AND(I17>0,G17="Manual"),"Copia manual",IF(AND(I17>0,G17="Ninguna"),"Copia sin sincronizar","Controlado")))))
H18: =IF(A18="","",COUNTIF(C18:E18,"Maestro")) | I18: =IF(A18="","",COUNTIF(C18:E18,"Copia")) | J18: =IF(A18="","",IF(H18=0,"Sin fuente de verdad",IF(H18>1,"Varios maestros",IF(AND(I18>0,G18="Manual"),"Copia manual",IF(AND(I18>0,G18="Ninguna"),"Copia sin sincronizar","Controlado")))))
H19: =IF(A19="","",COUNTIF(C19:E19,"Maestro")) | I19: =IF(A19="","",COUNTIF(C19:E19,"Copia")) | J19: =IF(A19="","",IF(H19=0,"Sin fuente de verdad",IF(H19>1,"Varios maestros",IF(AND(I19>0,G19="Manual"),"Copia manual",IF(AND(I19>0,G19="Ninguna"),"Copia sin sincronizar","Controlado")))))
H20: =IF(A20="","",COUNTIF(C20:E20,"Maestro")) | I20: =IF(A20="","",COUNTIF(C20:E20,"Copia")) | J20: =IF(A20="","",IF(H20=0,"Sin fuente de verdad",IF(H20>1,"Varios maestros",IF(AND(I20>0,G20="Manual"),"Copia manual",IF(AND(I20>0,G20="Ninguna"),"Copia sin sincronizar","Controlado")))))
H21: =IF(A21="","",COUNTIF(C21:E21,"Maestro")) | I21: =IF(A21="","",COUNTIF(C21:E21,"Copia")) | J21: =IF(A21="","",IF(H21=0,"Sin fuente de verdad",IF(H21>1,"Varios maestros",IF(AND(I21>0,G21="Manual"),"Copia manual",IF(AND(I21>0,G21="Ninguna"),"Copia sin sincronizar","Controlado")))))
H22: =IF(A22="","",COUNTIF(C22:E22,"Maestro")) | I22: =IF(A22="","",COUNTIF(C22:E22,"Copia")) | J22: =IF(A22="","",IF(H22=0,"Sin fuente de verdad",IF(H22>1,"Varios maestros",IF(AND(I22>0,G22="Manual"),"Copia manual",IF(AND(I22>0,G22="Ninguna"),"Copia sin sincronizar","Controlado")))))
H23: =IF(A23="","",COUNTIF(C23:E23,"Maestro")) | I23: =IF(A23="","",COUNTIF(C23:E23,"Copia")) | J23: =IF(A23="","",IF(H23=0,"Sin fuente de verdad",IF(H23>1,"Varios maestros",IF(AND(I23>0,G23="Manual"),"Copia manual",IF(AND(I23>0,G23="Ninguna"),"Copia sin sincronizar","Controlado")))))
H24: =IF(A24="","",COUNTIF(C24:E24,"Maestro")) | I24: =IF(A24="","",COUNTIF(C24:E24,"Copia")) | J24: =IF(A24="","",IF(H24=0,"Sin fuente de verdad",IF(H24>1,"Varios maestros",IF(AND(I24>0,G24="Manual"),"Copia manual",IF(AND(I24>0,G24="Ninguna"),"Copia sin sincronizar","Controlado")))))
H25: =IF(A25="","",COUNTIF(C25:E25,"Maestro")) | I25: =IF(A25="","",COUNTIF(C25:E25,"Copia")) | J25: =IF(A25="","",IF(H25=0,"Sin fuente de verdad",IF(H25>1,"Varios maestros",IF(AND(I25>0,G25="Manual"),"Copia manual",IF(AND(I25>0,G25="Ninguna"),"Copia sin sincronizar","Controlado")))))
H26: =IF(A26="","",COUNTIF(C26:E26,"Maestro")) | I26: =IF(A26="","",COUNTIF(C26:E26,"Copia")) | J26: =IF(A26="","",IF(H26=0,"Sin fuente de verdad",IF(H26>1,"Varios maestros",IF(AND(I26>0,G26="Manual"),"Copia manual",IF(AND(I26>0,G26="Ninguna"),"Copia sin sincronizar","Controlado")))))
H27: =IF(A27="","",COUNTIF(C27:E27,"Maestro")) | I27: =IF(A27="","",COUNTIF(C27:E27,"Copia")) | J27: =IF(A27="","",IF(H27=0,"Sin fuente de verdad",IF(H27>1,"Varios maestros",IF(AND(I27>0,G27="Manual"),"Copia manual",IF(AND(I27>0,G27="Ninguna"),"Copia sin sincronizar","Controlado")))))
H28: =IF(A28="","",COUNTIF(C28:E28,"Maestro")) | I28: =IF(A28="","",COUNTIF(C28:E28,"Copia")) | J28: =IF(A28="","",IF(H28=0,"Sin fuente de verdad",IF(H28>1,"Varios maestros",IF(AND(I28>0,G28="Manual"),"Copia manual",IF(AND(I28>0,G28="Ninguna"),"Copia sin sincronizar","Controlado")))))
H29: =IF(A29="","",COUNTIF(C29:E29,"Maestro")) | I29: =IF(A29="","",COUNTIF(C29:E29,"Copia")) | J29: =IF(A29="","",IF(H29=0,"Sin fuente de verdad",IF(H29>1,"Varios maestros",IF(AND(I29>0,G29="Manual"),"Copia manual",IF(AND(I29>0,G29="Ninguna"),"Copia sin sincronizar","Controlado")))))

Sheet Resumen
A1: RESUMEN
A3: Datos registrados | B3: =COUNTA(Campos!A5:A29)
A4: Controlado | B4: =COUNTIF(Campos!J5:J29,A4)
A5: Copia manual | B5: =COUNTIF(Campos!J5:J29,A5)
A6: Copia sin sincronizar | B6: =COUNTIF(Campos!J5:J29,A6)
A7: Varios maestros | B7: =COUNTIF(Campos!J5:J29,A7)
A8: Sin fuente de verdad | B8: =COUNTIF(Campos!J5:J29,A8)
A9: Datos que requieren acción | B9: =B3-B4
A10: Datos sensibles con copias que no están controladas | B10: =COUNTIFS(Campos!B5:B29,"Sí",Campos!I5:I29,">0",Campos!J5:J29,"<>Controlado")
A11: Porcentaje controlado | B11: =IF(B3=0,0,B4/B3)

Sheet Reglas_de_oro
A1: REGLAS PARA UNA FUENTE DE VERDAD
A3: 1. Cada dato tiene un solo sistema maestro; los demás reciben copias.
A4: 2. Se corrige siempre en el maestro y se propaga; nunca al revés.
A5: 3. Cada dato tiene un responsable (rol), no solo un sistema.
A6: 4. La llave de unión (documento o código) se guarda como texto, con sus ceros iniciales.
A7: 5. Las copias se sincronizan de forma automática o con un procedimiento manual escrito y con fecha.
A8: 6. Se concilian los listados periódicamente (por ejemplo, cada mes y antes de cada corte de notas).
A9: 7. Los datos sensibles tienen el mínimo de copias posible y acceso limitado.
A10: 8. Cuando un dato cambia de maestro, se documenta y se avisa.
