Workbook

Sheet Horario
A1: Día | B1: Franja | C1: Grupo | D1: Materia | E1: Docente | F1: Aula | G1: Clave docente | H1: Clave aula | I1: Clave grupo | J1: Docente repetido | K1: Aula repetida | L1: Grupo repetido | M1: Estado | N1: Peso docente | O1: Peso aula | P1: Peso grupo
A2: Lun | B2: 1 | C2: 7A | D2: Lenguaje | E2: Gómez | F2: Aula 7A | G2: =IF(A2="","",A2&"|"&B2&"|"&E2) | H2: =IF(A2="","",A2&"|"&B2&"|"&F2) | I2: =IF(A2="","",A2&"|"&B2&"|"&C2) | J2: =IF(A2="","",IF(COUNTIF($G$2:$G$300,G2)>1,"Sí","")) | K2: =IF(A2="","",IF(COUNTIF($H$2:$H$300,H2)>1,"Sí","")) | L2: =IF(A2="","",IF(COUNTIF($I$2:$I$300,I2)>1,"Sí","")) | M2: =IF(A2="","",IF(OR(J2="Sí",K2="Sí",L2="Sí"),"Conflicto","OK")) | N2: =IF(J2="Sí",1/COUNTIF($G$2:$G$300,G2),0) | O2: =IF(K2="Sí",1/COUNTIF($H$2:$H$300,H2),0) | P2: =IF(L2="Sí",1/COUNTIF($I$2:$I$300,I2),0)
A3: Lun | B3: 1 | C3: 7B | D3: Ciencias | E3: Torres | F3: Laboratorio | G3: =IF(A3="","",A3&"|"&B3&"|"&E3) | H3: =IF(A3="","",A3&"|"&B3&"|"&F3) | I3: =IF(A3="","",A3&"|"&B3&"|"&C3) | J3: =IF(A3="","",IF(COUNTIF($G$2:$G$300,G3)>1,"Sí","")) | K3: =IF(A3="","",IF(COUNTIF($H$2:$H$300,H3)>1,"Sí","")) | L3: =IF(A3="","",IF(COUNTIF($I$2:$I$300,I3)>1,"Sí","")) | M3: =IF(A3="","",IF(OR(J3="Sí",K3="Sí",L3="Sí"),"Conflicto","OK")) | N3: =IF(J3="Sí",1/COUNTIF($G$2:$G$300,G3),0) | O3: =IF(K3="Sí",1/COUNTIF($H$2:$H$300,H3),0) | P3: =IF(L3="Sí",1/COUNTIF($I$2:$I$300,I3),0)
A4: Lun | B4: 1 | C4: 8A | D4: Matemáticas | E4: Ruiz | F4: Aula 8A | G4: =IF(A4="","",A4&"|"&B4&"|"&E4) | H4: =IF(A4="","",A4&"|"&B4&"|"&F4) | I4: =IF(A4="","",A4&"|"&B4&"|"&C4) | J4: =IF(A4="","",IF(COUNTIF($G$2:$G$300,G4)>1,"Sí","")) | K4: =IF(A4="","",IF(COUNTIF($H$2:$H$300,H4)>1,"Sí","")) | L4: =IF(A4="","",IF(COUNTIF($I$2:$I$300,I4)>1,"Sí","")) | M4: =IF(A4="","",IF(OR(J4="Sí",K4="Sí",L4="Sí"),"Conflicto","OK")) | N4: =IF(J4="Sí",1/COUNTIF($G$2:$G$300,G4),0) | O4: =IF(K4="Sí",1/COUNTIF($H$2:$H$300,H4),0) | P4: =IF(L4="Sí",1/COUNTIF($I$2:$I$300,I4),0)
A5: Lun | B5: 2 | C5: 7A | D5: Matemáticas | E5: Ruiz | F5: Aula 7A | G5: =IF(A5="","",A5&"|"&B5&"|"&E5) | H5: =IF(A5="","",A5&"|"&B5&"|"&F5) | I5: =IF(A5="","",A5&"|"&B5&"|"&C5) | J5: =IF(A5="","",IF(COUNTIF($G$2:$G$300,G5)>1,"Sí","")) | K5: =IF(A5="","",IF(COUNTIF($H$2:$H$300,H5)>1,"Sí","")) | L5: =IF(A5="","",IF(COUNTIF($I$2:$I$300,I5)>1,"Sí","")) | M5: =IF(A5="","",IF(OR(J5="Sí",K5="Sí",L5="Sí"),"Conflicto","OK")) | N5: =IF(J5="Sí",1/COUNTIF($G$2:$G$300,G5),0) | O5: =IF(K5="Sí",1/COUNTIF($H$2:$H$300,H5),0) | P5: =IF(L5="Sí",1/COUNTIF($I$2:$I$300,I5),0)
A6: Lun | B6: 2 | C6: 7B | D6: Sociales | E6: Ruiz | F6: Aula 7B | G6: =IF(A6="","",A6&"|"&B6&"|"&E6) | H6: =IF(A6="","",A6&"|"&B6&"|"&F6) | I6: =IF(A6="","",A6&"|"&B6&"|"&C6) | J6: =IF(A6="","",IF(COUNTIF($G$2:$G$300,G6)>1,"Sí","")) | K6: =IF(A6="","",IF(COUNTIF($H$2:$H$300,H6)>1,"Sí","")) | L6: =IF(A6="","",IF(COUNTIF($I$2:$I$300,I6)>1,"Sí","")) | M6: =IF(A6="","",IF(OR(J6="Sí",K6="Sí",L6="Sí"),"Conflicto","OK")) | N6: =IF(J6="Sí",1/COUNTIF($G$2:$G$300,G6),0) | O6: =IF(K6="Sí",1/COUNTIF($H$2:$H$300,H6),0) | P6: =IF(L6="Sí",1/COUNTIF($I$2:$I$300,I6),0)
A7: Lun | B7: 2 | C7: 8A | D7: Lenguaje | E7: Gómez | F7: Aula 8A | G7: =IF(A7="","",A7&"|"&B7&"|"&E7) | H7: =IF(A7="","",A7&"|"&B7&"|"&F7) | I7: =IF(A7="","",A7&"|"&B7&"|"&C7) | J7: =IF(A7="","",IF(COUNTIF($G$2:$G$300,G7)>1,"Sí","")) | K7: =IF(A7="","",IF(COUNTIF($H$2:$H$300,H7)>1,"Sí","")) | L7: =IF(A7="","",IF(COUNTIF($I$2:$I$300,I7)>1,"Sí","")) | M7: =IF(A7="","",IF(OR(J7="Sí",K7="Sí",L7="Sí"),"Conflicto","OK")) | N7: =IF(J7="Sí",1/COUNTIF($G$2:$G$300,G7),0) | O7: =IF(K7="Sí",1/COUNTIF($H$2:$H$300,H7),0) | P7: =IF(L7="Sí",1/COUNTIF($I$2:$I$300,I7),0)
A8: Lun | B8: 3 | C8: 7A | D8: Sociales | E8: Mora | F8: Aula 7A | G8: =IF(A8="","",A8&"|"&B8&"|"&E8) | H8: =IF(A8="","",A8&"|"&B8&"|"&F8) | I8: =IF(A8="","",A8&"|"&B8&"|"&C8) | J8: =IF(A8="","",IF(COUNTIF($G$2:$G$300,G8)>1,"Sí","")) | K8: =IF(A8="","",IF(COUNTIF($H$2:$H$300,H8)>1,"Sí","")) | L8: =IF(A8="","",IF(COUNTIF($I$2:$I$300,I8)>1,"Sí","")) | M8: =IF(A8="","",IF(OR(J8="Sí",K8="Sí",L8="Sí"),"Conflicto","OK")) | N8: =IF(J8="Sí",1/COUNTIF($G$2:$G$300,G8),0) | O8: =IF(K8="Sí",1/COUNTIF($H$2:$H$300,H8),0) | P8: =IF(L8="Sí",1/COUNTIF($I$2:$I$300,I8),0)
A9: Lun | B9: 3 | C9: 7B | D9: Matemáticas | E9: Ruiz | F9: Aula 7B | G9: =IF(A9="","",A9&"|"&B9&"|"&E9) | H9: =IF(A9="","",A9&"|"&B9&"|"&F9) | I9: =IF(A9="","",A9&"|"&B9&"|"&C9) | J9: =IF(A9="","",IF(COUNTIF($G$2:$G$300,G9)>1,"Sí","")) | K9: =IF(A9="","",IF(COUNTIF($H$2:$H$300,H9)>1,"Sí","")) | L9: =IF(A9="","",IF(COUNTIF($I$2:$I$300,I9)>1,"Sí","")) | M9: =IF(A9="","",IF(OR(J9="Sí",K9="Sí",L9="Sí"),"Conflicto","OK")) | N9: =IF(J9="Sí",1/COUNTIF($G$2:$G$300,G9),0) | O9: =IF(K9="Sí",1/COUNTIF($H$2:$H$300,H9),0) | P9: =IF(L9="Sí",1/COUNTIF($I$2:$I$300,I9),0)
A10: Lun | B10: 3 | C10: 8A | D10: Ciencias | E10: Torres | F10: Laboratorio | G10: =IF(A10="","",A10&"|"&B10&"|"&E10) | H10: =IF(A10="","",A10&"|"&B10&"|"&F10) | I10: =IF(A10="","",A10&"|"&B10&"|"&C10) | J10: =IF(A10="","",IF(COUNTIF($G$2:$G$300,G10)>1,"Sí","")) | K10: =IF(A10="","",IF(COUNTIF($H$2:$H$300,H10)>1,"Sí","")) | L10: =IF(A10="","",IF(COUNTIF($I$2:$I$300,I10)>1,"Sí","")) | M10: =IF(A10="","",IF(OR(J10="Sí",K10="Sí",L10="Sí"),"Conflicto","OK")) | N10: =IF(J10="Sí",1/COUNTIF($G$2:$G$300,G10),0) | O10: =IF(K10="Sí",1/COUNTIF($H$2:$H$300,H10),0) | P10: =IF(L10="Sí",1/COUNTIF($I$2:$I$300,I10),0)
A11: Lun | B11: 4 | C11: 7A | D11: Ciencias | E11: Torres | F11: Laboratorio | G11: =IF(A11="","",A11&"|"&B11&"|"&E11) | H11: =IF(A11="","",A11&"|"&B11&"|"&F11) | I11: =IF(A11="","",A11&"|"&B11&"|"&C11) | J11: =IF(A11="","",IF(COUNTIF($G$2:$G$300,G11)>1,"Sí","")) | K11: =IF(A11="","",IF(COUNTIF($H$2:$H$300,H11)>1,"Sí","")) | L11: =IF(A11="","",IF(COUNTIF($I$2:$I$300,I11)>1,"Sí","")) | M11: =IF(A11="","",IF(OR(J11="Sí",K11="Sí",L11="Sí"),"Conflicto","OK")) | N11: =IF(J11="Sí",1/COUNTIF($G$2:$G$300,G11),0) | O11: =IF(K11="Sí",1/COUNTIF($H$2:$H$300,H11),0) | P11: =IF(L11="Sí",1/COUNTIF($I$2:$I$300,I11),0)
A12: Lun | B12: 4 | C12: 7B | D12: Lenguaje | E12: Gómez | F12: Aula 7B | G12: =IF(A12="","",A12&"|"&B12&"|"&E12) | H12: =IF(A12="","",A12&"|"&B12&"|"&F12) | I12: =IF(A12="","",A12&"|"&B12&"|"&C12) | J12: =IF(A12="","",IF(COUNTIF($G$2:$G$300,G12)>1,"Sí","")) | K12: =IF(A12="","",IF(COUNTIF($H$2:$H$300,H12)>1,"Sí","")) | L12: =IF(A12="","",IF(COUNTIF($I$2:$I$300,I12)>1,"Sí","")) | M12: =IF(A12="","",IF(OR(J12="Sí",K12="Sí",L12="Sí"),"Conflicto","OK")) | N12: =IF(J12="Sí",1/COUNTIF($G$2:$G$300,G12),0) | O12: =IF(K12="Sí",1/COUNTIF($H$2:$H$300,H12),0) | P12: =IF(L12="Sí",1/COUNTIF($I$2:$I$300,I12),0)
A13: Lun | B13: 4 | C13: 8A | D13: Sociales | E13: Mora | F13: Aula 8A | G13: =IF(A13="","",A13&"|"&B13&"|"&E13) | H13: =IF(A13="","",A13&"|"&B13&"|"&F13) | I13: =IF(A13="","",A13&"|"&B13&"|"&C13) | J13: =IF(A13="","",IF(COUNTIF($G$2:$G$300,G13)>1,"Sí","")) | K13: =IF(A13="","",IF(COUNTIF($H$2:$H$300,H13)>1,"Sí","")) | L13: =IF(A13="","",IF(COUNTIF($I$2:$I$300,I13)>1,"Sí","")) | M13: =IF(A13="","",IF(OR(J13="Sí",K13="Sí",L13="Sí"),"Conflicto","OK")) | N13: =IF(J13="Sí",1/COUNTIF($G$2:$G$300,G13),0) | O13: =IF(K13="Sí",1/COUNTIF($H$2:$H$300,H13),0) | P13: =IF(L13="Sí",1/COUNTIF($I$2:$I$300,I13),0)
... A92: Mar | B92: 4 | C92: 7A | D92: Tecnología | E92: Ruiz | F92: Sala de sistemas | G92: =IF(A92="","",A92&"|"&B92&"|"&E92) | H92: =IF(A92="","",A92&"|"&B92&"|"&F92) | I92: =IF(A92="","",A92&"|"&B92&"|"&C92) | J92: =IF(A92="","",IF(COUNTIF($G$2:$G$300,G92)>1,"Sí","")) | K92: =IF(A92="","",IF(COUNTIF($H$2:$H$300,H92)>1,"Sí","")) | L92: =IF(A92="","",IF(COUNTIF($I$2:$I$300,I92)>1,"Sí","")) | M92: =IF(A92="","",IF(OR(J92="Sí",K92="Sí",L92="Sí"),"Conflicto","OK")) | N92: =IF(J92="Sí",1/COUNTIF($G$2:$G$300,G92),0) | O92: =IF(K92="Sí",1/COUNTIF($H$2:$H$300,H92),0) | P92: =IF(L92="Sí",1/COUNTIF($I$2:$I$300,I92),0)
G93: =IF(A93="","",A93&"|"&B93&"|"&E93) | H93: =IF(A93="","",A93&"|"&B93&"|"&F93) | I93: =IF(A93="","",A93&"|"&B93&"|"&C93) | J93: =IF(A93="","",IF(COUNTIF($G$2:$G$300,G93)>1,"Sí","")) | K93: =IF(A93="","",IF(COUNTIF($H$2:$H$300,H93)>1,"Sí","")) | L93: =IF(A93="","",IF(COUNTIF($I$2:$I$300,I93)>1,"Sí","")) | M93: =IF(A93="","",IF(OR(J93="Sí",K93="Sí",L93="Sí"),"Conflicto","OK")) | N93: =IF(J93="Sí",1/COUNTIF($G$2:$G$300,G93),0) | O93: =IF(K93="Sí",1/COUNTIF($H$2:$H$300,H93),0) | P93: =IF(L93="Sí",1/COUNTIF($I$2:$I$300,I93),0)
G94: =IF(A94="","",A94&"|"&B94&"|"&E94) | H94: =IF(A94="","",A94&"|"&B94&"|"&F94) | I94: =IF(A94="","",A94&"|"&B94&"|"&C94) | J94: =IF(A94="","",IF(COUNTIF($G$2:$G$300,G94)>1,"Sí","")) | K94: =IF(A94="","",IF(COUNTIF($H$2:$H$300,H94)>1,"Sí","")) | L94: =IF(A94="","",IF(COUNTIF($I$2:$I$300,I94)>1,"Sí","")) | M94: =IF(A94="","",IF(OR(J94="Sí",K94="Sí",L94="Sí"),"Conflicto","OK")) | N94: =IF(J94="Sí",1/COUNTIF($G$2:$G$300,G94),0) | O94: =IF(K94="Sí",1/COUNTIF($H$2:$H$300,H94),0) | P94: =IF(L94="Sí",1/COUNTIF($I$2:$I$300,I94),0)
G95: =IF(A95="","",A95&"|"&B95&"|"&E95) | H95: =IF(A95="","",A95&"|"&B95&"|"&F95) | I95: =IF(A95="","",A95&"|"&B95&"|"&C95) | J95: =IF(A95="","",IF(COUNTIF($G$2:$G$300,G95)>1,"Sí","")) | K95: =IF(A95="","",IF(COUNTIF($H$2:$H$300,H95)>1,"Sí","")) | L95: =IF(A95="","",IF(COUNTIF($I$2:$I$300,I95)>1,"Sí","")) | M95: =IF(A95="","",IF(OR(J95="Sí",K95="Sí",L95="Sí"),"Conflicto","OK")) | N95: =IF(J95="Sí",1/COUNTIF($G$2:$G$300,G95),0) | O95: =IF(K95="Sí",1/COUNTIF($H$2:$H$300,H95),0) | P95: =IF(L95="Sí",1/COUNTIF($I$2:$I$300,I95),0)
G96: =IF(A96="","",A96&"|"&B96&"|"&E96) | H96: =IF(A96="","",A96&"|"&B96&"|"&F96) | I96: =IF(A96="","",A96&"|"&B96&"|"&C96) | J96: =IF(A96="","",IF(COUNTIF($G$2:$G$300,G96)>1,"Sí","")) | K96: =IF(A96="","",IF(COUNTIF($H$2:$H$300,H96)>1,"Sí","")) | L96: =IF(A96="","",IF(COUNTIF($I$2:$I$300,I96)>1,"Sí","")) | M96: =IF(A96="","",IF(OR(J96="Sí",K96="Sí",L96="Sí"),"Conflicto","OK")) | N96: =IF(J96="Sí",1/COUNTIF($G$2:$G$300,G96),0) | O96: =IF(K96="Sí",1/COUNTIF($H$2:$H$300,H96),0) | P96: =IF(L96="Sí",1/COUNTIF($I$2:$I$300,I96),0)
G97: =IF(A97="","",A97&"|"&B97&"|"&E97) | H97: =IF(A97="","",A97&"|"&B97&"|"&F97) | I97: =IF(A97="","",A97&"|"&B97&"|"&C97) | J97: =IF(A97="","",IF(COUNTIF($G$2:$G$300,G97)>1,"Sí","")) | K97: =IF(A97="","",IF(COUNTIF($H$2:$H$300,H97)>1,"Sí","")) | L97: =IF(A97="","",IF(COUNTIF($I$2:$I$300,I97)>1,"Sí","")) | M97: =IF(A97="","",IF(OR(J97="Sí",K97="Sí",L97="Sí"),"Conflicto","OK")) | N97: =IF(J97="Sí",1/COUNTIF($G$2:$G$300,G97),0) | O97: =IF(K97="Sí",1/COUNTIF($H$2:$H$300,H97),0) | P97: =IF(L97="Sí",1/COUNTIF($I$2:$I$300,I97),0)
G98: =IF(A98="","",A98&"|"&B98&"|"&E98) | H98: =IF(A98="","",A98&"|"&B98&"|"&F98) | I98: =IF(A98="","",A98&"|"&B98&"|"&C98) | J98: =IF(A98="","",IF(COUNTIF($G$2:$G$300,G98)>1,"Sí","")) | K98: =IF(A98="","",IF(COUNTIF($H$2:$H$300,H98)>1,"Sí","")) | L98: =IF(A98="","",IF(COUNTIF($I$2:$I$300,I98)>1,"Sí","")) | M98: =IF(A98="","",IF(OR(J98="Sí",K98="Sí",L98="Sí"),"Conflicto","OK")) | N98: =IF(J98="Sí",1/COUNTIF($G$2:$G$300,G98),0) | O98: =IF(K98="Sí",1/COUNTIF($H$2:$H$300,H98),0) | P98: =IF(L98="Sí",1/COUNTIF($I$2:$I$300,I98),0)
G99: =IF(A99="","",A99&"|"&B99&"|"&E99) | H99: =IF(A99="","",A99&"|"&B99&"|"&F99) | I99: =IF(A99="","",A99&"|"&B99&"|"&C99) | J99: =IF(A99="","",IF(COUNTIF($G$2:$G$300,G99)>1,"Sí","")) | K99: =IF(A99="","",IF(COUNTIF($H$2:$H$300,H99)>1,"Sí","")) | L99: =IF(A99="","",IF(COUNTIF($I$2:$I$300,I99)>1,"Sí","")) | M99: =IF(A99="","",IF(OR(J99="Sí",K99="Sí",L99="Sí"),"Conflicto","OK")) | N99: =IF(J99="Sí",1/COUNTIF($G$2:$G$300,G99),0) | O99: =IF(K99="Sí",1/COUNTIF($H$2:$H$300,H99),0) | P99: =IF(L99="Sí",1/COUNTIF($I$2:$I$300,I99),0)
G100: =IF(A100="","",A100&"|"&B100&"|"&E100) | H100: =IF(A100="","",A100&"|"&B100&"|"&F100) | I100: =IF(A100="","",A100&"|"&B100&"|"&C100) | J100: =IF(A100="","",IF(COUNTIF($G$2:$G$300,G100)>1,"Sí","")) | K100: =IF(A100="","",IF(COUNTIF($H$2:$H$300,H100)>1,"Sí","")) | L100: =IF(A100="","",IF(COUNTIF($I$2:$I$300,I100)>1,"Sí","")) | M100: =IF(A100="","",IF(OR(J100="Sí",K100="Sí",L100="Sí"),"Conflicto","OK")) | N100: =IF(J100="Sí",1/COUNTIF($G$2:$G$300,G100),0) | O100: =IF(K100="Sí",1/COUNTIF($H$2:$H$300,H100),0) | P100: =IF(L100="Sí",1/COUNTIF($I$2:$I$300,I100),0)
G101: =IF(A101="","",A101&"|"&B101&"|"&E101) | H101: =IF(A101="","",A101&"|"&B101&"|"&F101) | I101: =IF(A101="","",A101&"|"&B101&"|"&C101) | J101: =IF(A101="","",IF(COUNTIF($G$2:$G$300,G101)>1,"Sí","")) | K101: =IF(A101="","",IF(COUNTIF($H$2:$H$300,H101)>1,"Sí","")) | L101: =IF(A101="","",IF(COUNTIF($I$2:$I$300,I101)>1,"Sí","")) | M101: =IF(A101="","",IF(OR(J101="Sí",K101="Sí",L101="Sí"),"Conflicto","OK")) | N101: =IF(J101="Sí",1/COUNTIF($G$2:$G$300,G101),0) | O101: =IF(K101="Sí",1/COUNTIF($H$2:$H$300,H101),0) | P101: =IF(L101="Sí",1/COUNTIF($I$2:$I$300,I101),0)
G102: =IF(A102="","",A102&"|"&B102&"|"&E102) | H102: =IF(A102="","",A102&"|"&B102&"|"&F102) | I102: =IF(A102="","",A102&"|"&B102&"|"&C102) | J102: =IF(A102="","",IF(COUNTIF($G$2:$G$300,G102)>1,"Sí","")) | K102: =IF(A102="","",IF(COUNTIF($H$2:$H$300,H102)>1,"Sí","")) | L102: =IF(A102="","",IF(COUNTIF($I$2:$I$300,I102)>1,"Sí","")) | M102: =IF(A102="","",IF(OR(J102="Sí",K102="Sí",L102="Sí"),"Conflicto","OK")) | N102: =IF(J102="Sí",1/COUNTIF($G$2:$G$300,G102),0) | O102: =IF(K102="Sí",1/COUNTIF($H$2:$H$300,H102),0) | P102: =IF(L102="Sí",1/COUNTIF($I$2:$I$300,I102),0)
G103: =IF(A103="","",A103&"|"&B103&"|"&E103) | H103: =IF(A103="","",A103&"|"&B103&"|"&F103) | I103: =IF(A103="","",A103&"|"&B103&"|"&C103) | J103: =IF(A103="","",IF(COUNTIF($G$2:$G$300,G103)>1,"Sí","")) | K103: =IF(A103="","",IF(COUNTIF($H$2:$H$300,H103)>1,"Sí","")) | L103: =IF(A103="","",IF(COUNTIF($I$2:$I$300,I103)>1,"Sí","")) | M103: =IF(A103="","",IF(OR(J103="Sí",K103="Sí",L103="Sí"),"Conflicto","OK")) | N103: =IF(J103="Sí",1/COUNTIF($G$2:$G$300,G103),0) | O103: =IF(K103="Sí",1/COUNTIF($H$2:$H$300,H103),0) | P103: =IF(L103="Sí",1/COUNTIF($I$2:$I$300,I103),0)
G104: =IF(A104="","",A104&"|"&B104&"|"&E104) | H104: =IF(A104="","",A104&"|"&B104&"|"&F104) | I104: =IF(A104="","",A104&"|"&B104&"|"&C104) | J104: =IF(A104="","",IF(COUNTIF($G$2:$G$300,G104)>1,"Sí","")) | K104: =IF(A104="","",IF(COUNTIF($H$2:$H$300,H104)>1,"Sí","")) | L104: =IF(A104="","",IF(COUNTIF($I$2:$I$300,I104)>1,"Sí","")) | M104: =IF(A104="","",IF(OR(J104="Sí",K104="Sí",L104="Sí"),"Conflicto","OK")) | N104: =IF(J104="Sí",1/COUNTIF($G$2:$G$300,G104),0) | O104: =IF(K104="Sí",1/COUNTIF($H$2:$H$300,H104),0) | P104: =IF(L104="Sí",1/COUNTIF($I$2:$I$300,I104),0)
... G300: =IF(A300="","",A300&"|"&B300&"|"&E300) | H300: =IF(A300="","",A300&"|"&B300&"|"&F300) | I300: =IF(A300="","",A300&"|"&B300&"|"&C300) | J300: =IF(A300="","",IF(COUNTIF($G$2:$G$300,G300)>1,"Sí","")) | K300: =IF(A300="","",IF(COUNTIF($H$2:$H$300,H300)>1,"Sí","")) | L300: =IF(A300="","",IF(COUNTIF($I$2:$I$300,I300)>1,"Sí","")) | M300: =IF(A300="","",IF(OR(J300="Sí",K300="Sí",L300="Sí"),"Conflicto","OK")) | N300: =IF(J300="Sí",1/COUNTIF($G$2:$G$300,G300),0) | O300: =IF(K300="Sí",1/COUNTIF($H$2:$H$300,H300),0) | P300: =IF(L300="Sí",1/COUNTIF($I$2:$I$300,I300),0)

Sheet Resumen
A1: AUDITORÍA DEL HORARIO (ejemplo ficticio: 3 grupos de secundaria, 30 franjas semanales por grupo)
A3: Clases (filas) en el horario | B3: =COUNTA(Horario!A2:A300)
A4: Conflictos de docente (docente en dos lugares a la vez) | B4: =ROUND(SUM(Horario!N2:N300),0)
A5: Conflictos de aula (dos clases en la misma aula y franja) | B5: =ROUND(SUM(Horario!O2:O300),0)
A6: Conflictos de grupo (un grupo con dos clases a la vez) | B6: =ROUND(SUM(Horario!P2:P300),0)
A7: Filas con algún conflicto | B7: =COUNTIF(Horario!M2:M300,"Conflicto")
A8: Docentes por encima del límite de horas | B8: =COUNTIF(Docentes!E2:E21,">0")
A9: Ventanas (huecos) de docentes en la semana | B9: =SUM(Docentes!F2:F21)
A11: Un conflicto cuenta una vez por grupo de filas que chocan (no una vez por fila).

Sheet Docentes
A1: Docente | B1: Horas semanales | C1: Límite (editable) | D1: Libre | E1: Exceso | F1: Ventanas
A2: Ruiz | B2: =IF(A2="","",COUNTIF(Horario!$E$2:$E$300,A2)) | C2: 22 | D2: =IF(A2="","",MAX(0,C2-B2)) | E2: =IF(A2="","",MAX(0,B2-C2)) | F2: =IF(A2="","",SUM(Ventanas!B2:F2))
A3: Gómez | B3: =IF(A3="","",COUNTIF(Horario!$E$2:$E$300,A3)) | C3: 22 | D3: =IF(A3="","",MAX(0,C3-B3)) | E3: =IF(A3="","",MAX(0,B3-C3)) | F3: =IF(A3="","",SUM(Ventanas!B3:F3))
A4: Torres | B4: =IF(A4="","",COUNTIF(Horario!$E$2:$E$300,A4)) | C4: 22 | D4: =IF(A4="","",MAX(0,C4-B4)) | E4: =IF(A4="","",MAX(0,B4-C4)) | F4: =IF(A4="","",SUM(Ventanas!B4:F4))
A5: Mora | B5: =IF(A5="","",COUNTIF(Horario!$E$2:$E$300,A5)) | C5: 22 | D5: =IF(A5="","",MAX(0,C5-B5)) | E5: =IF(A5="","",MAX(0,B5-C5)) | F5: =IF(A5="","",SUM(Ventanas!B5:F5))
A6: Pardo | B6: =IF(A6="","",COUNTIF(Horario!$E$2:$E$300,A6)) | C6: 22 | D6: =IF(A6="","",MAX(0,C6-B6)) | E6: =IF(A6="","",MAX(0,B6-C6)) | F6: =IF(A6="","",SUM(Ventanas!B6:F6))
A7: Salas | B7: =IF(A7="","",COUNTIF(Horario!$E$2:$E$300,A7)) | C7: 22 | D7: =IF(A7="","",MAX(0,C7-B7)) | E7: =IF(A7="","",MAX(0,B7-C7)) | F7: =IF(A7="","",SUM(Ventanas!B7:F7))
A8: Vega | B8: =IF(A8="","",COUNTIF(Horario!$E$2:$E$300,A8)) | C8: 22 | D8: =IF(A8="","",MAX(0,C8-B8)) | E8: =IF(A8="","",MAX(0,B8-C8)) | F8: =IF(A8="","",SUM(Ventanas!B8:F8))
A9: Cruz | B9: =IF(A9="","",COUNTIF(Horario!$E$2:$E$300,A9)) | C9: 22 | D9: =IF(A9="","",MAX(0,C9-B9)) | E9: =IF(A9="","",MAX(0,B9-C9)) | F9: =IF(A9="","",SUM(Ventanas!B9:F9))
B10: =IF(A10="","",COUNTIF(Horario!$E$2:$E$300,A10)) | D10: =IF(A10="","",MAX(0,C10-B10)) | E10: =IF(A10="","",MAX(0,B10-C10)) | F10: =IF(A10="","",SUM(Ventanas!B10:F10))
B11: =IF(A11="","",COUNTIF(Horario!$E$2:$E$300,A11)) | D11: =IF(A11="","",MAX(0,C11-B11)) | E11: =IF(A11="","",MAX(0,B11-C11)) | F11: =IF(A11="","",SUM(Ventanas!B11:F11))
B12: =IF(A12="","",COUNTIF(Horario!$E$2:$E$300,A12)) | D12: =IF(A12="","",MAX(0,C12-B12)) | E12: =IF(A12="","",MAX(0,B12-C12)) | F12: =IF(A12="","",SUM(Ventanas!B12:F12))
B13: =IF(A13="","",COUNTIF(Horario!$E$2:$E$300,A13)) | D13: =IF(A13="","",MAX(0,C13-B13)) | E13: =IF(A13="","",MAX(0,B13-C13)) | F13: =IF(A13="","",SUM(Ventanas!B13:F13))
B14: =IF(A14="","",COUNTIF(Horario!$E$2:$E$300,A14)) | D14: =IF(A14="","",MAX(0,C14-B14)) | E14: =IF(A14="","",MAX(0,B14-C14)) | F14: =IF(A14="","",SUM(Ventanas!B14:F14))
B15: =IF(A15="","",COUNTIF(Horario!$E$2:$E$300,A15)) | D15: =IF(A15="","",MAX(0,C15-B15)) | E15: =IF(A15="","",MAX(0,B15-C15)) | F15: =IF(A15="","",SUM(Ventanas!B15:F15))
B16: =IF(A16="","",COUNTIF(Horario!$E$2:$E$300,A16)) | D16: =IF(A16="","",MAX(0,C16-B16)) | E16: =IF(A16="","",MAX(0,B16-C16)) | F16: =IF(A16="","",SUM(Ventanas!B16:F16))
B17: =IF(A17="","",COUNTIF(Horario!$E$2:$E$300,A17)) | D17: =IF(A17="","",MAX(0,C17-B17)) | E17: =IF(A17="","",MAX(0,B17-C17)) | F17: =IF(A17="","",SUM(Ventanas!B17:F17))
B18: =IF(A18="","",COUNTIF(Horario!$E$2:$E$300,A18)) | D18: =IF(A18="","",MAX(0,C18-B18)) | E18: =IF(A18="","",MAX(0,B18-C18)) | F18: =IF(A18="","",SUM(Ventanas!B18:F18))
B19: =IF(A19="","",COUNTIF(Horario!$E$2:$E$300,A19)) | D19: =IF(A19="","",MAX(0,C19-B19)) | E19: =IF(A19="","",MAX(0,B19-C19)) | F19: =IF(A19="","",SUM(Ventanas!B19:F19))
B20: =IF(A20="","",COUNTIF(Horario!$E$2:$E$300,A20)) | D20: =IF(A20="","",MAX(0,C20-B20)) | E20: =IF(A20="","",MAX(0,B20-C20)) | F20: =IF(A20="","",SUM(Ventanas!B20:F20))
B21: =IF(A21="","",COUNTIF(Horario!$E$2:$E$300,A21)) | D21: =IF(A21="","",MAX(0,C21-B21)) | E21: =IF(A21="","",MAX(0,B21-C21)) | F21: =IF(A21="","",SUM(Ventanas!B21:F21))

Sheet Ventanas
A1: Docente | B1: Lun | C1: Mar | D1: Mié | E1: Jue | F1: Vie | H1: Ventana = franjas libres entre la primera y la última clase del día de un docente.
A2: =IF(Docentes!A2="","",Docentes!A2) | B2: =IF($A2="","",IF(COUNTIFS(Horario!$E$2:$E$300,$A2,Horario!$A$2:$A$300,B$1)=0,0,_xlfn.MAXIFS(Horario!$B$2:$B$300,Horario!$E$2:$E$300,$A2,Horario!$A$2:$A$300,B$1)-_xlfn.MINIFS(Horario!$B$2:$B$300,Horario!$E$2:$E$300,$A2,Horario!$A$2:$A$300,B$1)+1-COUNTIFS(Horario!$E$2:$E$300,$A2,Horario!$A$2:$A$300,B$1))) | C2: =IF($A2="","",IF(COUNTIFS(Horario!$E$2:$E$300,$A2,Horario!$A$2:$A$300,C$1)=0,0,_xlfn.MAXIFS(Horario!$B$2:$B$300,Horario!$E$2:$E$300,$A2,Horario!$A$2:$A$300,C$1)-_xlfn.MINIFS(Horario!$B$2:$B$300,Horario!$E$2:$E$300,$A2,Horario!$A$2:$A$300,C$1)+1-COUNTIFS(Horario!$E$2:$E$300,$A2,Horario!$A$2:$A$300,C$1))) | D2: =IF($A2="","",IF(COUNTIFS(Horario!$E$2:$E$300,$A2,Horario!$A$2:$A$300,D$1)=0,0,_xlfn.MAXIFS(Horario!$B$2:$B$300,Horario!$E$2:$E$300,$A2,Horario!$A$2:$A$300,D$1)-_xlfn.MINIFS(Horario!$B$2:$B$300,Horario!$E$2:$E$300,$A2,Horario!$A$2:$A$300,D$1)+1-COUNTIFS(Horario!$E$2:$E$300,$A2,Horario!$A$2:$A$300,D$1))) | E2: =IF($A2="","",IF(COUNTIFS(Horario!$E$2:$E$300,$A2,Horario!$A$2:$A$300,E$1)=0,0,_xlfn.MAXIFS(Horario!$B$2:$B$300,Horario!$E$2:$E$300,$A2,Horario!$A$2:$A$300,E$1)-_xlfn.MINIFS(Horario!$B$2:$B$300,Horario!$E$2:$E$300,$A2,Horario!$A$2:$A$300,E$1)+1-COUNTIFS(Horario!$E$2:$E$300,$A2,Horario!$A$2:$A$300,E$1))) | F2: =IF($A2="","",IF(COUNTIFS(Horario!$E$2:$E$300,$A2,Horario!$A$2:$A$300,F$1)=0,0,_xlfn.MAXIFS(Horario!$B$2:$B$300,Horario!$E$2:$E$300,$A2,Horario!$A$2:$A$300,F$1)-_xlfn.MINIFS(Horario!$B$2:$B$300,Horario!$E$2:$E$300,$A2,Horario!$A$2:$A$300,F$1)+1-COUNTIFS(Horario!$E$2:$E$300,$A2,Horario!$A$2:$A$300,F$1)))
A3: =IF(Docentes!A3="","",Docentes!A3) | B3: =IF($A3="","",IF(COUNTIFS(Horario!$E$2:$E$300,$A3,Horario!$A$2:$A$300,B$1)=0,0,_xlfn.MAXIFS(Horario!$B$2:$B$300,Horario!$E$2:$E$300,$A3,Horario!$A$2:$A$300,B$1)-_xlfn.MINIFS(Horario!$B$2:$B$300,Horario!$E$2:$E$300,$A3,Horario!$A$2:$A$300,B$1)+1-COUNTIFS(Horario!$E$2:$E$300,$A3,Horario!$A$2:$A$300,B$1))) | C3: =IF($A3="","",IF(COUNTIFS(Horario!$E$2:$E$300,$A3,Horario!$A$2:$A$300,C$1)=0,0,_xlfn.MAXIFS(Horario!$B$2:$B$300,Horario!$E$2:$E$300,$A3,Horario!$A$2:$A$300,C$1)-_xlfn.MINIFS(Horario!$B$2:$B$300,Horario!$E$2:$E$300,$A3,Horario!$A$2:$A$300,C$1)+1-COUNTIFS(Horario!$E$2:$E$300,$A3,Horario!$A$2:$A$300,C$1))) | D3: =IF($A3="","",IF(COUNTIFS(Horario!$E$2:$E$300,$A3,Horario!$A$2:$A$300,D$1)=0,0,_xlfn.MAXIFS(Horario!$B$2:$B$300,Horario!$E$2:$E$300,$A3,Horario!$A$2:$A$300,D$1)-_xlfn.MINIFS(Horario!$B$2:$B$300,Horario!$E$2:$E$300,$A3,Horario!$A$2:$A$300,D$1)+1-COUNTIFS(Horario!$E$2:$E$300,$A3,Horario!$A$2:$A$300,D$1))) | E3: =IF($A3="","",IF(COUNTIFS(Horario!$E$2:$E$300,$A3,Horario!$A$2:$A$300,E$1)=0,0,_xlfn.MAXIFS(Horario!$B$2:$B$300,Horario!$E$2:$E$300,$A3,Horario!$A$2:$A$300,E$1)-_xlfn.MINIFS(Horario!$B$2:$B$300,Horario!$E$2:$E$300,$A3,Horario!$A$2:$A$300,E$1)+1-COUNTIFS(Horario!$E$2:$E$300,$A3,Horario!$A$2:$A$300,E$1))) | F3: =IF($A3="","",IF(COUNTIFS(Horario!$E$2:$E$300,$A3,Horario!$A$2:$A$300,F$1)=0,0,_xlfn.MAXIFS(Horario!$B$2:$B$300,Horario!$E$2:$E$300,$A3,Horario!$A$2:$A$300,F$1)-_xlfn.MINIFS(Horario!$B$2:$B$300,Horario!$E$2:$E$300,$A3,Horario!$A$2:$A$300,F$1)+1-COUNTIFS(Horario!$E$2:$E$300,$A3,Horario!$A$2:$A$300,F$1)))
A4: =IF(Docentes!A4="","",Docentes!A4) | B4: =IF($A4="","",IF(COUNTIFS(Horario!$E$2:$E$300,$A4,Horario!$A$2:$A$300,B$1)=0,0,_xlfn.MAXIFS(Horario!$B$2:$B$300,Horario!$E$2:$E$300,$A4,Horario!$A$2:$A$300,B$1)-_xlfn.MINIFS(Horario!$B$2:$B$300,Horario!$E$2:$E$300,$A4,Horario!$A$2:$A$300,B$1)+1-COUNTIFS(Horario!$E$2:$E$300,$A4,Horario!$A$2:$A$300,B$1))) | C4: =IF($A4="","",IF(COUNTIFS(Horario!$E$2:$E$300,$A4,Horario!$A$2:$A$300,C$1)=0,0,_xlfn.MAXIFS(Horario!$B$2:$B$300,Horario!$E$2:$E$300,$A4,Horario!$A$2:$A$300,C$1)-_xlfn.MINIFS(Horario!$B$2:$B$300,Horario!$E$2:$E$300,$A4,Horario!$A$2:$A$300,C$1)+1-COUNTIFS(Horario!$E$2:$E$300,$A4,Horario!$A$2:$A$300,C$1))) | D4: =IF($A4="","",IF(COUNTIFS(Horario!$E$2:$E$300,$A4,Horario!$A$2:$A$300,D$1)=0,0,_xlfn.MAXIFS(Horario!$B$2:$B$300,Horario!$E$2:$E$300,$A4,Horario!$A$2:$A$300,D$1)-_xlfn.MINIFS(Horario!$B$2:$B$300,Horario!$E$2:$E$300,$A4,Horario!$A$2:$A$300,D$1)+1-COUNTIFS(Horario!$E$2:$E$300,$A4,Horario!$A$2:$A$300,D$1))) | E4: =IF($A4="","",IF(COUNTIFS(Horario!$E$2:$E$300,$A4,Horario!$A$2:$A$300,E$1)=0,0,_xlfn.MAXIFS(Horario!$B$2:$B$300,Horario!$E$2:$E$300,$A4,Horario!$A$2:$A$300,E$1)-_xlfn.MINIFS(Horario!$B$2:$B$300,Horario!$E$2:$E$300,$A4,Horario!$A$2:$A$300,E$1)+1-COUNTIFS(Horario!$E$2:$E$300,$A4,Horario!$A$2:$A$300,E$1))) | F4: =IF($A4="","",IF(COUNTIFS(Horario!$E$2:$E$300,$A4,Horario!$A$2:$A$300,F$1)=0,0,_xlfn.MAXIFS(Horario!$B$2:$B$300,Horario!$E$2:$E$300,$A4,Horario!$A$2:$A$300,F$1)-_xlfn.MINIFS(Horario!$B$2:$B$300,Horario!$E$2:$E$300,$A4,Horario!$A$2:$A$300,F$1)+1-COUNTIFS(Horario!$E$2:$E$300,$A4,Horario!$A$2:$A$300,F$1)))
A5: =IF(Docentes!A5="","",Docentes!A5) | B5: =IF($A5="","",IF(COUNTIFS(Horario!$E$2:$E$300,$A5,Horario!$A$2:$A$300,B$1)=0,0,_xlfn.MAXIFS(Horario!$B$2:$B$300,Horario!$E$2:$E$300,$A5,Horario!$A$2:$A$300,B$1)-_xlfn.MINIFS(Horario!$B$2:$B$300,Horario!$E$2:$E$300,$A5,Horario!$A$2:$A$300,B$1)+1-COUNTIFS(Horario!$E$2:$E$300,$A5,Horario!$A$2:$A$300,B$1))) | C5: =IF($A5="","",IF(COUNTIFS(Horario!$E$2:$E$300,$A5,Horario!$A$2:$A$300,C$1)=0,0,_xlfn.MAXIFS(Horario!$B$2:$B$300,Horario!$E$2:$E$300,$A5,Horario!$A$2:$A$300,C$1)-_xlfn.MINIFS(Horario!$B$2:$B$300,Horario!$E$2:$E$300,$A5,Horario!$A$2:$A$300,C$1)+1-COUNTIFS(Horario!$E$2:$E$300,$A5,Horario!$A$2:$A$300,C$1))) | D5: =IF($A5="","",IF(COUNTIFS(Horario!$E$2:$E$300,$A5,Horario!$A$2:$A$300,D$1)=0,0,_xlfn.MAXIFS(Horario!$B$2:$B$300,Horario!$E$2:$E$300,$A5,Horario!$A$2:$A$300,D$1)-_xlfn.MINIFS(Horario!$B$2:$B$300,Horario!$E$2:$E$300,$A5,Horario!$A$2:$A$300,D$1)+1-COUNTIFS(Horario!$E$2:$E$300,$A5,Horario!$A$2:$A$300,D$1))) | E5: =IF($A5="","",IF(COUNTIFS(Horario!$E$2:$E$300,$A5,Horario!$A$2:$A$300,E$1)=0,0,_xlfn.MAXIFS(Horario!$B$2:$B$300,Horario!$E$2:$E$300,$A5,Horario!$A$2:$A$300,E$1)-_xlfn.MINIFS(Horario!$B$2:$B$300,Horario!$E$2:$E$300,$A5,Horario!$A$2:$A$300,E$1)+1-COUNTIFS(Horario!$E$2:$E$300,$A5,Horario!$A$2:$A$300,E$1))) | F5: =IF($A5="","",IF(COUNTIFS(Horario!$E$2:$E$300,$A5,Horario!$A$2:$A$300,F$1)=0,0,_xlfn.MAXIFS(Horario!$B$2:$B$300,Horario!$E$2:$E$300,$A5,Horario!$A$2:$A$300,F$1)-_xlfn.MINIFS(Horario!$B$2:$B$300,Horario!$E$2:$E$300,$A5,Horario!$A$2:$A$300,F$1)+1-COUNTIFS(Horario!$E$2:$E$300,$A5,Horario!$A$2:$A$300,F$1)))
A6: =IF(Docentes!A6="","",Docentes!A6) | B6: =IF($A6="","",IF(COUNTIFS(Horario!$E$2:$E$300,$A6,Horario!$A$2:$A$300,B$1)=0,0,_xlfn.MAXIFS(Horario!$B$2:$B$300,Horario!$E$2:$E$300,$A6,Horario!$A$2:$A$300,B$1)-_xlfn.MINIFS(Horario!$B$2:$B$300,Horario!$E$2:$E$300,$A6,Horario!$A$2:$A$300,B$1)+1-COUNTIFS(Horario!$E$2:$E$300,$A6,Horario!$A$2:$A$300,B$1))) | C6: =IF($A6="","",IF(COUNTIFS(Horario!$E$2:$E$300,$A6,Horario!$A$2:$A$300,C$1)=0,0,_xlfn.MAXIFS(Horario!$B$2:$B$300,Horario!$E$2:$E$300,$A6,Horario!$A$2:$A$300,C$1)-_xlfn.MINIFS(Horario!$B$2:$B$300,Horario!$E$2:$E$300,$A6,Horario!$A$2:$A$300,C$1)+1-COUNTIFS(Horario!$E$2:$E$300,$A6,Horario!$A$2:$A$300,C$1))) | D6: =IF($A6="","",IF(COUNTIFS(Horario!$E$2:$E$300,$A6,Horario!$A$2:$A$300,D$1)=0,0,_xlfn.MAXIFS(Horario!$B$2:$B$300,Horario!$E$2:$E$300,$A6,Horario!$A$2:$A$300,D$1)-_xlfn.MINIFS(Horario!$B$2:$B$300,Horario!$E$2:$E$300,$A6,Horario!$A$2:$A$300,D$1)+1-COUNTIFS(Horario!$E$2:$E$300,$A6,Horario!$A$2:$A$300,D$1))) | E6: =IF($A6="","",IF(COUNTIFS(Horario!$E$2:$E$300,$A6,Horario!$A$2:$A$300,E$1)=0,0,_xlfn.MAXIFS(Horario!$B$2:$B$300,Horario!$E$2:$E$300,$A6,Horario!$A$2:$A$300,E$1)-_xlfn.MINIFS(Horario!$B$2:$B$300,Horario!$E$2:$E$300,$A6,Horario!$A$2:$A$300,E$1)+1-COUNTIFS(Horario!$E$2:$E$300,$A6,Horario!$A$2:$A$300,E$1))) | F6: =IF($A6="","",IF(COUNTIFS(Horario!$E$2:$E$300,$A6,Horario!$A$2:$A$300,F$1)=0,0,_xlfn.MAXIFS(Horario!$B$2:$B$300,Horario!$E$2:$E$300,$A6,Horario!$A$2:$A$300,F$1)-_xlfn.MINIFS(Horario!$B$2:$B$300,Horario!$E$2:$E$300,$A6,Horario!$A$2:$A$300,F$1)+1-COUNTIFS(Horario!$E$2:$E$300,$A6,Horario!$A$2:$A$300,F$1)))
A7: =IF(Docentes!A7="","",Docentes!A7) | B7: =IF($A7="","",IF(COUNTIFS(Horario!$E$2:$E$300,$A7,Horario!$A$2:$A$300,B$1)=0,0,_xlfn.MAXIFS(Horario!$B$2:$B$300,Horario!$E$2:$E$300,$A7,Horario!$A$2:$A$300,B$1)-_xlfn.MINIFS(Horario!$B$2:$B$300,Horario!$E$2:$E$300,$A7,Horario!$A$2:$A$300,B$1)+1-COUNTIFS(Horario!$E$2:$E$300,$A7,Horario!$A$2:$A$300,B$1))) | C7: =IF($A7="","",IF(COUNTIFS(Horario!$E$2:$E$300,$A7,Horario!$A$2:$A$300,C$1)=0,0,_xlfn.MAXIFS(Horario!$B$2:$B$300,Horario!$E$2:$E$300,$A7,Horario!$A$2:$A$300,C$1)-_xlfn.MINIFS(Horario!$B$2:$B$300,Horario!$E$2:$E$300,$A7,Horario!$A$2:$A$300,C$1)+1-COUNTIFS(Horario!$E$2:$E$300,$A7,Horario!$A$2:$A$300,C$1))) | D7: =IF($A7="","",IF(COUNTIFS(Horario!$E$2:$E$300,$A7,Horario!$A$2:$A$300,D$1)=0,0,_xlfn.MAXIFS(Horario!$B$2:$B$300,Horario!$E$2:$E$300,$A7,Horario!$A$2:$A$300,D$1)-_xlfn.MINIFS(Horario!$B$2:$B$300,Horario!$E$2:$E$300,$A7,Horario!$A$2:$A$300,D$1)+1-COUNTIFS(Horario!$E$2:$E$300,$A7,Horario!$A$2:$A$300,D$1))) | E7: =IF($A7="","",IF(COUNTIFS(Horario!$E$2:$E$300,$A7,Horario!$A$2:$A$300,E$1)=0,0,_xlfn.MAXIFS(Horario!$B$2:$B$300,Horario!$E$2:$E$300,$A7,Horario!$A$2:$A$300,E$1)-_xlfn.MINIFS(Horario!$B$2:$B$300,Horario!$E$2:$E$300,$A7,Horario!$A$2:$A$300,E$1)+1-COUNTIFS(Horario!$E$2:$E$300,$A7,Horario!$A$2:$A$300,E$1))) | F7: =IF($A7="","",IF(COUNTIFS(Horario!$E$2:$E$300,$A7,Horario!$A$2:$A$300,F$1)=0,0,_xlfn.MAXIFS(Horario!$B$2:$B$300,Horario!$E$2:$E$300,$A7,Horario!$A$2:$A$300,F$1)-_xlfn.MINIFS(Horario!$B$2:$B$300,Horario!$E$2:$E$300,$A7,Horario!$A$2:$A$300,F$1)+1-COUNTIFS(Horario!$E$2:$E$300,$A7,Horario!$A$2:$A$300,F$1)))
A8: =IF(Docentes!A8="","",Docentes!A8) | B8: =IF($A8="","",IF(COUNTIFS(Horario!$E$2:$E$300,$A8,Horario!$A$2:$A$300,B$1)=0,0,_xlfn.MAXIFS(Horario!$B$2:$B$300,Horario!$E$2:$E$300,$A8,Horario!$A$2:$A$300,B$1)-_xlfn.MINIFS(Horario!$B$2:$B$300,Horario!$E$2:$E$300,$A8,Horario!$A$2:$A$300,B$1)+1-COUNTIFS(Horario!$E$2:$E$300,$A8,Horario!$A$2:$A$300,B$1))) | C8: =IF($A8="","",IF(COUNTIFS(Horario!$E$2:$E$300,$A8,Horario!$A$2:$A$300,C$1)=0,0,_xlfn.MAXIFS(Horario!$B$2:$B$300,Horario!$E$2:$E$300,$A8,Horario!$A$2:$A$300,C$1)-_xlfn.MINIFS(Horario!$B$2:$B$300,Horario!$E$2:$E$300,$A8,Horario!$A$2:$A$300,C$1)+1-COUNTIFS(Horario!$E$2:$E$300,$A8,Horario!$A$2:$A$300,C$1))) | D8: =IF($A8="","",IF(COUNTIFS(Horario!$E$2:$E$300,$A8,Horario!$A$2:$A$300,D$1)=0,0,_xlfn.MAXIFS(Horario!$B$2:$B$300,Horario!$E$2:$E$300,$A8,Horario!$A$2:$A$300,D$1)-_xlfn.MINIFS(Horario!$B$2:$B$300,Horario!$E$2:$E$300,$A8,Horario!$A$2:$A$300,D$1)+1-COUNTIFS(Horario!$E$2:$E$300,$A8,Horario!$A$2:$A$300,D$1))) | E8: =IF($A8="","",IF(COUNTIFS(Horario!$E$2:$E$300,$A8,Horario!$A$2:$A$300,E$1)=0,0,_xlfn.MAXIFS(Horario!$B$2:$B$300,Horario!$E$2:$E$300,$A8,Horario!$A$2:$A$300,E$1)-_xlfn.MINIFS(Horario!$B$2:$B$300,Horario!$E$2:$E$300,$A8,Horario!$A$2:$A$300,E$1)+1-COUNTIFS(Horario!$E$2:$E$300,$A8,Horario!$A$2:$A$300,E$1))) | F8: =IF($A8="","",IF(COUNTIFS(Horario!$E$2:$E$300,$A8,Horario!$A$2:$A$300,F$1)=0,0,_xlfn.MAXIFS(Horario!$B$2:$B$300,Horario!$E$2:$E$300,$A8,Horario!$A$2:$A$300,F$1)-_xlfn.MINIFS(Horario!$B$2:$B$300,Horario!$E$2:$E$300,$A8,Horario!$A$2:$A$300,F$1)+1-COUNTIFS(Horario!$E$2:$E$300,$A8,Horario!$A$2:$A$300,F$1)))
A9: =IF(Docentes!A9="","",Docentes!A9) | B9: =IF($A9="","",IF(COUNTIFS(Horario!$E$2:$E$300,$A9,Horario!$A$2:$A$300,B$1)=0,0,_xlfn.MAXIFS(Horario!$B$2:$B$300,Horario!$E$2:$E$300,$A9,Horario!$A$2:$A$300,B$1)-_xlfn.MINIFS(Horario!$B$2:$B$300,Horario!$E$2:$E$300,$A9,Horario!$A$2:$A$300,B$1)+1-COUNTIFS(Horario!$E$2:$E$300,$A9,Horario!$A$2:$A$300,B$1))) | C9: =IF($A9="","",IF(COUNTIFS(Horario!$E$2:$E$300,$A9,Horario!$A$2:$A$300,C$1)=0,0,_xlfn.MAXIFS(Horario!$B$2:$B$300,Horario!$E$2:$E$300,$A9,Horario!$A$2:$A$300,C$1)-_xlfn.MINIFS(Horario!$B$2:$B$300,Horario!$E$2:$E$300,$A9,Horario!$A$2:$A$300,C$1)+1-COUNTIFS(Horario!$E$2:$E$300,$A9,Horario!$A$2:$A$300,C$1))) | D9: =IF($A9="","",IF(COUNTIFS(Horario!$E$2:$E$300,$A9,Horario!$A$2:$A$300,D$1)=0,0,_xlfn.MAXIFS(Horario!$B$2:$B$300,Horario!$E$2:$E$300,$A9,Horario!$A$2:$A$300,D$1)-_xlfn.MINIFS(Horario!$B$2:$B$300,Horario!$E$2:$E$300,$A9,Horario!$A$2:$A$300,D$1)+1-COUNTIFS(Horario!$E$2:$E$300,$A9,Horario!$A$2:$A$300,D$1))) | E9: =IF($A9="","",IF(COUNTIFS(Horario!$E$2:$E$300,$A9,Horario!$A$2:$A$300,E$1)=0,0,_xlfn.MAXIFS(Horario!$B$2:$B$300,Horario!$E$2:$E$300,$A9,Horario!$A$2:$A$300,E$1)-_xlfn.MINIFS(Horario!$B$2:$B$300,Horario!$E$2:$E$300,$A9,Horario!$A$2:$A$300,E$1)+1-COUNTIFS(Horario!$E$2:$E$300,$A9,Horario!$A$2:$A$300,E$1))) | F9: =IF($A9="","",IF(COUNTIFS(Horario!$E$2:$E$300,$A9,Horario!$A$2:$A$300,F$1)=0,0,_xlfn.MAXIFS(Horario!$B$2:$B$300,Horario!$E$2:$E$300,$A9,Horario!$A$2:$A$300,F$1)-_xlfn.MINIFS(Horario!$B$2:$B$300,Horario!$E$2:$E$300,$A9,Horario!$A$2:$A$300,F$1)+1-COUNTIFS(Horario!$E$2:$E$300,$A9,Horario!$A$2:$A$300,F$1)))
A10: =IF(Docentes!A10="","",Docentes!A10) | B10: =IF($A10="","",IF(COUNTIFS(Horario!$E$2:$E$300,$A10,Horario!$A$2:$A$300,B$1)=0,0,_xlfn.MAXIFS(Horario!$B$2:$B$300,Horario!$E$2:$E$300,$A10,Horario!$A$2:$A$300,B$1)-_xlfn.MINIFS(Horario!$B$2:$B$300,Horario!$E$2:$E$300,$A10,Horario!$A$2:$A$300,B$1)+1-COUNTIFS(Horario!$E$2:$E$300,$A10,Horario!$A$2:$A$300,B$1))) | C10: =IF($A10="","",IF(COUNTIFS(Horario!$E$2:$E$300,$A10,Horario!$A$2:$A$300,C$1)=0,0,_xlfn.MAXIFS(Horario!$B$2:$B$300,Horario!$E$2:$E$300,$A10,Horario!$A$2:$A$300,C$1)-_xlfn.MINIFS(Horario!$B$2:$B$300,Horario!$E$2:$E$300,$A10,Horario!$A$2:$A$300,C$1)+1-COUNTIFS(Horario!$E$2:$E$300,$A10,Horario!$A$2:$A$300,C$1))) | D10: =IF($A10="","",IF(COUNTIFS(Horario!$E$2:$E$300,$A10,Horario!$A$2:$A$300,D$1)=0,0,_xlfn.MAXIFS(Horario!$B$2:$B$300,Horario!$E$2:$E$300,$A10,Horario!$A$2:$A$300,D$1)-_xlfn.MINIFS(Horario!$B$2:$B$300,Horario!$E$2:$E$300,$A10,Horario!$A$2:$A$300,D$1)+1-COUNTIFS(Horario!$E$2:$E$300,$A10,Horario!$A$2:$A$300,D$1))) | E10: =IF($A10="","",IF(COUNTIFS(Horario!$E$2:$E$300,$A10,Horario!$A$2:$A$300,E$1)=0,0,_xlfn.MAXIFS(Horario!$B$2:$B$300,Horario!$E$2:$E$300,$A10,Horario!$A$2:$A$300,E$1)-_xlfn.MINIFS(Horario!$B$2:$B$300,Horario!$E$2:$E$300,$A10,Horario!$A$2:$A$300,E$1)+1-COUNTIFS(Horario!$E$2:$E$300,$A10,Horario!$A$2:$A$300,E$1))) | F10: =IF($A10="","",IF(COUNTIFS(Horario!$E$2:$E$300,$A10,Horario!$A$2:$A$300,F$1)=0,0,_xlfn.MAXIFS(Horario!$B$2:$B$300,Horario!$E$2:$E$300,$A10,Horario!$A$2:$A$300,F$1)-_xlfn.MINIFS(Horario!$B$2:$B$300,Horario!$E$2:$E$300,$A10,Horario!$A$2:$A$300,F$1)+1-COUNTIFS(Horario!$E$2:$E$300,$A10,Horario!$A$2:$A$300,F$1)))
A11: =IF(Docentes!A11="","",Docentes!A11) | B11: =IF($A11="","",IF(COUNTIFS(Horario!$E$2:$E$300,$A11,Horario!$A$2:$A$300,B$1)=0,0,_xlfn.MAXIFS(Horario!$B$2:$B$300,Horario!$E$2:$E$300,$A11,Horario!$A$2:$A$300,B$1)-_xlfn.MINIFS(Horario!$B$2:$B$300,Horario!$E$2:$E$300,$A11,Horario!$A$2:$A$300,B$1)+1-COUNTIFS(Horario!$E$2:$E$300,$A11,Horario!$A$2:$A$300,B$1))) | C11: =IF($A11="","",IF(COUNTIFS(Horario!$E$2:$E$300,$A11,Horario!$A$2:$A$300,C$1)=0,0,_xlfn.MAXIFS(Horario!$B$2:$B$300,Horario!$E$2:$E$300,$A11,Horario!$A$2:$A$300,C$1)-_xlfn.MINIFS(Horario!$B$2:$B$300,Horario!$E$2:$E$300,$A11,Horario!$A$2:$A$300,C$1)+1-COUNTIFS(Horario!$E$2:$E$300,$A11,Horario!$A$2:$A$300,C$1))) | D11: =IF($A11="","",IF(COUNTIFS(Horario!$E$2:$E$300,$A11,Horario!$A$2:$A$300,D$1)=0,0,_xlfn.MAXIFS(Horario!$B$2:$B$300,Horario!$E$2:$E$300,$A11,Horario!$A$2:$A$300,D$1)-_xlfn.MINIFS(Horario!$B$2:$B$300,Horario!$E$2:$E$300,$A11,Horario!$A$2:$A$300,D$1)+1-COUNTIFS(Horario!$E$2:$E$300,$A11,Horario!$A$2:$A$300,D$1))) | E11: =IF($A11="","",IF(COUNTIFS(Horario!$E$2:$E$300,$A11,Horario!$A$2:$A$300,E$1)=0,0,_xlfn.MAXIFS(Horario!$B$2:$B$300,Horario!$E$2:$E$300,$A11,Horario!$A$2:$A$300,E$1)-_xlfn.MINIFS(Horario!$B$2:$B$300,Horario!$E$2:$E$300,$A11,Horario!$A$2:$A$300,E$1)+1-COUNTIFS(Horario!$E$2:$E$300,$A11,Horario!$A$2:$A$300,E$1))) | F11: =IF($A11="","",IF(COUNTIFS(Horario!$E$2:$E$300,$A11,Horario!$A$2:$A$300,F$1)=0,0,_xlfn.MAXIFS(Horario!$B$2:$B$300,Horario!$E$2:$E$300,$A11,Horario!$A$2:$A$300,F$1)-_xlfn.MINIFS(Horario!$B$2:$B$300,Horario!$E$2:$E$300,$A11,Horario!$A$2:$A$300,F$1)+1-COUNTIFS(Horario!$E$2:$E$300,$A11,Horario!$A$2:$A$300,F$1)))
A12: =IF(Docentes!A12="","",Docentes!A12) | B12: =IF($A12="","",IF(COUNTIFS(Horario!$E$2:$E$300,$A12,Horario!$A$2:$A$300,B$1)=0,0,_xlfn.MAXIFS(Horario!$B$2:$B$300,Horario!$E$2:$E$300,$A12,Horario!$A$2:$A$300,B$1)-_xlfn.MINIFS(Horario!$B$2:$B$300,Horario!$E$2:$E$300,$A12,Horario!$A$2:$A$300,B$1)+1-COUNTIFS(Horario!$E$2:$E$300,$A12,Horario!$A$2:$A$300,B$1))) | C12: =IF($A12="","",IF(COUNTIFS(Horario!$E$2:$E$300,$A12,Horario!$A$2:$A$300,C$1)=0,0,_xlfn.MAXIFS(Horario!$B$2:$B$300,Horario!$E$2:$E$300,$A12,Horario!$A$2:$A$300,C$1)-_xlfn.MINIFS(Horario!$B$2:$B$300,Horario!$E$2:$E$300,$A12,Horario!$A$2:$A$300,C$1)+1-COUNTIFS(Horario!$E$2:$E$300,$A12,Horario!$A$2:$A$300,C$1))) | D12: =IF($A12="","",IF(COUNTIFS(Horario!$E$2:$E$300,$A12,Horario!$A$2:$A$300,D$1)=0,0,_xlfn.MAXIFS(Horario!$B$2:$B$300,Horario!$E$2:$E$300,$A12,Horario!$A$2:$A$300,D$1)-_xlfn.MINIFS(Horario!$B$2:$B$300,Horario!$E$2:$E$300,$A12,Horario!$A$2:$A$300,D$1)+1-COUNTIFS(Horario!$E$2:$E$300,$A12,Horario!$A$2:$A$300,D$1))) | E12: =IF($A12="","",IF(COUNTIFS(Horario!$E$2:$E$300,$A12,Horario!$A$2:$A$300,E$1)=0,0,_xlfn.MAXIFS(Horario!$B$2:$B$300,Horario!$E$2:$E$300,$A12,Horario!$A$2:$A$300,E$1)-_xlfn.MINIFS(Horario!$B$2:$B$300,Horario!$E$2:$E$300,$A12,Horario!$A$2:$A$300,E$1)+1-COUNTIFS(Horario!$E$2:$E$300,$A12,Horario!$A$2:$A$300,E$1))) | F12: =IF($A12="","",IF(COUNTIFS(Horario!$E$2:$E$300,$A12,Horario!$A$2:$A$300,F$1)=0,0,_xlfn.MAXIFS(Horario!$B$2:$B$300,Horario!$E$2:$E$300,$A12,Horario!$A$2:$A$300,F$1)-_xlfn.MINIFS(Horario!$B$2:$B$300,Horario!$E$2:$E$300,$A12,Horario!$A$2:$A$300,F$1)+1-COUNTIFS(Horario!$E$2:$E$300,$A12,Horario!$A$2:$A$300,F$1)))
A13: =IF(Docentes!A13="","",Docentes!A13) | B13: =IF($A13="","",IF(COUNTIFS(Horario!$E$2:$E$300,$A13,Horario!$A$2:$A$300,B$1)=0,0,_xlfn.MAXIFS(Horario!$B$2:$B$300,Horario!$E$2:$E$300,$A13,Horario!$A$2:$A$300,B$1)-_xlfn.MINIFS(Horario!$B$2:$B$300,Horario!$E$2:$E$300,$A13,Horario!$A$2:$A$300,B$1)+1-COUNTIFS(Horario!$E$2:$E$300,$A13,Horario!$A$2:$A$300,B$1))) | C13: =IF($A13="","",IF(COUNTIFS(Horario!$E$2:$E$300,$A13,Horario!$A$2:$A$300,C$1)=0,0,_xlfn.MAXIFS(Horario!$B$2:$B$300,Horario!$E$2:$E$300,$A13,Horario!$A$2:$A$300,C$1)-_xlfn.MINIFS(Horario!$B$2:$B$300,Horario!$E$2:$E$300,$A13,Horario!$A$2:$A$300,C$1)+1-COUNTIFS(Horario!$E$2:$E$300,$A13,Horario!$A$2:$A$300,C$1))) | D13: =IF($A13="","",IF(COUNTIFS(Horario!$E$2:$E$300,$A13,Horario!$A$2:$A$300,D$1)=0,0,_xlfn.MAXIFS(Horario!$B$2:$B$300,Horario!$E$2:$E$300,$A13,Horario!$A$2:$A$300,D$1)-_xlfn.MINIFS(Horario!$B$2:$B$300,Horario!$E$2:$E$300,$A13,Horario!$A$2:$A$300,D$1)+1-COUNTIFS(Horario!$E$2:$E$300,$A13,Horario!$A$2:$A$300,D$1))) | E13: =IF($A13="","",IF(COUNTIFS(Horario!$E$2:$E$300,$A13,Horario!$A$2:$A$300,E$1)=0,0,_xlfn.MAXIFS(Horario!$B$2:$B$300,Horario!$E$2:$E$300,$A13,Horario!$A$2:$A$300,E$1)-_xlfn.MINIFS(Horario!$B$2:$B$300,Horario!$E$2:$E$300,$A13,Horario!$A$2:$A$300,E$1)+1-COUNTIFS(Horario!$E$2:$E$300,$A13,Horario!$A$2:$A$300,E$1))) | F13: =IF($A13="","",IF(COUNTIFS(Horario!$E$2:$E$300,$A13,Horario!$A$2:$A$300,F$1)=0,0,_xlfn.MAXIFS(Horario!$B$2:$B$300,Horario!$E$2:$E$300,$A13,Horario!$A$2:$A$300,F$1)-_xlfn.MINIFS(Horario!$B$2:$B$300,Horario!$E$2:$E$300,$A13,Horario!$A$2:$A$300,F$1)+1-COUNTIFS(Horario!$E$2:$E$300,$A13,Horario!$A$2:$A$300,F$1)))
... A21: =IF(Docentes!A21="","",Docentes!A21) | B21: =IF($A21="","",IF(COUNTIFS(Horario!$E$2:$E$300,$A21,Horario!$A$2:$A$300,B$1)=0,0,_xlfn.MAXIFS(Horario!$B$2:$B$300,Horario!$E$2:$E$300,$A21,Horario!$A$2:$A$300,B$1)-_xlfn.MINIFS(Horario!$B$2:$B$300,Horario!$E$2:$E$300,$A21,Horario!$A$2:$A$300,B$1)+1-COUNTIFS(Horario!$E$2:$E$300,$A21,Horario!$A$2:$A$300,B$1))) | C21: =IF($A21="","",IF(COUNTIFS(Horario!$E$2:$E$300,$A21,Horario!$A$2:$A$300,C$1)=0,0,_xlfn.MAXIFS(Horario!$B$2:$B$300,Horario!$E$2:$E$300,$A21,Horario!$A$2:$A$300,C$1)-_xlfn.MINIFS(Horario!$B$2:$B$300,Horario!$E$2:$E$300,$A21,Horario!$A$2:$A$300,C$1)+1-COUNTIFS(Horario!$E$2:$E$300,$A21,Horario!$A$2:$A$300,C$1))) | D21: =IF($A21="","",IF(COUNTIFS(Horario!$E$2:$E$300,$A21,Horario!$A$2:$A$300,D$1)=0,0,_xlfn.MAXIFS(Horario!$B$2:$B$300,Horario!$E$2:$E$300,$A21,Horario!$A$2:$A$300,D$1)-_xlfn.MINIFS(Horario!$B$2:$B$300,Horario!$E$2:$E$300,$A21,Horario!$A$2:$A$300,D$1)+1-COUNTIFS(Horario!$E$2:$E$300,$A21,Horario!$A$2:$A$300,D$1))) | E21: =IF($A21="","",IF(COUNTIFS(Horario!$E$2:$E$300,$A21,Horario!$A$2:$A$300,E$1)=0,0,_xlfn.MAXIFS(Horario!$B$2:$B$300,Horario!$E$2:$E$300,$A21,Horario!$A$2:$A$300,E$1)-_xlfn.MINIFS(Horario!$B$2:$B$300,Horario!$E$2:$E$300,$A21,Horario!$A$2:$A$300,E$1)+1-COUNTIFS(Horario!$E$2:$E$300,$A21,Horario!$A$2:$A$300,E$1))) | F21: =IF($A21="","",IF(COUNTIFS(Horario!$E$2:$E$300,$A21,Horario!$A$2:$A$300,F$1)=0,0,_xlfn.MAXIFS(Horario!$B$2:$B$300,Horario!$E$2:$E$300,$A21,Horario!$A$2:$A$300,F$1)-_xlfn.MINIFS(Horario!$B$2:$B$300,Horario!$E$2:$E$300,$A21,Horario!$A$2:$A$300,F$1)+1-COUNTIFS(Horario!$E$2:$E$300,$A21,Horario!$A$2:$A$300,F$1)))
