Workbook

Sheet Resumen
A1: RESUMEN DE LA CONCILIACIÓN
A3: Filas en A | B3: =COUNTA(Lista_A!A4:A63)
A4: Filas en B | B4: =COUNTA(Lista_B!A4:A63)
A5: Llaves en ambas listas | B5: =COUNTIF(Lista_A!F4:F63,"En ambos")
A6: Solo en A | B6: =COUNTIF(Lista_A!F4:F63,"Solo en A")
A7: Solo en B | B7: =COUNTIF(Lista_B!E4:E63,"Solo en B")
A8: Posible cero inicial perdido | B8: =COUNTIF(Lista_A!F4:F63,"Posible cero perdido")
A9: Diferencias de nombre solo de formato | B9: =COUNTIF(Lista_A!J4:J63,"Solo formato")
A10: Conflictos de nombre | B10: =COUNTIF(Lista_A!J4:J63,"Conflicto")
A11: Conflictos de correo | B11: =COUNTIF(Lista_A!K4:K63,"Conflicto")
A12: Conflictos de curso | B12: =COUNTIF(Lista_A!L4:L63,"Conflicto")
A13: Total de conflictos reales | B13: =SUM(B10:B12)
A15: Para otro par de listas: pega tus datos como TEXTO en las hojas Lista_A y Lista_B (columnas A a D) y copia las fórmulas hacia abajo si hay más de 60 filas.

Sheet Lista_A
A1: LISTA A: SISTEMA DE GESTIÓN (ejemplo ficticio; el código se guarda como TEXTO)
A3: Código | B3: Nombre | C3: Correo | D3: Curso | E3: Nombre normalizado | F3: Estado de la llave | G3: Nombre en B | H3: Correo en B | I3: Curso en B | J3: Nombre | K3: Correo | L3: Curso
A4: 0001 | B4: María Pérez | C4: maria.perez@colegio.example | D4: 7A | E4: =IF(B4="","",SUBSTITUTE(SUBSTITUTE(SUBSTITUTE(SUBSTITUTE(SUBSTITUTE(SUBSTITUTE(LOWER(TRIM(B4)),"á","a"),"é","e"),"í","i"),"ó","o"),"ú","u"),"ü","u")) | F4: =IF(A4="","",IF(SUMPRODUCT(--EXACT(Lista_B!$A$4:$A$63,A4))>0,"En ambos",IF(SUMPRODUCT(--EXACT(Lista_B!$A$4:$A$63,TEXT(VALUE(A4),"0")))>0,"Posible cero perdido","Solo en A"))) | G4: =IF(F4<>"En ambos","",INDEX(Lista_B!$B$4:$B$63,MATCH(A4,Lista_B!$A$4:$A$63,0))) | H4: =IF(F4<>"En ambos","",INDEX(Lista_B!$C$4:$C$63,MATCH(A4,Lista_B!$A$4:$A$63,0))) | I4: =IF(F4<>"En ambos","",INDEX(Lista_B!$D$4:$D$63,MATCH(A4,Lista_B!$A$4:$A$63,0))) | J4: =IF(F4<>"En ambos","",IF(EXACT(B4,G4),"Igual",IF(E4=SUBSTITUTE(SUBSTITUTE(SUBSTITUTE(SUBSTITUTE(SUBSTITUTE(SUBSTITUTE(LOWER(TRIM(G4)),"á","a"),"é","e"),"í","i"),"ó","o"),"ú","u"),"ü","u"),"Solo formato","Conflicto"))) | K4: =IF(F4<>"En ambos","",IF(EXACT(C4,H4),"Igual",IF(LOWER(TRIM(C4))=LOWER(TRIM(H4)),"Solo formato","Conflicto"))) | L4: =IF(F4<>"En ambos","",IF(EXACT(D4,I4),"Igual",IF(LOWER(TRIM(D4))=LOWER(TRIM(I4)),"Solo formato","Conflicto")))
A5: 0002 | B5: José Díaz | C5: jose.diaz@colegio.example | D5: 7B | E5: =IF(B5="","",SUBSTITUTE(SUBSTITUTE(SUBSTITUTE(SUBSTITUTE(SUBSTITUTE(SUBSTITUTE(LOWER(TRIM(B5)),"á","a"),"é","e"),"í","i"),"ó","o"),"ú","u"),"ü","u")) | F5: =IF(A5="","",IF(SUMPRODUCT(--EXACT(Lista_B!$A$4:$A$63,A5))>0,"En ambos",IF(SUMPRODUCT(--EXACT(Lista_B!$A$4:$A$63,TEXT(VALUE(A5),"0")))>0,"Posible cero perdido","Solo en A"))) | G5: =IF(F5<>"En ambos","",INDEX(Lista_B!$B$4:$B$63,MATCH(A5,Lista_B!$A$4:$A$63,0))) | H5: =IF(F5<>"En ambos","",INDEX(Lista_B!$C$4:$C$63,MATCH(A5,Lista_B!$A$4:$A$63,0))) | I5: =IF(F5<>"En ambos","",INDEX(Lista_B!$D$4:$D$63,MATCH(A5,Lista_B!$A$4:$A$63,0))) | J5: =IF(F5<>"En ambos","",IF(EXACT(B5,G5),"Igual",IF(E5=SUBSTITUTE(SUBSTITUTE(SUBSTITUTE(SUBSTITUTE(SUBSTITUTE(SUBSTITUTE(LOWER(TRIM(G5)),"á","a"),"é","e"),"í","i"),"ó","o"),"ú","u"),"ü","u"),"Solo formato","Conflicto"))) | K5: =IF(F5<>"En ambos","",IF(EXACT(C5,H5),"Igual",IF(LOWER(TRIM(C5))=LOWER(TRIM(H5)),"Solo formato","Conflicto"))) | L5: =IF(F5<>"En ambos","",IF(EXACT(D5,I5),"Igual",IF(LOWER(TRIM(D5))=LOWER(TRIM(I5)),"Solo formato","Conflicto")))
A6: 0003 | B6: Ángel Ruiz | C6: angel.ruiz@colegio.example | D6: 8A | E6: =IF(B6="","",SUBSTITUTE(SUBSTITUTE(SUBSTITUTE(SUBSTITUTE(SUBSTITUTE(SUBSTITUTE(LOWER(TRIM(B6)),"á","a"),"é","e"),"í","i"),"ó","o"),"ú","u"),"ü","u")) | F6: =IF(A6="","",IF(SUMPRODUCT(--EXACT(Lista_B!$A$4:$A$63,A6))>0,"En ambos",IF(SUMPRODUCT(--EXACT(Lista_B!$A$4:$A$63,TEXT(VALUE(A6),"0")))>0,"Posible cero perdido","Solo en A"))) | G6: =IF(F6<>"En ambos","",INDEX(Lista_B!$B$4:$B$63,MATCH(A6,Lista_B!$A$4:$A$63,0))) | H6: =IF(F6<>"En ambos","",INDEX(Lista_B!$C$4:$C$63,MATCH(A6,Lista_B!$A$4:$A$63,0))) | I6: =IF(F6<>"En ambos","",INDEX(Lista_B!$D$4:$D$63,MATCH(A6,Lista_B!$A$4:$A$63,0))) | J6: =IF(F6<>"En ambos","",IF(EXACT(B6,G6),"Igual",IF(E6=SUBSTITUTE(SUBSTITUTE(SUBSTITUTE(SUBSTITUTE(SUBSTITUTE(SUBSTITUTE(LOWER(TRIM(G6)),"á","a"),"é","e"),"í","i"),"ó","o"),"ú","u"),"ü","u"),"Solo formato","Conflicto"))) | K6: =IF(F6<>"En ambos","",IF(EXACT(C6,H6),"Igual",IF(LOWER(TRIM(C6))=LOWER(TRIM(H6)),"Solo formato","Conflicto"))) | L6: =IF(F6<>"En ambos","",IF(EXACT(D6,I6),"Igual",IF(LOWER(TRIM(D6))=LOWER(TRIM(I6)),"Solo formato","Conflicto")))
A7: 0004 | B7: Andrea Gómez | C7: andrea.gomez@colegio.example | D7: 7A | E7: =IF(B7="","",SUBSTITUTE(SUBSTITUTE(SUBSTITUTE(SUBSTITUTE(SUBSTITUTE(SUBSTITUTE(LOWER(TRIM(B7)),"á","a"),"é","e"),"í","i"),"ó","o"),"ú","u"),"ü","u")) | F7: =IF(A7="","",IF(SUMPRODUCT(--EXACT(Lista_B!$A$4:$A$63,A7))>0,"En ambos",IF(SUMPRODUCT(--EXACT(Lista_B!$A$4:$A$63,TEXT(VALUE(A7),"0")))>0,"Posible cero perdido","Solo en A"))) | G7: =IF(F7<>"En ambos","",INDEX(Lista_B!$B$4:$B$63,MATCH(A7,Lista_B!$A$4:$A$63,0))) | H7: =IF(F7<>"En ambos","",INDEX(Lista_B!$C$4:$C$63,MATCH(A7,Lista_B!$A$4:$A$63,0))) | I7: =IF(F7<>"En ambos","",INDEX(Lista_B!$D$4:$D$63,MATCH(A7,Lista_B!$A$4:$A$63,0))) | J7: =IF(F7<>"En ambos","",IF(EXACT(B7,G7),"Igual",IF(E7=SUBSTITUTE(SUBSTITUTE(SUBSTITUTE(SUBSTITUTE(SUBSTITUTE(SUBSTITUTE(LOWER(TRIM(G7)),"á","a"),"é","e"),"í","i"),"ó","o"),"ú","u"),"ü","u"),"Solo formato","Conflicto"))) | K7: =IF(F7<>"En ambos","",IF(EXACT(C7,H7),"Igual",IF(LOWER(TRIM(C7))=LOWER(TRIM(H7)),"Solo formato","Conflicto"))) | L7: =IF(F7<>"En ambos","",IF(EXACT(D7,I7),"Igual",IF(LOWER(TRIM(D7))=LOWER(TRIM(I7)),"Solo formato","Conflicto")))
A8: 0005 | B8: Camilo Torres | C8: camilo.torres@colegio.example | D8: 7B | E8: =IF(B8="","",SUBSTITUTE(SUBSTITUTE(SUBSTITUTE(SUBSTITUTE(SUBSTITUTE(SUBSTITUTE(LOWER(TRIM(B8)),"á","a"),"é","e"),"í","i"),"ó","o"),"ú","u"),"ü","u")) | F8: =IF(A8="","",IF(SUMPRODUCT(--EXACT(Lista_B!$A$4:$A$63,A8))>0,"En ambos",IF(SUMPRODUCT(--EXACT(Lista_B!$A$4:$A$63,TEXT(VALUE(A8),"0")))>0,"Posible cero perdido","Solo en A"))) | G8: =IF(F8<>"En ambos","",INDEX(Lista_B!$B$4:$B$63,MATCH(A8,Lista_B!$A$4:$A$63,0))) | H8: =IF(F8<>"En ambos","",INDEX(Lista_B!$C$4:$C$63,MATCH(A8,Lista_B!$A$4:$A$63,0))) | I8: =IF(F8<>"En ambos","",INDEX(Lista_B!$D$4:$D$63,MATCH(A8,Lista_B!$A$4:$A$63,0))) | J8: =IF(F8<>"En ambos","",IF(EXACT(B8,G8),"Igual",IF(E8=SUBSTITUTE(SUBSTITUTE(SUBSTITUTE(SUBSTITUTE(SUBSTITUTE(SUBSTITUTE(LOWER(TRIM(G8)),"á","a"),"é","e"),"í","i"),"ó","o"),"ú","u"),"ü","u"),"Solo formato","Conflicto"))) | K8: =IF(F8<>"En ambos","",IF(EXACT(C8,H8),"Igual",IF(LOWER(TRIM(C8))=LOWER(TRIM(H8)),"Solo formato","Conflicto"))) | L8: =IF(F8<>"En ambos","",IF(EXACT(D8,I8),"Igual",IF(LOWER(TRIM(D8))=LOWER(TRIM(I8)),"Solo formato","Conflicto")))
A9: 0006 | B9: Lucía Mora | C9: lucia.mora@colegio.example | D9: 8A | E9: =IF(B9="","",SUBSTITUTE(SUBSTITUTE(SUBSTITUTE(SUBSTITUTE(SUBSTITUTE(SUBSTITUTE(LOWER(TRIM(B9)),"á","a"),"é","e"),"í","i"),"ó","o"),"ú","u"),"ü","u")) | F9: =IF(A9="","",IF(SUMPRODUCT(--EXACT(Lista_B!$A$4:$A$63,A9))>0,"En ambos",IF(SUMPRODUCT(--EXACT(Lista_B!$A$4:$A$63,TEXT(VALUE(A9),"0")))>0,"Posible cero perdido","Solo en A"))) | G9: =IF(F9<>"En ambos","",INDEX(Lista_B!$B$4:$B$63,MATCH(A9,Lista_B!$A$4:$A$63,0))) | H9: =IF(F9<>"En ambos","",INDEX(Lista_B!$C$4:$C$63,MATCH(A9,Lista_B!$A$4:$A$63,0))) | I9: =IF(F9<>"En ambos","",INDEX(Lista_B!$D$4:$D$63,MATCH(A9,Lista_B!$A$4:$A$63,0))) | J9: =IF(F9<>"En ambos","",IF(EXACT(B9,G9),"Igual",IF(E9=SUBSTITUTE(SUBSTITUTE(SUBSTITUTE(SUBSTITUTE(SUBSTITUTE(SUBSTITUTE(LOWER(TRIM(G9)),"á","a"),"é","e"),"í","i"),"ó","o"),"ú","u"),"ü","u"),"Solo formato","Conflicto"))) | K9: =IF(F9<>"En ambos","",IF(EXACT(C9,H9),"Igual",IF(LOWER(TRIM(C9))=LOWER(TRIM(H9)),"Solo formato","Conflicto"))) | L9: =IF(F9<>"En ambos","",IF(EXACT(D9,I9),"Igual",IF(LOWER(TRIM(D9))=LOWER(TRIM(I9)),"Solo formato","Conflicto")))
A10: 0007 | B10: Santiago Vega | C10: santiago.vega@colegio.example | D10: 7A | E10: =IF(B10="","",SUBSTITUTE(SUBSTITUTE(SUBSTITUTE(SUBSTITUTE(SUBSTITUTE(SUBSTITUTE(LOWER(TRIM(B10)),"á","a"),"é","e"),"í","i"),"ó","o"),"ú","u"),"ü","u")) | F10: =IF(A10="","",IF(SUMPRODUCT(--EXACT(Lista_B!$A$4:$A$63,A10))>0,"En ambos",IF(SUMPRODUCT(--EXACT(Lista_B!$A$4:$A$63,TEXT(VALUE(A10),"0")))>0,"Posible cero perdido","Solo en A"))) | G10: =IF(F10<>"En ambos","",INDEX(Lista_B!$B$4:$B$63,MATCH(A10,Lista_B!$A$4:$A$63,0))) | H10: =IF(F10<>"En ambos","",INDEX(Lista_B!$C$4:$C$63,MATCH(A10,Lista_B!$A$4:$A$63,0))) | I10: =IF(F10<>"En ambos","",INDEX(Lista_B!$D$4:$D$63,MATCH(A10,Lista_B!$A$4:$A$63,0))) | J10: =IF(F10<>"En ambos","",IF(EXACT(B10,G10),"Igual",IF(E10=SUBSTITUTE(SUBSTITUTE(SUBSTITUTE(SUBSTITUTE(SUBSTITUTE(SUBSTITUTE(LOWER(TRIM(G10)),"á","a"),"é","e"),"í","i"),"ó","o"),"ú","u"),"ü","u"),"Solo formato","Conflicto"))) | K10: =IF(F10<>"En ambos","",IF(EXACT(C10,H10),"Igual",IF(LOWER(TRIM(C10))=LOWER(TRIM(H10)),"Solo formato","Conflicto"))) | L10: =IF(F10<>"En ambos","",IF(EXACT(D10,I10),"Igual",IF(LOWER(TRIM(D10))=LOWER(TRIM(I10)),"Solo formato","Conflicto")))
A11: 0008 | B11: Valentina Rojas | C11: valentina.rojas@colegio.example | D11: 7B | E11: =IF(B11="","",SUBSTITUTE(SUBSTITUTE(SUBSTITUTE(SUBSTITUTE(SUBSTITUTE(SUBSTITUTE(LOWER(TRIM(B11)),"á","a"),"é","e"),"í","i"),"ó","o"),"ú","u"),"ü","u")) | F11: =IF(A11="","",IF(SUMPRODUCT(--EXACT(Lista_B!$A$4:$A$63,A11))>0,"En ambos",IF(SUMPRODUCT(--EXACT(Lista_B!$A$4:$A$63,TEXT(VALUE(A11),"0")))>0,"Posible cero perdido","Solo en A"))) | G11: =IF(F11<>"En ambos","",INDEX(Lista_B!$B$4:$B$63,MATCH(A11,Lista_B!$A$4:$A$63,0))) | H11: =IF(F11<>"En ambos","",INDEX(Lista_B!$C$4:$C$63,MATCH(A11,Lista_B!$A$4:$A$63,0))) | I11: =IF(F11<>"En ambos","",INDEX(Lista_B!$D$4:$D$63,MATCH(A11,Lista_B!$A$4:$A$63,0))) | J11: =IF(F11<>"En ambos","",IF(EXACT(B11,G11),"Igual",IF(E11=SUBSTITUTE(SUBSTITUTE(SUBSTITUTE(SUBSTITUTE(SUBSTITUTE(SUBSTITUTE(LOWER(TRIM(G11)),"á","a"),"é","e"),"í","i"),"ó","o"),"ú","u"),"ü","u"),"Solo formato","Conflicto"))) | K11: =IF(F11<>"En ambos","",IF(EXACT(C11,H11),"Igual",IF(LOWER(TRIM(C11))=LOWER(TRIM(H11)),"Solo formato","Conflicto"))) | L11: =IF(F11<>"En ambos","",IF(EXACT(D11,I11),"Igual",IF(LOWER(TRIM(D11))=LOWER(TRIM(I11)),"Solo formato","Conflicto")))
A12: 0009 | B12: Mateo Cruz | C12: mateo.cruz@colegio.example | D12: 8A | E12: =IF(B12="","",SUBSTITUTE(SUBSTITUTE(SUBSTITUTE(SUBSTITUTE(SUBSTITUTE(SUBSTITUTE(LOWER(TRIM(B12)),"á","a"),"é","e"),"í","i"),"ó","o"),"ú","u"),"ü","u")) | F12: =IF(A12="","",IF(SUMPRODUCT(--EXACT(Lista_B!$A$4:$A$63,A12))>0,"En ambos",IF(SUMPRODUCT(--EXACT(Lista_B!$A$4:$A$63,TEXT(VALUE(A12),"0")))>0,"Posible cero perdido","Solo en A"))) | G12: =IF(F12<>"En ambos","",INDEX(Lista_B!$B$4:$B$63,MATCH(A12,Lista_B!$A$4:$A$63,0))) | H12: =IF(F12<>"En ambos","",INDEX(Lista_B!$C$4:$C$63,MATCH(A12,Lista_B!$A$4:$A$63,0))) | I12: =IF(F12<>"En ambos","",INDEX(Lista_B!$D$4:$D$63,MATCH(A12,Lista_B!$A$4:$A$63,0))) | J12: =IF(F12<>"En ambos","",IF(EXACT(B12,G12),"Igual",IF(E12=SUBSTITUTE(SUBSTITUTE(SUBSTITUTE(SUBSTITUTE(SUBSTITUTE(SUBSTITUTE(LOWER(TRIM(G12)),"á","a"),"é","e"),"í","i"),"ó","o"),"ú","u"),"ü","u"),"Solo formato","Conflicto"))) | K12: =IF(F12<>"En ambos","",IF(EXACT(C12,H12),"Igual",IF(LOWER(TRIM(C12))=LOWER(TRIM(H12)),"Solo formato","Conflicto"))) | L12: =IF(F12<>"En ambos","",IF(EXACT(D12,I12),"Igual",IF(LOWER(TRIM(D12))=LOWER(TRIM(I12)),"Solo formato","Conflicto")))
A13: 0010 | B13: Sara Pardo | C13: sara.pardo@colegio.example | D13: 7A | E13: =IF(B13="","",SUBSTITUTE(SUBSTITUTE(SUBSTITUTE(SUBSTITUTE(SUBSTITUTE(SUBSTITUTE(LOWER(TRIM(B13)),"á","a"),"é","e"),"í","i"),"ó","o"),"ú","u"),"ü","u")) | F13: =IF(A13="","",IF(SUMPRODUCT(--EXACT(Lista_B!$A$4:$A$63,A13))>0,"En ambos",IF(SUMPRODUCT(--EXACT(Lista_B!$A$4:$A$63,TEXT(VALUE(A13),"0")))>0,"Posible cero perdido","Solo en A"))) | G13: =IF(F13<>"En ambos","",INDEX(Lista_B!$B$4:$B$63,MATCH(A13,Lista_B!$A$4:$A$63,0))) | H13: =IF(F13<>"En ambos","",INDEX(Lista_B!$C$4:$C$63,MATCH(A13,Lista_B!$A$4:$A$63,0))) | I13: =IF(F13<>"En ambos","",INDEX(Lista_B!$D$4:$D$63,MATCH(A13,Lista_B!$A$4:$A$63,0))) | J13: =IF(F13<>"En ambos","",IF(EXACT(B13,G13),"Igual",IF(E13=SUBSTITUTE(SUBSTITUTE(SUBSTITUTE(SUBSTITUTE(SUBSTITUTE(SUBSTITUTE(LOWER(TRIM(G13)),"á","a"),"é","e"),"í","i"),"ó","o"),"ú","u"),"ü","u"),"Solo formato","Conflicto"))) | K13: =IF(F13<>"En ambos","",IF(EXACT(C13,H13),"Igual",IF(LOWER(TRIM(C13))=LOWER(TRIM(H13)),"Solo formato","Conflicto"))) | L13: =IF(F13<>"En ambos","",IF(EXACT(D13,I13),"Igual",IF(LOWER(TRIM(D13))=LOWER(TRIM(I13)),"Solo formato","Conflicto")))
A14: 0011 | B14: Daniel Salas | C14: daniel.salas@colegio.example | D14: 7B | E14: =IF(B14="","",SUBSTITUTE(SUBSTITUTE(SUBSTITUTE(SUBSTITUTE(SUBSTITUTE(SUBSTITUTE(LOWER(TRIM(B14)),"á","a"),"é","e"),"í","i"),"ó","o"),"ú","u"),"ü","u")) | F14: =IF(A14="","",IF(SUMPRODUCT(--EXACT(Lista_B!$A$4:$A$63,A14))>0,"En ambos",IF(SUMPRODUCT(--EXACT(Lista_B!$A$4:$A$63,TEXT(VALUE(A14),"0")))>0,"Posible cero perdido","Solo en A"))) | G14: =IF(F14<>"En ambos","",INDEX(Lista_B!$B$4:$B$63,MATCH(A14,Lista_B!$A$4:$A$63,0))) | H14: =IF(F14<>"En ambos","",INDEX(Lista_B!$C$4:$C$63,MATCH(A14,Lista_B!$A$4:$A$63,0))) | I14: =IF(F14<>"En ambos","",INDEX(Lista_B!$D$4:$D$63,MATCH(A14,Lista_B!$A$4:$A$63,0))) | J14: =IF(F14<>"En ambos","",IF(EXACT(B14,G14),"Igual",IF(E14=SUBSTITUTE(SUBSTITUTE(SUBSTITUTE(SUBSTITUTE(SUBSTITUTE(SUBSTITUTE(LOWER(TRIM(G14)),"á","a"),"é","e"),"í","i"),"ó","o"),"ú","u"),"ü","u"),"Solo formato","Conflicto"))) | K14: =IF(F14<>"En ambos","",IF(EXACT(C14,H14),"Igual",IF(LOWER(TRIM(C14))=LOWER(TRIM(H14)),"Solo formato","Conflicto"))) | L14: =IF(F14<>"En ambos","",IF(EXACT(D14,I14),"Igual",IF(LOWER(TRIM(D14))=LOWER(TRIM(I14)),"Solo formato","Conflicto")))
A15: 0012 | B15: Laura Gil | C15: laura.gil@colegio.example | D15: 8A | E15: =IF(B15="","",SUBSTITUTE(SUBSTITUTE(SUBSTITUTE(SUBSTITUTE(SUBSTITUTE(SUBSTITUTE(LOWER(TRIM(B15)),"á","a"),"é","e"),"í","i"),"ó","o"),"ú","u"),"ü","u")) | F15: =IF(A15="","",IF(SUMPRODUCT(--EXACT(Lista_B!$A$4:$A$63,A15))>0,"En ambos",IF(SUMPRODUCT(--EXACT(Lista_B!$A$4:$A$63,TEXT(VALUE(A15),"0")))>0,"Posible cero perdido","Solo en A"))) | G15: =IF(F15<>"En ambos","",INDEX(Lista_B!$B$4:$B$63,MATCH(A15,Lista_B!$A$4:$A$63,0))) | H15: =IF(F15<>"En ambos","",INDEX(Lista_B!$C$4:$C$63,MATCH(A15,Lista_B!$A$4:$A$63,0))) | I15: =IF(F15<>"En ambos","",INDEX(Lista_B!$D$4:$D$63,MATCH(A15,Lista_B!$A$4:$A$63,0))) | J15: =IF(F15<>"En ambos","",IF(EXACT(B15,G15),"Igual",IF(E15=SUBSTITUTE(SUBSTITUTE(SUBSTITUTE(SUBSTITUTE(SUBSTITUTE(SUBSTITUTE(LOWER(TRIM(G15)),"á","a"),"é","e"),"í","i"),"ó","o"),"ú","u"),"ü","u"),"Solo formato","Conflicto"))) | K15: =IF(F15<>"En ambos","",IF(EXACT(C15,H15),"Igual",IF(LOWER(TRIM(C15))=LOWER(TRIM(H15)),"Solo formato","Conflicto"))) | L15: =IF(F15<>"En ambos","",IF(EXACT(D15,I15),"Igual",IF(LOWER(TRIM(D15))=LOWER(TRIM(I15)),"Solo formato","Conflicto")))
... A33: 0030 | B33: Alejandra Mesa | C33: alejandra.mesa@colegio.example | D33: 8A | E33: =IF(B33="","",SUBSTITUTE(SUBSTITUTE(SUBSTITUTE(SUBSTITUTE(SUBSTITUTE(SUBSTITUTE(LOWER(TRIM(B33)),"á","a"),"é","e"),"í","i"),"ó","o"),"ú","u"),"ü","u")) | F33: =IF(A33="","",IF(SUMPRODUCT(--EXACT(Lista_B!$A$4:$A$63,A33))>0,"En ambos",IF(SUMPRODUCT(--EXACT(Lista_B!$A$4:$A$63,TEXT(VALUE(A33),"0")))>0,"Posible cero perdido","Solo en A"))) | G33: =IF(F33<>"En ambos","",INDEX(Lista_B!$B$4:$B$63,MATCH(A33,Lista_B!$A$4:$A$63,0))) | H33: =IF(F33<>"En ambos","",INDEX(Lista_B!$C$4:$C$63,MATCH(A33,Lista_B!$A$4:$A$63,0))) | I33: =IF(F33<>"En ambos","",INDEX(Lista_B!$D$4:$D$63,MATCH(A33,Lista_B!$A$4:$A$63,0))) | J33: =IF(F33<>"En ambos","",IF(EXACT(B33,G33),"Igual",IF(E33=SUBSTITUTE(SUBSTITUTE(SUBSTITUTE(SUBSTITUTE(SUBSTITUTE(SUBSTITUTE(LOWER(TRIM(G33)),"á","a"),"é","e"),"í","i"),"ó","o"),"ú","u"),"ü","u"),"Solo formato","Conflicto"))) | K33: =IF(F33<>"En ambos","",IF(EXACT(C33,H33),"Igual",IF(LOWER(TRIM(C33))=LOWER(TRIM(H33)),"Solo formato","Conflicto"))) | L33: =IF(F33<>"En ambos","",IF(EXACT(D33,I33),"Igual",IF(LOWER(TRIM(D33))=LOWER(TRIM(I33)),"Solo formato","Conflicto")))
E34: =IF(B34="","",SUBSTITUTE(SUBSTITUTE(SUBSTITUTE(SUBSTITUTE(SUBSTITUTE(SUBSTITUTE(LOWER(TRIM(B34)),"á","a"),"é","e"),"í","i"),"ó","o"),"ú","u"),"ü","u")) | F34: =IF(A34="","",IF(SUMPRODUCT(--EXACT(Lista_B!$A$4:$A$63,A34))>0,"En ambos",IF(SUMPRODUCT(--EXACT(Lista_B!$A$4:$A$63,TEXT(VALUE(A34),"0")))>0,"Posible cero perdido","Solo en A"))) | G34: =IF(F34<>"En ambos","",INDEX(Lista_B!$B$4:$B$63,MATCH(A34,Lista_B!$A$4:$A$63,0))) | H34: =IF(F34<>"En ambos","",INDEX(Lista_B!$C$4:$C$63,MATCH(A34,Lista_B!$A$4:$A$63,0))) | I34: =IF(F34<>"En ambos","",INDEX(Lista_B!$D$4:$D$63,MATCH(A34,Lista_B!$A$4:$A$63,0))) | J34: =IF(F34<>"En ambos","",IF(EXACT(B34,G34),"Igual",IF(E34=SUBSTITUTE(SUBSTITUTE(SUBSTITUTE(SUBSTITUTE(SUBSTITUTE(SUBSTITUTE(LOWER(TRIM(G34)),"á","a"),"é","e"),"í","i"),"ó","o"),"ú","u"),"ü","u"),"Solo formato","Conflicto"))) | K34: =IF(F34<>"En ambos","",IF(EXACT(C34,H34),"Igual",IF(LOWER(TRIM(C34))=LOWER(TRIM(H34)),"Solo formato","Conflicto"))) | L34: =IF(F34<>"En ambos","",IF(EXACT(D34,I34),"Igual",IF(LOWER(TRIM(D34))=LOWER(TRIM(I34)),"Solo formato","Conflicto")))
E35: =IF(B35="","",SUBSTITUTE(SUBSTITUTE(SUBSTITUTE(SUBSTITUTE(SUBSTITUTE(SUBSTITUTE(LOWER(TRIM(B35)),"á","a"),"é","e"),"í","i"),"ó","o"),"ú","u"),"ü","u")) | F35: =IF(A35="","",IF(SUMPRODUCT(--EXACT(Lista_B!$A$4:$A$63,A35))>0,"En ambos",IF(SUMPRODUCT(--EXACT(Lista_B!$A$4:$A$63,TEXT(VALUE(A35),"0")))>0,"Posible cero perdido","Solo en A"))) | G35: =IF(F35<>"En ambos","",INDEX(Lista_B!$B$4:$B$63,MATCH(A35,Lista_B!$A$4:$A$63,0))) | H35: =IF(F35<>"En ambos","",INDEX(Lista_B!$C$4:$C$63,MATCH(A35,Lista_B!$A$4:$A$63,0))) | I35: =IF(F35<>"En ambos","",INDEX(Lista_B!$D$4:$D$63,MATCH(A35,Lista_B!$A$4:$A$63,0))) | J35: =IF(F35<>"En ambos","",IF(EXACT(B35,G35),"Igual",IF(E35=SUBSTITUTE(SUBSTITUTE(SUBSTITUTE(SUBSTITUTE(SUBSTITUTE(SUBSTITUTE(LOWER(TRIM(G35)),"á","a"),"é","e"),"í","i"),"ó","o"),"ú","u"),"ü","u"),"Solo formato","Conflicto"))) | K35: =IF(F35<>"En ambos","",IF(EXACT(C35,H35),"Igual",IF(LOWER(TRIM(C35))=LOWER(TRIM(H35)),"Solo formato","Conflicto"))) | L35: =IF(F35<>"En ambos","",IF(EXACT(D35,I35),"Igual",IF(LOWER(TRIM(D35))=LOWER(TRIM(I35)),"Solo formato","Conflicto")))
E36: =IF(B36="","",SUBSTITUTE(SUBSTITUTE(SUBSTITUTE(SUBSTITUTE(SUBSTITUTE(SUBSTITUTE(LOWER(TRIM(B36)),"á","a"),"é","e"),"í","i"),"ó","o"),"ú","u"),"ü","u")) | F36: =IF(A36="","",IF(SUMPRODUCT(--EXACT(Lista_B!$A$4:$A$63,A36))>0,"En ambos",IF(SUMPRODUCT(--EXACT(Lista_B!$A$4:$A$63,TEXT(VALUE(A36),"0")))>0,"Posible cero perdido","Solo en A"))) | G36: =IF(F36<>"En ambos","",INDEX(Lista_B!$B$4:$B$63,MATCH(A36,Lista_B!$A$4:$A$63,0))) | H36: =IF(F36<>"En ambos","",INDEX(Lista_B!$C$4:$C$63,MATCH(A36,Lista_B!$A$4:$A$63,0))) | I36: =IF(F36<>"En ambos","",INDEX(Lista_B!$D$4:$D$63,MATCH(A36,Lista_B!$A$4:$A$63,0))) | J36: =IF(F36<>"En ambos","",IF(EXACT(B36,G36),"Igual",IF(E36=SUBSTITUTE(SUBSTITUTE(SUBSTITUTE(SUBSTITUTE(SUBSTITUTE(SUBSTITUTE(LOWER(TRIM(G36)),"á","a"),"é","e"),"í","i"),"ó","o"),"ú","u"),"ü","u"),"Solo formato","Conflicto"))) | K36: =IF(F36<>"En ambos","",IF(EXACT(C36,H36),"Igual",IF(LOWER(TRIM(C36))=LOWER(TRIM(H36)),"Solo formato","Conflicto"))) | L36: =IF(F36<>"En ambos","",IF(EXACT(D36,I36),"Igual",IF(LOWER(TRIM(D36))=LOWER(TRIM(I36)),"Solo formato","Conflicto")))
E37: =IF(B37="","",SUBSTITUTE(SUBSTITUTE(SUBSTITUTE(SUBSTITUTE(SUBSTITUTE(SUBSTITUTE(LOWER(TRIM(B37)),"á","a"),"é","e"),"í","i"),"ó","o"),"ú","u"),"ü","u")) | F37: =IF(A37="","",IF(SUMPRODUCT(--EXACT(Lista_B!$A$4:$A$63,A37))>0,"En ambos",IF(SUMPRODUCT(--EXACT(Lista_B!$A$4:$A$63,TEXT(VALUE(A37),"0")))>0,"Posible cero perdido","Solo en A"))) | G37: =IF(F37<>"En ambos","",INDEX(Lista_B!$B$4:$B$63,MATCH(A37,Lista_B!$A$4:$A$63,0))) | H37: =IF(F37<>"En ambos","",INDEX(Lista_B!$C$4:$C$63,MATCH(A37,Lista_B!$A$4:$A$63,0))) | I37: =IF(F37<>"En ambos","",INDEX(Lista_B!$D$4:$D$63,MATCH(A37,Lista_B!$A$4:$A$63,0))) | J37: =IF(F37<>"En ambos","",IF(EXACT(B37,G37),"Igual",IF(E37=SUBSTITUTE(SUBSTITUTE(SUBSTITUTE(SUBSTITUTE(SUBSTITUTE(SUBSTITUTE(LOWER(TRIM(G37)),"á","a"),"é","e"),"í","i"),"ó","o"),"ú","u"),"ü","u"),"Solo formato","Conflicto"))) | K37: =IF(F37<>"En ambos","",IF(EXACT(C37,H37),"Igual",IF(LOWER(TRIM(C37))=LOWER(TRIM(H37)),"Solo formato","Conflicto"))) | L37: =IF(F37<>"En ambos","",IF(EXACT(D37,I37),"Igual",IF(LOWER(TRIM(D37))=LOWER(TRIM(I37)),"Solo formato","Conflicto")))
E38: =IF(B38="","",SUBSTITUTE(SUBSTITUTE(SUBSTITUTE(SUBSTITUTE(SUBSTITUTE(SUBSTITUTE(LOWER(TRIM(B38)),"á","a"),"é","e"),"í","i"),"ó","o"),"ú","u"),"ü","u")) | F38: =IF(A38="","",IF(SUMPRODUCT(--EXACT(Lista_B!$A$4:$A$63,A38))>0,"En ambos",IF(SUMPRODUCT(--EXACT(Lista_B!$A$4:$A$63,TEXT(VALUE(A38),"0")))>0,"Posible cero perdido","Solo en A"))) | G38: =IF(F38<>"En ambos","",INDEX(Lista_B!$B$4:$B$63,MATCH(A38,Lista_B!$A$4:$A$63,0))) | H38: =IF(F38<>"En ambos","",INDEX(Lista_B!$C$4:$C$63,MATCH(A38,Lista_B!$A$4:$A$63,0))) | I38: =IF(F38<>"En ambos","",INDEX(Lista_B!$D$4:$D$63,MATCH(A38,Lista_B!$A$4:$A$63,0))) | J38: =IF(F38<>"En ambos","",IF(EXACT(B38,G38),"Igual",IF(E38=SUBSTITUTE(SUBSTITUTE(SUBSTITUTE(SUBSTITUTE(SUBSTITUTE(SUBSTITUTE(LOWER(TRIM(G38)),"á","a"),"é","e"),"í","i"),"ó","o"),"ú","u"),"ü","u"),"Solo formato","Conflicto"))) | K38: =IF(F38<>"En ambos","",IF(EXACT(C38,H38),"Igual",IF(LOWER(TRIM(C38))=LOWER(TRIM(H38)),"Solo formato","Conflicto"))) | L38: =IF(F38<>"En ambos","",IF(EXACT(D38,I38),"Igual",IF(LOWER(TRIM(D38))=LOWER(TRIM(I38)),"Solo formato","Conflicto")))
E39: =IF(B39="","",SUBSTITUTE(SUBSTITUTE(SUBSTITUTE(SUBSTITUTE(SUBSTITUTE(SUBSTITUTE(LOWER(TRIM(B39)),"á","a"),"é","e"),"í","i"),"ó","o"),"ú","u"),"ü","u")) | F39: =IF(A39="","",IF(SUMPRODUCT(--EXACT(Lista_B!$A$4:$A$63,A39))>0,"En ambos",IF(SUMPRODUCT(--EXACT(Lista_B!$A$4:$A$63,TEXT(VALUE(A39),"0")))>0,"Posible cero perdido","Solo en A"))) | G39: =IF(F39<>"En ambos","",INDEX(Lista_B!$B$4:$B$63,MATCH(A39,Lista_B!$A$4:$A$63,0))) | H39: =IF(F39<>"En ambos","",INDEX(Lista_B!$C$4:$C$63,MATCH(A39,Lista_B!$A$4:$A$63,0))) | I39: =IF(F39<>"En ambos","",INDEX(Lista_B!$D$4:$D$63,MATCH(A39,Lista_B!$A$4:$A$63,0))) | J39: =IF(F39<>"En ambos","",IF(EXACT(B39,G39),"Igual",IF(E39=SUBSTITUTE(SUBSTITUTE(SUBSTITUTE(SUBSTITUTE(SUBSTITUTE(SUBSTITUTE(LOWER(TRIM(G39)),"á","a"),"é","e"),"í","i"),"ó","o"),"ú","u"),"ü","u"),"Solo formato","Conflicto"))) | K39: =IF(F39<>"En ambos","",IF(EXACT(C39,H39),"Igual",IF(LOWER(TRIM(C39))=LOWER(TRIM(H39)),"Solo formato","Conflicto"))) | L39: =IF(F39<>"En ambos","",IF(EXACT(D39,I39),"Igual",IF(LOWER(TRIM(D39))=LOWER(TRIM(I39)),"Solo formato","Conflicto")))
E40: =IF(B40="","",SUBSTITUTE(SUBSTITUTE(SUBSTITUTE(SUBSTITUTE(SUBSTITUTE(SUBSTITUTE(LOWER(TRIM(B40)),"á","a"),"é","e"),"í","i"),"ó","o"),"ú","u"),"ü","u")) | F40: =IF(A40="","",IF(SUMPRODUCT(--EXACT(Lista_B!$A$4:$A$63,A40))>0,"En ambos",IF(SUMPRODUCT(--EXACT(Lista_B!$A$4:$A$63,TEXT(VALUE(A40),"0")))>0,"Posible cero perdido","Solo en A"))) | G40: =IF(F40<>"En ambos","",INDEX(Lista_B!$B$4:$B$63,MATCH(A40,Lista_B!$A$4:$A$63,0))) | H40: =IF(F40<>"En ambos","",INDEX(Lista_B!$C$4:$C$63,MATCH(A40,Lista_B!$A$4:$A$63,0))) | I40: =IF(F40<>"En ambos","",INDEX(Lista_B!$D$4:$D$63,MATCH(A40,Lista_B!$A$4:$A$63,0))) | J40: =IF(F40<>"En ambos","",IF(EXACT(B40,G40),"Igual",IF(E40=SUBSTITUTE(SUBSTITUTE(SUBSTITUTE(SUBSTITUTE(SUBSTITUTE(SUBSTITUTE(LOWER(TRIM(G40)),"á","a"),"é","e"),"í","i"),"ó","o"),"ú","u"),"ü","u"),"Solo formato","Conflicto"))) | K40: =IF(F40<>"En ambos","",IF(EXACT(C40,H40),"Igual",IF(LOWER(TRIM(C40))=LOWER(TRIM(H40)),"Solo formato","Conflicto"))) | L40: =IF(F40<>"En ambos","",IF(EXACT(D40,I40),"Igual",IF(LOWER(TRIM(D40))=LOWER(TRIM(I40)),"Solo formato","Conflicto")))
E41: =IF(B41="","",SUBSTITUTE(SUBSTITUTE(SUBSTITUTE(SUBSTITUTE(SUBSTITUTE(SUBSTITUTE(LOWER(TRIM(B41)),"á","a"),"é","e"),"í","i"),"ó","o"),"ú","u"),"ü","u")) | F41: =IF(A41="","",IF(SUMPRODUCT(--EXACT(Lista_B!$A$4:$A$63,A41))>0,"En ambos",IF(SUMPRODUCT(--EXACT(Lista_B!$A$4:$A$63,TEXT(VALUE(A41),"0")))>0,"Posible cero perdido","Solo en A"))) | G41: =IF(F41<>"En ambos","",INDEX(Lista_B!$B$4:$B$63,MATCH(A41,Lista_B!$A$4:$A$63,0))) | H41: =IF(F41<>"En ambos","",INDEX(Lista_B!$C$4:$C$63,MATCH(A41,Lista_B!$A$4:$A$63,0))) | I41: =IF(F41<>"En ambos","",INDEX(Lista_B!$D$4:$D$63,MATCH(A41,Lista_B!$A$4:$A$63,0))) | J41: =IF(F41<>"En ambos","",IF(EXACT(B41,G41),"Igual",IF(E41=SUBSTITUTE(SUBSTITUTE(SUBSTITUTE(SUBSTITUTE(SUBSTITUTE(SUBSTITUTE(LOWER(TRIM(G41)),"á","a"),"é","e"),"í","i"),"ó","o"),"ú","u"),"ü","u"),"Solo formato","Conflicto"))) | K41: =IF(F41<>"En ambos","",IF(EXACT(C41,H41),"Igual",IF(LOWER(TRIM(C41))=LOWER(TRIM(H41)),"Solo formato","Conflicto"))) | L41: =IF(F41<>"En ambos","",IF(EXACT(D41,I41),"Igual",IF(LOWER(TRIM(D41))=LOWER(TRIM(I41)),"Solo formato","Conflicto")))
E42: =IF(B42="","",SUBSTITUTE(SUBSTITUTE(SUBSTITUTE(SUBSTITUTE(SUBSTITUTE(SUBSTITUTE(LOWER(TRIM(B42)),"á","a"),"é","e"),"í","i"),"ó","o"),"ú","u"),"ü","u")) | F42: =IF(A42="","",IF(SUMPRODUCT(--EXACT(Lista_B!$A$4:$A$63,A42))>0,"En ambos",IF(SUMPRODUCT(--EXACT(Lista_B!$A$4:$A$63,TEXT(VALUE(A42),"0")))>0,"Posible cero perdido","Solo en A"))) | G42: =IF(F42<>"En ambos","",INDEX(Lista_B!$B$4:$B$63,MATCH(A42,Lista_B!$A$4:$A$63,0))) | H42: =IF(F42<>"En ambos","",INDEX(Lista_B!$C$4:$C$63,MATCH(A42,Lista_B!$A$4:$A$63,0))) | I42: =IF(F42<>"En ambos","",INDEX(Lista_B!$D$4:$D$63,MATCH(A42,Lista_B!$A$4:$A$63,0))) | J42: =IF(F42<>"En ambos","",IF(EXACT(B42,G42),"Igual",IF(E42=SUBSTITUTE(SUBSTITUTE(SUBSTITUTE(SUBSTITUTE(SUBSTITUTE(SUBSTITUTE(LOWER(TRIM(G42)),"á","a"),"é","e"),"í","i"),"ó","o"),"ú","u"),"ü","u"),"Solo formato","Conflicto"))) | K42: =IF(F42<>"En ambos","",IF(EXACT(C42,H42),"Igual",IF(LOWER(TRIM(C42))=LOWER(TRIM(H42)),"Solo formato","Conflicto"))) | L42: =IF(F42<>"En ambos","",IF(EXACT(D42,I42),"Igual",IF(LOWER(TRIM(D42))=LOWER(TRIM(I42)),"Solo formato","Conflicto")))
E43: =IF(B43="","",SUBSTITUTE(SUBSTITUTE(SUBSTITUTE(SUBSTITUTE(SUBSTITUTE(SUBSTITUTE(LOWER(TRIM(B43)),"á","a"),"é","e"),"í","i"),"ó","o"),"ú","u"),"ü","u")) | F43: =IF(A43="","",IF(SUMPRODUCT(--EXACT(Lista_B!$A$4:$A$63,A43))>0,"En ambos",IF(SUMPRODUCT(--EXACT(Lista_B!$A$4:$A$63,TEXT(VALUE(A43),"0")))>0,"Posible cero perdido","Solo en A"))) | G43: =IF(F43<>"En ambos","",INDEX(Lista_B!$B$4:$B$63,MATCH(A43,Lista_B!$A$4:$A$63,0))) | H43: =IF(F43<>"En ambos","",INDEX(Lista_B!$C$4:$C$63,MATCH(A43,Lista_B!$A$4:$A$63,0))) | I43: =IF(F43<>"En ambos","",INDEX(Lista_B!$D$4:$D$63,MATCH(A43,Lista_B!$A$4:$A$63,0))) | J43: =IF(F43<>"En ambos","",IF(EXACT(B43,G43),"Igual",IF(E43=SUBSTITUTE(SUBSTITUTE(SUBSTITUTE(SUBSTITUTE(SUBSTITUTE(SUBSTITUTE(LOWER(TRIM(G43)),"á","a"),"é","e"),"í","i"),"ó","o"),"ú","u"),"ü","u"),"Solo formato","Conflicto"))) | K43: =IF(F43<>"En ambos","",IF(EXACT(C43,H43),"Igual",IF(LOWER(TRIM(C43))=LOWER(TRIM(H43)),"Solo formato","Conflicto"))) | L43: =IF(F43<>"En ambos","",IF(EXACT(D43,I43),"Igual",IF(LOWER(TRIM(D43))=LOWER(TRIM(I43)),"Solo formato","Conflicto")))
E44: =IF(B44="","",SUBSTITUTE(SUBSTITUTE(SUBSTITUTE(SUBSTITUTE(SUBSTITUTE(SUBSTITUTE(LOWER(TRIM(B44)),"á","a"),"é","e"),"í","i"),"ó","o"),"ú","u"),"ü","u")) | F44: =IF(A44="","",IF(SUMPRODUCT(--EXACT(Lista_B!$A$4:$A$63,A44))>0,"En ambos",IF(SUMPRODUCT(--EXACT(Lista_B!$A$4:$A$63,TEXT(VALUE(A44),"0")))>0,"Posible cero perdido","Solo en A"))) | G44: =IF(F44<>"En ambos","",INDEX(Lista_B!$B$4:$B$63,MATCH(A44,Lista_B!$A$4:$A$63,0))) | H44: =IF(F44<>"En ambos","",INDEX(Lista_B!$C$4:$C$63,MATCH(A44,Lista_B!$A$4:$A$63,0))) | I44: =IF(F44<>"En ambos","",INDEX(Lista_B!$D$4:$D$63,MATCH(A44,Lista_B!$A$4:$A$63,0))) | J44: =IF(F44<>"En ambos","",IF(EXACT(B44,G44),"Igual",IF(E44=SUBSTITUTE(SUBSTITUTE(SUBSTITUTE(SUBSTITUTE(SUBSTITUTE(SUBSTITUTE(LOWER(TRIM(G44)),"á","a"),"é","e"),"í","i"),"ó","o"),"ú","u"),"ü","u"),"Solo formato","Conflicto"))) | K44: =IF(F44<>"En ambos","",IF(EXACT(C44,H44),"Igual",IF(LOWER(TRIM(C44))=LOWER(TRIM(H44)),"Solo formato","Conflicto"))) | L44: =IF(F44<>"En ambos","",IF(EXACT(D44,I44),"Igual",IF(LOWER(TRIM(D44))=LOWER(TRIM(I44)),"Solo formato","Conflicto")))
E45: =IF(B45="","",SUBSTITUTE(SUBSTITUTE(SUBSTITUTE(SUBSTITUTE(SUBSTITUTE(SUBSTITUTE(LOWER(TRIM(B45)),"á","a"),"é","e"),"í","i"),"ó","o"),"ú","u"),"ü","u")) | F45: =IF(A45="","",IF(SUMPRODUCT(--EXACT(Lista_B!$A$4:$A$63,A45))>0,"En ambos",IF(SUMPRODUCT(--EXACT(Lista_B!$A$4:$A$63,TEXT(VALUE(A45),"0")))>0,"Posible cero perdido","Solo en A"))) | G45: =IF(F45<>"En ambos","",INDEX(Lista_B!$B$4:$B$63,MATCH(A45,Lista_B!$A$4:$A$63,0))) | H45: =IF(F45<>"En ambos","",INDEX(Lista_B!$C$4:$C$63,MATCH(A45,Lista_B!$A$4:$A$63,0))) | I45: =IF(F45<>"En ambos","",INDEX(Lista_B!$D$4:$D$63,MATCH(A45,Lista_B!$A$4:$A$63,0))) | J45: =IF(F45<>"En ambos","",IF(EXACT(B45,G45),"Igual",IF(E45=SUBSTITUTE(SUBSTITUTE(SUBSTITUTE(SUBSTITUTE(SUBSTITUTE(SUBSTITUTE(LOWER(TRIM(G45)),"á","a"),"é","e"),"í","i"),"ó","o"),"ú","u"),"ü","u"),"Solo formato","Conflicto"))) | K45: =IF(F45<>"En ambos","",IF(EXACT(C45,H45),"Igual",IF(LOWER(TRIM(C45))=LOWER(TRIM(H45)),"Solo formato","Conflicto"))) | L45: =IF(F45<>"En ambos","",IF(EXACT(D45,I45),"Igual",IF(LOWER(TRIM(D45))=LOWER(TRIM(I45)),"Solo formato","Conflicto")))
... E63: =IF(B63="","",SUBSTITUTE(SUBSTITUTE(SUBSTITUTE(SUBSTITUTE(SUBSTITUTE(SUBSTITUTE(LOWER(TRIM(B63)),"á","a"),"é","e"),"í","i"),"ó","o"),"ú","u"),"ü","u")) | F63: =IF(A63="","",IF(SUMPRODUCT(--EXACT(Lista_B!$A$4:$A$63,A63))>0,"En ambos",IF(SUMPRODUCT(--EXACT(Lista_B!$A$4:$A$63,TEXT(VALUE(A63),"0")))>0,"Posible cero perdido","Solo en A"))) | G63: =IF(F63<>"En ambos","",INDEX(Lista_B!$B$4:$B$63,MATCH(A63,Lista_B!$A$4:$A$63,0))) | H63: =IF(F63<>"En ambos","",INDEX(Lista_B!$C$4:$C$63,MATCH(A63,Lista_B!$A$4:$A$63,0))) | I63: =IF(F63<>"En ambos","",INDEX(Lista_B!$D$4:$D$63,MATCH(A63,Lista_B!$A$4:$A$63,0))) | J63: =IF(F63<>"En ambos","",IF(EXACT(B63,G63),"Igual",IF(E63=SUBSTITUTE(SUBSTITUTE(SUBSTITUTE(SUBSTITUTE(SUBSTITUTE(SUBSTITUTE(LOWER(TRIM(G63)),"á","a"),"é","e"),"í","i"),"ó","o"),"ú","u"),"ü","u"),"Solo formato","Conflicto"))) | K63: =IF(F63<>"En ambos","",IF(EXACT(C63,H63),"Igual",IF(LOWER(TRIM(C63))=LOWER(TRIM(H63)),"Solo formato","Conflicto"))) | L63: =IF(F63<>"En ambos","",IF(EXACT(D63,I63),"Igual",IF(LOWER(TRIM(D63))=LOWER(TRIM(I63)),"Solo formato","Conflicto")))

Sheet Lista_B
A1: LISTA B: AULA VIRTUAL (ejemplo ficticio)
A3: Código | B3: Nombre | C3: Correo | D3: Curso | E3: Estado de la llave
A4: 0001 | B4: MARIA PEREZ | C4: maria.perez@colegio.example | D4: 7A | E4: =IF(A4="","",IF(SUMPRODUCT(--EXACT(Lista_A!$A$4:$A$63,A4))>0,"En ambos",IF(SUMPRODUCT(--EXACT(Lista_A!$A$4:$A$63,TEXT(VALUE(A4),"0000")))>0,"Posible cero perdido","Solo en B")))
A5: 0002 | B5: Jose Diaz | C5: jose.diaz@colegio.example | D5: 7B | E5: =IF(A5="","",IF(SUMPRODUCT(--EXACT(Lista_A!$A$4:$A$63,A5))>0,"En ambos",IF(SUMPRODUCT(--EXACT(Lista_A!$A$4:$A$63,TEXT(VALUE(A5),"0000")))>0,"Posible cero perdido","Solo en B")))
A6: 0003 | B6: ÁNGEL Ruiz | C6: angel.ruiz@colegio.example | D6: 8A | E6: =IF(A6="","",IF(SUMPRODUCT(--EXACT(Lista_A!$A$4:$A$63,A6))>0,"En ambos",IF(SUMPRODUCT(--EXACT(Lista_A!$A$4:$A$63,TEXT(VALUE(A6),"0000")))>0,"Posible cero perdido","Solo en B")))
A7: 0004 | B7: Andrea Gómez Ruiz | C7: andrea.gomez@colegio.example | D7: 7A | E7: =IF(A7="","",IF(SUMPRODUCT(--EXACT(Lista_A!$A$4:$A$63,A7))>0,"En ambos",IF(SUMPRODUCT(--EXACT(Lista_A!$A$4:$A$63,TEXT(VALUE(A7),"0000")))>0,"Posible cero perdido","Solo en B")))
A8: 0005 | B8: Camilo Torrez | C8: camilo.torres@colegio.example | D8: 7B | E8: =IF(A8="","",IF(SUMPRODUCT(--EXACT(Lista_A!$A$4:$A$63,A8))>0,"En ambos",IF(SUMPRODUCT(--EXACT(Lista_A!$A$4:$A$63,TEXT(VALUE(A8),"0000")))>0,"Posible cero perdido","Solo en B")))
A9: 0006 | B9: Lucía Mora | C9: lucia.mora@colegio.example.com | D9: 8A | E9: =IF(A9="","",IF(SUMPRODUCT(--EXACT(Lista_A!$A$4:$A$63,A9))>0,"En ambos",IF(SUMPRODUCT(--EXACT(Lista_A!$A$4:$A$63,TEXT(VALUE(A9),"0000")))>0,"Posible cero perdido","Solo en B")))
A10: 0007 | B10: Santiago Vega | C10: santiago.vega@colegio.exmaple | D10: 7A | E10: =IF(A10="","",IF(SUMPRODUCT(--EXACT(Lista_A!$A$4:$A$63,A10))>0,"En ambos",IF(SUMPRODUCT(--EXACT(Lista_A!$A$4:$A$63,TEXT(VALUE(A10),"0000")))>0,"Posible cero perdido","Solo en B")))
A11: 0008 | B11: Valentina Rojas | C11: valentina.rojas@colegio.example | D11: 8A | E11: =IF(A11="","",IF(SUMPRODUCT(--EXACT(Lista_A!$A$4:$A$63,A11))>0,"En ambos",IF(SUMPRODUCT(--EXACT(Lista_A!$A$4:$A$63,TEXT(VALUE(A11),"0000")))>0,"Posible cero perdido","Solo en B")))
A12: 0009 | B12: Mateo Cruz | C12: mateo.cruz@colegio.example | D12: 8A | E12: =IF(A12="","",IF(SUMPRODUCT(--EXACT(Lista_A!$A$4:$A$63,A12))>0,"En ambos",IF(SUMPRODUCT(--EXACT(Lista_A!$A$4:$A$63,TEXT(VALUE(A12),"0000")))>0,"Posible cero perdido","Solo en B")))
A13: 0010 | B13: Sara Pardo | C13: sara.pardo@colegio.example | D13: 8B | E13: =IF(A13="","",IF(SUMPRODUCT(--EXACT(Lista_A!$A$4:$A$63,A13))>0,"En ambos",IF(SUMPRODUCT(--EXACT(Lista_A!$A$4:$A$63,TEXT(VALUE(A13),"0000")))>0,"Posible cero perdido","Solo en B")))
A14: 0011 | B14: Daniel Salas | C14: daniel.salas@colegio.example | D14: 7B | E14: =IF(A14="","",IF(SUMPRODUCT(--EXACT(Lista_A!$A$4:$A$63,A14))>0,"En ambos",IF(SUMPRODUCT(--EXACT(Lista_A!$A$4:$A$63,TEXT(VALUE(A14),"0000")))>0,"Posible cero perdido","Solo en B")))
A15: 12 | B15: Laura Gil | C15: laura.gil@colegio.example | D15: 8A | E15: =IF(A15="","",IF(SUMPRODUCT(--EXACT(Lista_A!$A$4:$A$63,A15))>0,"En ambos",IF(SUMPRODUCT(--EXACT(Lista_A!$A$4:$A$63,TEXT(VALUE(A15),"0000")))>0,"Posible cero perdido","Solo en B")))
... A32: 0099 | B32: Retirado Prueba | C32: retirado.prueba@colegio.example | D32: 8A | E32: =IF(A32="","",IF(SUMPRODUCT(--EXACT(Lista_A!$A$4:$A$63,A32))>0,"En ambos",IF(SUMPRODUCT(--EXACT(Lista_A!$A$4:$A$63,TEXT(VALUE(A32),"0000")))>0,"Posible cero perdido","Solo en B")))
E33: =IF(A33="","",IF(SUMPRODUCT(--EXACT(Lista_A!$A$4:$A$63,A33))>0,"En ambos",IF(SUMPRODUCT(--EXACT(Lista_A!$A$4:$A$63,TEXT(VALUE(A33),"0000")))>0,"Posible cero perdido","Solo en B")))
E34: =IF(A34="","",IF(SUMPRODUCT(--EXACT(Lista_A!$A$4:$A$63,A34))>0,"En ambos",IF(SUMPRODUCT(--EXACT(Lista_A!$A$4:$A$63,TEXT(VALUE(A34),"0000")))>0,"Posible cero perdido","Solo en B")))
E35: =IF(A35="","",IF(SUMPRODUCT(--EXACT(Lista_A!$A$4:$A$63,A35))>0,"En ambos",IF(SUMPRODUCT(--EXACT(Lista_A!$A$4:$A$63,TEXT(VALUE(A35),"0000")))>0,"Posible cero perdido","Solo en B")))
E36: =IF(A36="","",IF(SUMPRODUCT(--EXACT(Lista_A!$A$4:$A$63,A36))>0,"En ambos",IF(SUMPRODUCT(--EXACT(Lista_A!$A$4:$A$63,TEXT(VALUE(A36),"0000")))>0,"Posible cero perdido","Solo en B")))
E37: =IF(A37="","",IF(SUMPRODUCT(--EXACT(Lista_A!$A$4:$A$63,A37))>0,"En ambos",IF(SUMPRODUCT(--EXACT(Lista_A!$A$4:$A$63,TEXT(VALUE(A37),"0000")))>0,"Posible cero perdido","Solo en B")))
E38: =IF(A38="","",IF(SUMPRODUCT(--EXACT(Lista_A!$A$4:$A$63,A38))>0,"En ambos",IF(SUMPRODUCT(--EXACT(Lista_A!$A$4:$A$63,TEXT(VALUE(A38),"0000")))>0,"Posible cero perdido","Solo en B")))
E39: =IF(A39="","",IF(SUMPRODUCT(--EXACT(Lista_A!$A$4:$A$63,A39))>0,"En ambos",IF(SUMPRODUCT(--EXACT(Lista_A!$A$4:$A$63,TEXT(VALUE(A39),"0000")))>0,"Posible cero perdido","Solo en B")))
E40: =IF(A40="","",IF(SUMPRODUCT(--EXACT(Lista_A!$A$4:$A$63,A40))>0,"En ambos",IF(SUMPRODUCT(--EXACT(Lista_A!$A$4:$A$63,TEXT(VALUE(A40),"0000")))>0,"Posible cero perdido","Solo en B")))
E41: =IF(A41="","",IF(SUMPRODUCT(--EXACT(Lista_A!$A$4:$A$63,A41))>0,"En ambos",IF(SUMPRODUCT(--EXACT(Lista_A!$A$4:$A$63,TEXT(VALUE(A41),"0000")))>0,"Posible cero perdido","Solo en B")))
E42: =IF(A42="","",IF(SUMPRODUCT(--EXACT(Lista_A!$A$4:$A$63,A42))>0,"En ambos",IF(SUMPRODUCT(--EXACT(Lista_A!$A$4:$A$63,TEXT(VALUE(A42),"0000")))>0,"Posible cero perdido","Solo en B")))
E43: =IF(A43="","",IF(SUMPRODUCT(--EXACT(Lista_A!$A$4:$A$63,A43))>0,"En ambos",IF(SUMPRODUCT(--EXACT(Lista_A!$A$4:$A$63,TEXT(VALUE(A43),"0000")))>0,"Posible cero perdido","Solo en B")))
E44: =IF(A44="","",IF(SUMPRODUCT(--EXACT(Lista_A!$A$4:$A$63,A44))>0,"En ambos",IF(SUMPRODUCT(--EXACT(Lista_A!$A$4:$A$63,TEXT(VALUE(A44),"0000")))>0,"Posible cero perdido","Solo en B")))
... E63: =IF(A63="","",IF(SUMPRODUCT(--EXACT(Lista_A!$A$4:$A$63,A63))>0,"En ambos",IF(SUMPRODUCT(--EXACT(Lista_A!$A$4:$A$63,TEXT(VALUE(A63),"0000")))>0,"Posible cero perdido","Solo en B")))
