Workbook

Sheet Resumen
A1: RESUMEN
A3: Artículos en la base | B3: =COUNTA(Articulos!A2:A13)
A4: Vigentes | B4: =COUNTIF(Articulos!I2:I13,"Vigente")
A5: Por vencer (30 días) | B5: =COUNTIF(Articulos!I2:I13,"Por vencer")
A6: Vencidos | B6: =COUNTIF(Articulos!I2:I13,"Vencido")
A7: Sin responsable | B7: =COUNTIF(Articulos!I2:I13,"Sin responsable")
A8: Tickets de las preguntas frecuentes | B8: =SUM(Preguntas!C2:C11)
A9: Tickets sin artículo | B9: =SUMIF(Preguntas!E2:E11,"Sin artículo",Preguntas!C2:C11)
A10: Tickets con artículo vencido o sin responsable | B10: =SUMIF(Preguntas!E2:E11,"Vencido",Preguntas!C2:C11)+SUMIF(Preguntas!E2:E11,"Sin responsable",Preguntas!C2:C11)
A11: Tickets con respuesta vigente o por vencer | B11: =B8-B9-B10
A12: % de tickets sin respuesta confiable | B12: =(B9+B10)/B8

Sheet Parametros
A1: PARÁMETROS (editables; datos ficticios)
A3: Fecha de revisión (escribe la fecha de hoy; no se usa HOY() para que el resultado sea reproducible) | B3: 46419
A4: Días de anticipación para marcar "Por vencer" | B4: 30

Sheet Articulos
A1: ID | B1: Título del artículo | C1: Categoría | D1: Responsable | E1: Última revisión | F1: Revisar cada (días) | G1: Próxima revisión | H1: Días para vencer | I1: Estado
A2: K01 | B2: Restablecer la contraseña de la plataforma | C2: Cuentas | D2: Soporte | E2: 46336 | F2: 180 | G2: =E2+F2 | H2: =G2-Parametros!$B$3 | I2: =IF(D2="","Sin responsable",IF(H2<0,"Vencido",IF(H2<=Parametros!$B$4,"Por vencer","Vigente")))
A3: K02 | B3: Conectarse al Wi-Fi institucional | C3: Red | D3: Soporte | E3: 46083 | F3: 180 | G3: =E3+F3 | H3: =G3-Parametros!$B$3 | I3: =IF(D3="","Sin responsable",IF(H3<0,"Vencido",IF(H3<=Parametros!$B$4,"Por vencer","Vigente")))
A4: K03 | B4: Subir las notas al sistema | C4: Académico | D4: Coordinación | E4: 46371 | F4: 90 | G4: =E4+F4 | H4: =G4-Parametros!$B$3 | I4: =IF(D4="","Sin responsable",IF(H4<0,"Vencido",IF(H4<=Parametros!$B$4,"Por vencer","Vigente")))
A5: K04 | B5: Crear un aula virtual | C5: Plataforma | E5: 46174 | F5: 180 | G5: =E5+F5 | H5: =G5-Parametros!$B$3 | I5: =IF(D5="","Sin responsable",IF(H5<0,"Vencido",IF(H5<=Parametros!$B$4,"Por vencer","Vigente")))
A6: K05 | B6: Imprimir desde la sala de profesores | C6: Equipos | D6: Soporte | E6: 46285 | F6: 120 | G6: =E6+F6 | H6: =G6-Parametros!$B$3 | I6: =IF(D6="","Sin responsable",IF(H6<0,"Vencido",IF(H6<=Parametros!$B$4,"Por vencer","Vigente")))
A7: K06 | B7: Solicitar un cambio de horario | C7: Académico | D7: Coordinación | E7: 46300 | F7: 180 | G7: =E7+F7 | H7: =G7-Parametros!$B$3 | I7: =IF(D7="","Sin responsable",IF(H7<0,"Vencido",IF(H7<=Parametros!$B$4,"Por vencer","Vigente")))
A8: K07 | B8: Recuperar un correo eliminado | C8: Cuentas | D8: Soporte | E8: 46357 | F8: 180 | G8: =E8+F8 | H8: =G8-Parametros!$B$3 | I8: =IF(D8="","Sin responsable",IF(H8<0,"Vencido",IF(H8<=Parametros!$B$4,"Por vencer","Vigente")))
A9: K08 | B9: Reservar la sala de sistemas | C9: Equipos | D9: Secretaría | E9: 46399 | F9: 60 | G9: =E9+F9 | H9: =G9-Parametros!$B$3 | I9: =IF(D9="","Sin responsable",IF(H9<0,"Vencido",IF(H9<=Parametros!$B$4,"Por vencer","Vigente")))
A10: K09 | B10: Cargar evidencias en la plataforma | C10: Plataforma | D10: Coordinación | E10: 46346 | F10: 90 | G10: =E10+F10 | H10: =G10-Parametros!$B$3 | I10: =IF(D10="","Sin responsable",IF(H10<0,"Vencido",IF(H10<=Parametros!$B$4,"Por vencer","Vigente")))
A11: K10 | B11: Pagar la pensión en línea | C11: Finanzas | D11: Tesorería | E11: 46244 | F11: 180 | G11: =E11+F11 | H11: =G11-Parametros!$B$3 | I11: =IF(D11="","Sin responsable",IF(H11<0,"Vencido",IF(H11<=Parametros!$B$4,"Por vencer","Vigente")))
A12: K11 | B12: Configurar el proyector | C12: Equipos | D12: Soporte | E12: 45964 | F12: 365 | G12: =E12+F12 | H12: =G12-Parametros!$B$3 | I12: =IF(D12="","Sin responsable",IF(H12<0,"Vencido",IF(H12<=Parametros!$B$4,"Por vencer","Vigente")))
A13: K12 | B13: Descargar el boletín | C13: Familias | D13: Secretaría | E13: 46366 | F13: 90 | G13: =E13+F13 | H13: =G13-Parametros!$B$3 | I13: =IF(D13="","Sin responsable",IF(H13<0,"Vencido",IF(H13<=Parametros!$B$4,"Por vencer","Vigente")))

Sheet Preguntas
A1: N.º | B1: Pregunta frecuente a la mesa de ayuda | C1: Tickets en el trimestre | D1: ID del artículo que la responde | E1: Estado de la respuesta
A2: 1 | B2: No puedo entrar a la plataforma (contraseña) | C2: 85 | D2: K01 | E2: =IF(D2="","Sin artículo",VLOOKUP(D2,Articulos!$A$2:$I$13,9,FALSE))
A3: 2 | B3: No me conecta el Wi-Fi | C3: 64 | D3: K02 | E3: =IF(D3="","Sin artículo",VLOOKUP(D3,Articulos!$A$2:$I$13,9,FALSE))
A4: 3 | B4: Cómo subo las notas | C4: 48 | D4: K03 | E4: =IF(D4="","Sin artículo",VLOOKUP(D4,Articulos!$A$2:$I$13,9,FALSE))
A5: 4 | B5: Cómo creo mi aula virtual | C5: 41 | D5: K04 | E5: =IF(D5="","Sin artículo",VLOOKUP(D5,Articulos!$A$2:$I$13,9,FALSE))
A6: 5 | B6: La impresora no imprime | C6: 33 | D6: K05 | E6: =IF(D6="","Sin artículo",VLOOKUP(D6,Articulos!$A$2:$I$13,9,FALSE))
A7: 6 | B7: Cómo pago la pensión | C7: 29 | D7: K10 | E7: =IF(D7="","Sin artículo",VLOOKUP(D7,Articulos!$A$2:$I$13,9,FALSE))
A8: 7 | B8: Dónde está el boletín | C8: 27 | D8: K12 | E8: =IF(D8="","Sin artículo",VLOOKUP(D8,Articulos!$A$2:$I$13,9,FALSE))
A9: 8 | B9: Necesito acceso al sistema de asistencia | C9: 24 | E9: =IF(D9="","Sin artículo",VLOOKUP(D9,Articulos!$A$2:$I$13,9,FALSE))
A10: 9 | B10: Cómo crear la cuenta de un nuevo docente | C10: 19 | E10: =IF(D10="","Sin artículo",VLOOKUP(D10,Articulos!$A$2:$I$13,9,FALSE))
A11: 10 | B11: Se me borró un correo | C11: 12 | D11: K07 | E11: =IF(D11="","Sin artículo",VLOOKUP(D11,Articulos!$A$2:$I$13,9,FALSE))
