Workbook

Sheet Registro
A1: REGISTRO DE SIMULACROS (datos ficticios de práctica; no son puntajes oficiales ni predicen resultados)
A3: Simulacro | B3: Fecha | C3: Preguntas | D3: Aciertos | E3: % de acierto | F3: Minutos usados | G3: Minutos por pregunta | H3: Cambio vs. anterior (puntos %)
A4: 1 | B4: 46328 | C4: 60 | D4: 33 | E4: =D4/C4 | F4: 110 | G4: =F4/C4
A5: 2 | B5: 46342 | C5: 60 | D5: 38 | E5: =D5/C5 | F5: 105 | G5: =F5/C5 | H5: =(E5-E4)*100
A6: 3 | B6: 46356 | C6: 60 | D6: 41 | E6: =D6/C6 | F6: 100 | G6: =F6/C6 | H6: =(E6-E5)*100
A7: 4 | B7: 46370 | C7: 60 | D7: 46 | E7: =D7/C7 | F7: 98 | G7: =F7/C7 | H7: =(E7-E6)*100
E8: =IF(C8="","",D8/C8) | G8: =IF(C8="","",F8/C8) | H8: =IF(C8="","",(E8-E7)*100)
E9: =IF(C9="","",D9/C9) | G9: =IF(C9="","",F9/C9) | H9: =IF(C9="","",(E9-E8)*100)
E10: =IF(C10="","",D10/C10) | G10: =IF(C10="","",F10/C10) | H10: =IF(C10="","",(E10-E9)*100)
E11: =IF(C11="","",D11/C11) | G11: =IF(C11="","",F11/C11) | H11: =IF(C11="","",(E11-E10)*100)
E12: =IF(C12="","",D12/C12) | G12: =IF(C12="","",F12/C12) | H12: =IF(C12="","",(E12-E11)*100)
E13: =IF(C13="","",D13/C13) | G13: =IF(C13="","",F13/C13) | H13: =IF(C13="","",(E13-E12)*100)
E14: =IF(C14="","",D14/C14) | G14: =IF(C14="","",F14/C14) | H14: =IF(C14="","",(E14-E13)*100)
E15: =IF(C15="","",D15/C15) | G15: =IF(C15="","",F15/C15) | H15: =IF(C15="","",(E15-E14)*100)
A17: Una tendencia con 4 simulacros orienta; no demuestra nada. Un solo simulacro distinto puede cambiar la lectura por simple variación.

Sheet Errores
A1: ANÁLISIS DE ERRORES DEL ÚLTIMO SIMULACRO (14 preguntas falladas de 60; ficticio)
A3: Pregunta | B3: Componente | C3: Causa del error | D3: Seguridad al responder | E3: Prioridad | F3: Acción concreta | H3: Las listas de componente y causa son ejemplos: ajústalas a los componentes de tu convocatoria cuando se publique.
A4: 4 | B4: Normativa | C4: Desconocimiento | D4: Baja | E4: =IF(D4="","",IF(D4="Alta","1 · Concepto errado con seguridad",IF(D4="Media","2 · Duda no resuelta","3 · Vacío o azar"))) | F4: Leer el artículo en la fuente oficial y resumirlo en dos líneas
A5: 9 | B5: Normativa | C5: Confusión | D5: Alta | E5: =IF(D5="","",IF(D5="Alta","1 · Concepto errado con seguridad",IF(D5="Media","2 · Duda no resuelta","3 · Vacío o azar"))) | F5: Tabla comparativa de las dos normas que confundí
A6: 13 | B6: Razonamiento cuantitativo | C6: Descuido de cálculo | D6: Media | E6: =IF(D6="","",IF(D6="Alta","1 · Concepto errado con seguridad",IF(D6="Media","2 · Duda no resuelta","3 · Vacío o azar"))) | F6: Revisar el resultado con una estimación antes de marcar
A7: 17 | B7: Lectura crítica | C7: Lectura apresurada | D7: Media | E7: =IF(D7="","",IF(D7="Alta","1 · Concepto errado con seguridad",IF(D7="Media","2 · Duda no resuelta","3 · Vacío o azar"))) | F7: Subrayar lo que pregunta el enunciado antes de leer las opciones
A8: 21 | B8: Juicio situacional | C8: Confusión | D8: Alta | E8: =IF(D8="","",IF(D8="Alta","1 · Concepto errado con seguridad",IF(D8="Media","2 · Duda no resuelta","3 · Vacío o azar"))) | F8: Re-analizar el caso y justificar por qué las otras opciones fallan
A9: 24 | B9: Razonamiento cuantitativo | C9: Desconocimiento | D9: Baja | E9: =IF(D9="","",IF(D9="Alta","1 · Concepto errado con seguridad",IF(D9="Media","2 · Duda no resuelta","3 · Vacío o azar"))) | F9: Repasar proporcionalidad con tres ejercicios
A10: 28 | B10: Normativa | C10: Desconocimiento | D10: Baja | E10: =IF(D10="","",IF(D10="Alta","1 · Concepto errado con seguridad",IF(D10="Media","2 · Duda no resuelta","3 · Vacío o azar"))) | F10: Fichar el tema en el mapa normativo
A11: 31 | B11: Pedagógico | C11: Confusión | D11: Alta | E11: =IF(D11="","",IF(D11="Alta","1 · Concepto errado con seguridad",IF(D11="Media","2 · Duda no resuelta","3 · Vacío o azar"))) | F11: Explicar el concepto en voz alta sin mirar apuntes
A12: 35 | B12: Razonamiento cuantitativo | C12: Tiempo | D12: Baja | E12: =IF(D12="","",IF(D12="Alta","1 · Concepto errado con seguridad",IF(D12="Media","2 · Duda no resuelta","3 · Vacío o azar"))) | F12: Practicar con cronómetro: 2 minutos por pregunta
A13: 38 | B13: Lectura crítica | C13: Tiempo | D13: Media | E13: =IF(D13="","",IF(D13="Alta","1 · Concepto errado con seguridad",IF(D13="Media","2 · Duda no resuelta","3 · Vacío o azar"))) | F13: Ensayar la estrategia de saltar y volver
A14: 42 | B14: Normativa | C14: Confusión | D14: Alta | E14: =IF(D14="","",IF(D14="Alta","1 · Concepto errado con seguridad",IF(D14="Media","2 · Duda no resuelta","3 · Vacío o azar"))) | F14: Tarjeta con el contraste y fecha de la norma
A15: 47 | B15: Razonamiento cuantitativo | C15: Descuido de cálculo | D15: Media | E15: =IF(D15="","",IF(D15="Alta","1 · Concepto errado con seguridad",IF(D15="Media","2 · Duda no resuelta","3 · Vacío o azar"))) | F15: Escribir los pasos en vez de hacerlos mentalmente
... A17: 57 | B17: Juicio situacional | C17: Lectura apresurada | D17: Alta | E17: =IF(D17="","",IF(D17="Alta","1 · Concepto errado con seguridad",IF(D17="Media","2 · Duda no resuelta","3 · Vacío o azar"))) | F17: Identificar primero quién debe actuar y con qué competencia
E18: =IF(D18="","",IF(D18="Alta","1 · Concepto errado con seguridad",IF(D18="Media","2 · Duda no resuelta","3 · Vacío o azar")))
E19: =IF(D19="","",IF(D19="Alta","1 · Concepto errado con seguridad",IF(D19="Media","2 · Duda no resuelta","3 · Vacío o azar")))
E20: =IF(D20="","",IF(D20="Alta","1 · Concepto errado con seguridad",IF(D20="Media","2 · Duda no resuelta","3 · Vacío o azar")))
E21: =IF(D21="","",IF(D21="Alta","1 · Concepto errado con seguridad",IF(D21="Media","2 · Duda no resuelta","3 · Vacío o azar")))
E22: =IF(D22="","",IF(D22="Alta","1 · Concepto errado con seguridad",IF(D22="Media","2 · Duda no resuelta","3 · Vacío o azar")))
E23: =IF(D23="","",IF(D23="Alta","1 · Concepto errado con seguridad",IF(D23="Media","2 · Duda no resuelta","3 · Vacío o azar")))
E24: =IF(D24="","",IF(D24="Alta","1 · Concepto errado con seguridad",IF(D24="Media","2 · Duda no resuelta","3 · Vacío o azar")))
E25: =IF(D25="","",IF(D25="Alta","1 · Concepto errado con seguridad",IF(D25="Media","2 · Duda no resuelta","3 · Vacío o azar")))
E26: =IF(D26="","",IF(D26="Alta","1 · Concepto errado con seguridad",IF(D26="Media","2 · Duda no resuelta","3 · Vacío o azar")))
E27: =IF(D27="","",IF(D27="Alta","1 · Concepto errado con seguridad",IF(D27="Media","2 · Duda no resuelta","3 · Vacío o azar")))
E28: =IF(D28="","",IF(D28="Alta","1 · Concepto errado con seguridad",IF(D28="Media","2 · Duda no resuelta","3 · Vacío o azar")))
E29: =IF(D29="","",IF(D29="Alta","1 · Concepto errado con seguridad",IF(D29="Media","2 · Duda no resuelta","3 · Vacío o azar")))
... E39: =IF(D39="","",IF(D39="Alta","1 · Concepto errado con seguridad",IF(D39="Media","2 · Duda no resuelta","3 · Vacío o azar")))

Sheet Resumen
A1: RESUMEN: DÓNDE Y POR QUÉ SE PIERDEN LAS PREGUNTAS
A3: Componente | B3: Errores | C3: % de los errores | D3: De ellos, con seguridad Alta
A4: Normativa | B4: =COUNTIF(Errores!$B$4:$B$39,A4) | C4: =IF($B$9=0,0,B4/$B$9) | D4: =COUNTIFS(Errores!$B$4:$B$39,A4,Errores!$D$4:$D$39,"Alta")
A5: Pedagógico | B5: =COUNTIF(Errores!$B$4:$B$39,A5) | C5: =IF($B$9=0,0,B5/$B$9) | D5: =COUNTIFS(Errores!$B$4:$B$39,A5,Errores!$D$4:$D$39,"Alta")
A6: Razonamiento cuantitativo | B6: =COUNTIF(Errores!$B$4:$B$39,A6) | C6: =IF($B$9=0,0,B6/$B$9) | D6: =COUNTIFS(Errores!$B$4:$B$39,A6,Errores!$D$4:$D$39,"Alta")
A7: Lectura crítica | B7: =COUNTIF(Errores!$B$4:$B$39,A7) | C7: =IF($B$9=0,0,B7/$B$9) | D7: =COUNTIFS(Errores!$B$4:$B$39,A7,Errores!$D$4:$D$39,"Alta")
A8: Juicio situacional | B8: =COUNTIF(Errores!$B$4:$B$39,A8) | C8: =IF($B$9=0,0,B8/$B$9) | D8: =COUNTIFS(Errores!$B$4:$B$39,A8,Errores!$D$4:$D$39,"Alta")
A9: Total | B9: =SUM(B4:B8) | D9: =SUM(D4:D8)
A11: Causa | B11: Errores | C11: % de los errores | D11: Qué trabajar
A12: Desconocimiento | B12: =COUNTIF(Errores!$C$4:$C$39,A12) | C12: =IF($B$18=0,0,B12/$B$18) | D12: Estudiar el contenido
A13: Confusión | B13: =COUNTIF(Errores!$C$4:$C$39,A13) | C13: =IF($B$18=0,0,B13/$B$18) | D13: Contrastar y practicar con casos
A14: Lectura apresurada | B14: =COUNTIF(Errores!$C$4:$C$39,A14) | C14: =IF($B$18=0,0,B14/$B$18) | D14: Técnica de lectura y gestión del enunciado
A15: Tiempo | B15: =COUNTIF(Errores!$C$4:$C$39,A15) | C15: =IF($B$18=0,0,B15/$B$18) | D15: Práctica con cronómetro
A16: Descuido de cálculo | B16: =COUNTIF(Errores!$C$4:$C$39,A16) | C16: =IF($B$18=0,0,B16/$B$18) | D16: Verificación y estimación
A17: Azar | B17: =COUNTIF(Errores!$C$4:$C$39,A17) | C17: =IF($B$18=0,0,B17/$B$18) | D17: Repasar el tema; no cuenta como dominio
A18: Total | B18: =SUM(B12:B17)
A20: Errores con seguridad alta (conceptos errados que hay que desmontar primero) | D20: =COUNTIF(Errores!$D$4:$D$39,"Alta")
A21: Cambio de aciertos entre el primer y el último simulacro (puntos %) | D21: =(Registro!E7-Registro!E4)*100

Sheet Plan_semanal
A1: PLAN DE MEJORA DE 4 SEMANAS (una prioridad por semana; ejemplo editable)
A3: Semana | B3: Prioridad (viene de Resumen) | C3: Tarea concreta | D3: Horas planeadas | E3: Horas hechas | F3: Hecho (Sí/No) | G3: Evidencia (qué produje)
A4: 1 | B4: Normativa: confusión entre normas | C4: Tabla comparativa y 10 preguntas propias | D4: 4 | E4: 3.5 | F4: Sí | G4: Tabla de 2 páginas
A5: 2 | B5: Razonamiento cuantitativo: descuidos y tiempo | C5: 20 problemas con cronómetro y verificación | D5: 5 | E5: 5 | F5: Sí | G5: Registro de tiempos
A6: 3 | B6: Juicio situacional: casos con respuesta justificada | C6: 6 casos analizados por escrito | D6: 4 | E6: 2 | F6: No | G6: Casos en cuaderno
A7: 4 | B7: Nuevo simulacro y comparación | C7: Simulacro 5 y actualizar el registro | D7: 3 | E7: 0 | F7: No
A9: Horas planeadas | D9: =SUM(D4:D7)
A10: Horas hechas | D10: =SUM(E4:E7)
A11: Cumplimiento de horas | D11: =IF(D9=0,0,D10/D9)
A12: Tareas hechas | D12: =COUNTIF(F4:F7,"Sí")&" de "&COUNTA(F4:F7)
