Workbook

Sheet Tablero
A1: TABLERO DE INDICADORES DE PROGRESO (datos ficticios; indicadores de proceso, no de resultado)
A2: No mide ni predice tus probabilidades en el Concurso: mide si estás haciendo lo que planeaste. Los umbrales de color son criterios propios y editables.
A4: Indicador | B4: Valor | C4: Semáforo | D4: Qué significa
A5: Temas dominados | B5: =COUNTIF(Temas!C4:C43,"Dominado")/COUNTA(Temas!A4:A43) | C5: =IF(B5>=0.5,"Verde",IF(B5>=0.25,"Amarillo","Rojo")) | D5: Parte de los temas que ya explicas sin apuntes
A6: Cobertura ponderada (dominado = 1; en curso = 0,5) | B6: =(COUNTIF(Temas!C4:C43,"Dominado")+0.5*COUNTIF(Temas!C4:C43,"En curso"))/COUNTA(Temas!A4:A43) | C6: =IF(B6>=0.7,"Verde",IF(B6>=0.4,"Amarillo","Rojo")) | D6: Avance del temario, contando lo que está en curso
A7: Temas sin iniciar | B7: =COUNTIF(Temas!C4:C43,"No iniciado") | C7: =IF(B7=0,"Verde",IF(B7<=5,"Amarillo","Rojo")) | D7: Frentes que aún no empiezas
A8: Cumplimiento de horas | B8: =SUM(Semanas!C4:C19)/SUM(Semanas!B4:B19) | C8: =IF(B8>=0.8,"Verde",IF(B8>=0.6,"Amarillo","Rojo")) | D8: Horas hechas frente a las planeadas
A9: Semanas cumplidas (≥ 80 %) | B9: =COUNTIF(Semanas!E4:E19,"Sí") | C9: =IF(B9>=COUNT(Semanas!B4:B19)*0.75,"Verde",IF(B9>=COUNT(Semanas!B4:B19)*0.5,"Amarillo","Rojo")) | D9: Constancia: cuántas semanas cumpliste el plan
A10: Último simulacro (% de acierto) | B10: =INDEX(Simulacros!D4:D15,COUNT(Simulacros!B4:B15)) | C10: =IF(B10>=C16,"Verde","Amarillo") | D10: Práctica no oficial; compara contra tu propio promedio anterior
A11: Promedio de los tres últimos simulacros | B11: =AVERAGE(INDEX(Simulacros!D4:D15,COUNT(Simulacros!B4:B15)-2):INDEX(Simulacros!D4:D15,COUNT(Simulacros!B4:B15))) | C11: =IF(B11>=B16,"Verde","Amarillo") | D11: Suaviza la variación de un solo simulacro
A12: Cambio entre el primero y el último (puntos %) | B12: =(B10-Simulacros!D4)*100 | C12: =IF(B12>0,"Verde",IF(B12=0,"Amarillo","Rojo")) | D12: Dirección de la tendencia, no un pronóstico
A13: Documentos listos | B13: =COUNTIF(Documentos!B4:B23,"Sí")/COUNTA(Documentos!A4:A23) | C13: =IF(B13=1,"Verde",IF(B13>=0.75,"Amarillo","Rojo")) | D13: Lista de soportes de la inscripción
A14: Documentos aún sin gestionar | B14: =COUNTIF(Documentos!B4:B23,"No") | C14: =IF(B14=0,"Verde","Rojo") | D14: Lo que no has empezado
A16: Promedio de simulacros anteriores (referencia) | B16: =AVERAGE(Simulacros!D4:INDEX(Simulacros!D4:D15,COUNT(Simulacros!B4:B15)-1)) | C16: =B16
A18: Lectura: un indicador rojo no es un fracaso, es una señal de dónde mirar esta semana. Evita convertir un indicador en la meta única (cuando una medida se vuelve la meta, deja de ser buena medida).

Sheet Temas
A1: COBERTURA DE TEMAS (lista de ejemplo: reemplázala con los componentes de tu convocatoria definitiva)
A3: Tema | B3: Componente | C3: Estado
A4: Constitución: derechos de la niñez y educación | B4: Normativa | C4: Dominado
A5: Ley 115 de 1994 (Ley General de Educación) | B5: Normativa | C5: Dominado
A6: Decreto 1075 de 2015 (único del sector) | B6: Normativa | C6: En curso
A7: Estatuto docente y evaluación | B7: Normativa | C7: En curso
A8: Convivencia escolar | B8: Normativa | C8: No iniciado
A9: Educación inclusiva y PIAR | B9: Normativa | C9: En curso
A10: Evaluación formativa | B10: Pedagógico | C10: Dominado
A11: Planeación y currículo | B11: Pedagógico | C11: En curso
A12: Didáctica y aprendizaje | B12: Pedagógico | C12: Dominado
A13: Gestión de aula | B13: Pedagógico | C13: No iniciado
A14: Proporcionalidad y porcentajes | B14: Razonamiento cuantitativo | C14: Dominado
... A21: Dilemas éticos del aula | B21: Juicio situacional | C21: No iniciado

Sheet Semanas
A1: CONSTANCIA: HORAS PLANEADAS Y HECHAS POR SEMANA
A3: Semana | B3: Horas planeadas | C3: Horas hechas | D3: Cumplimiento | E3: ¿Semana cumplida (≥ 80 %)?
A4: 1 | B4: 6 | C4: 5 | D4: =IF(B4="","",C4/B4) | E4: =IF(B4="","",IF(D4>=0.8,"Sí","No"))
A5: 2 | B5: 6 | C5: 6 | D5: =IF(B5="","",C5/B5) | E5: =IF(B5="","",IF(D5>=0.8,"Sí","No"))
A6: 3 | B6: 6 | C6: 3 | D6: =IF(B6="","",C6/B6) | E6: =IF(B6="","",IF(D6>=0.8,"Sí","No"))
A7: 4 | B7: 6 | C7: 6 | D7: =IF(B7="","",C7/B7) | E7: =IF(B7="","",IF(D7>=0.8,"Sí","No"))
A8: 5 | B8: 8 | C8: 8 | D8: =IF(B8="","",C8/B8) | E8: =IF(B8="","",IF(D8>=0.8,"Sí","No"))
A9: 6 | B9: 8 | C9: 7 | D9: =IF(B9="","",C9/B9) | E9: =IF(B9="","",IF(D9>=0.8,"Sí","No"))
A10: 7 | B10: 8 | C10: 4 | D10: =IF(B10="","",C10/B10) | E10: =IF(B10="","",IF(D10>=0.8,"Sí","No"))
A11: 8 | B11: 8 | C11: 8 | D11: =IF(B11="","",C11/B11) | E11: =IF(B11="","",IF(D11>=0.8,"Sí","No"))
D12: =IF(B12="","",C12/B12) | E12: =IF(B12="","",IF(D12>=0.8,"Sí","No"))
D13: =IF(B13="","",C13/B13) | E13: =IF(B13="","",IF(D13>=0.8,"Sí","No"))
D14: =IF(B14="","",C14/B14) | E14: =IF(B14="","",IF(D14>=0.8,"Sí","No"))
D15: =IF(B15="","",C15/B15) | E15: =IF(B15="","",IF(D15>=0.8,"Sí","No"))
D16: =IF(B16="","",C16/B16) | E16: =IF(B16="","",IF(D16>=0.8,"Sí","No"))
D17: =IF(B17="","",C17/B17) | E17: =IF(B17="","",IF(D17>=0.8,"Sí","No"))
D18: =IF(B18="","",C18/B18) | E18: =IF(B18="","",IF(D18>=0.8,"Sí","No"))
D19: =IF(B19="","",C19/B19) | E19: =IF(B19="","",IF(D19>=0.8,"Sí","No"))

Sheet Simulacros
A1: SIMULACROS (práctica no oficial; no predicen el resultado de la prueba real)
A3: Simulacro | B3: Preguntas | C3: Aciertos | D3: % de acierto
A4: 1 | B4: 60 | C4: 29 | D4: =IF(B4="","",C4/B4)
A5: 2 | B5: 60 | C5: 31 | D5: =IF(B5="","",C5/B5)
A6: 3 | B6: 60 | C6: 31 | D6: =IF(B6="","",C6/B6)
A7: 4 | B7: 60 | C7: 35 | D7: =IF(B7="","",C7/B7)
A8: 5 | B8: 60 | C8: 38 | D8: =IF(B8="","",C8/B8)
D9: =IF(B9="","",C9/B9)
D10: =IF(B10="","",C10/B10)
D11: =IF(B11="","",C11/B11)
D12: =IF(B12="","",C12/B12)
D13: =IF(B13="","",C13/B13)
D14: =IF(B14="","",C14/B14)
D15: =IF(B15="","",C15/B15)

Sheet Documentos
A1: DOCUMENTOS PARA LA INSCRIPCIÓN (lista de ejemplo; confirma los requeridos en la convocatoria)
A3: Documento | B3: Estado
A4: Documento de identidad (copia legible) | B4: Sí
A5: Título de pregrado y acta de grado | B5: Sí
A6: Certificados de experiencia con funciones | B6: En trámite
A7: Certificados de formación adicional | B7: Sí
A8: Registro en SIMO con datos verificados | B8: Sí
A9: Soportes de requisitos del empleo elegido | B9: En trámite
A10: Copia de respaldo en nube y disco | B10: No
A11: Calendario de fechas importantes | B11: Sí
