Workbook

Sheet Resumen
A1: RESUMEN DEL PLAN
A3: Actividades en el banco | B3: =COUNTA(Banco!A4:A39)
A4: Actividades elegidas en el plan | B4: =COUNTA(Plan!B4:B18)
A5: Minutos del plan | B5: =SUM(Plan!E4:E18)
A6: Actividades de Recordar | B6: =COUNTIF(Plan!C4:C18,"Recordar")
A7: Actividades de Comprender | B7: =COUNTIF(Plan!C4:C18,"Comprender")
A8: Actividades de Aplicar | B8: =COUNTIF(Plan!C4:C18,"Aplicar")
A9: Actividades de Analizar | B9: =COUNTIF(Plan!C4:C18,"Analizar")
A10: Actividades de Evaluar | B10: =COUNTIF(Plan!C4:C18,"Evaluar")
A11: Actividades de Crear | B11: =COUNTIF(Plan!C4:C18,"Crear")
A12: Niveles de Bloom sin ninguna actividad en el plan | B12: =COUNTIF(B6:B11,0)
A13: Minutos en orden superior (analizar, evaluar, crear) | B13: =SUMIF(Plan!H4:H18,"Sí",Plan!E4:E18)
A14: % de minutos en orden superior | B14: =B13/B5
A15: Actividades de riesgo alto | B15: =COUNTIF(Plan!G4:G18,"Alto")
A16: Actividades con uso de IA de nivel 4 o 5 | B16: =COUNTIF(Plan!F4:F18,">="&4)

Sheet Niveles
A1: LOS SEIS NIVELES DE LA TAXONOMÍA DE BLOOM REVISADA (Anderson y Krathwohl, 2001; Krathwohl, 2002)
A3: Código | B3: Nivel | C3: Verbos típicos | D3: Pregunta guía | E3: ¿Pensamiento de orden superior? (Sí/No)
A4: RE | B4: Recordar | C4: listar, nombrar, definir, ordenar | D4: ¿Puede recuperar lo aprendido? | E4: No
A5: CO | B5: Comprender | C5: explicar, resumir, reformular, ejemplificar | D5: ¿Puede explicarlo con sus palabras? | E5: No
A6: AP | B6: Aplicar | C6: resolver, usar, simular, calcular | D6: ¿Puede usarlo en una situación nueva? | E6: No
A7: AN | B7: Analizar | C7: comparar, descomponer, distinguir, detectar | D7: ¿Puede separar las partes y ver cómo se relacionan? | E7: Sí
A8: EV | B8: Evaluar | C8: juzgar, criticar, justificar, valorar | D8: ¿Puede juzgar con criterios? | E8: Sí
A9: CR | B9: Crear | C9: diseñar, producir, componer, proponer | D9: ¿Puede producir algo nuevo a partir de lo aprendido? | E9: Sí

Sheet Banco
A1: BANCO DE 36 ACTIVIDADES CON IA POR NIVEL DE BLOOM (AIAS = nivel de uso de IA según la escala de la guía: 1 sin IA, 2 ideas, 3 esquemas y notas, 4 retroalimentación y edición, 5 IA total)
A3: ID | B3: Nivel | C3: Actividad | D3: Qué hace la IA | E3: Qué hace el estudiante | F3: Minutos | G3: Rol de la IA | H3: Nivel de uso de IA (1 a 5) | I3: Riesgo | J3: Evidencia que deja
A4: RE1 | B4: Recordar | C4: Práctica de recuperación con tarjetas | D4: Genera 20 preguntas de práctica a partir de los apuntes (sin datos personales) | E4: Responde sin mirar y marca aciertos; repite lo fallado | F4: 15 | G4: Generador de material | H4: 2 | I4: Bajo | J4: Registro de aciertos por sesión
A5: RE2 | B5: Recordar | C5: Quiz en variantes equivalentes | D5: La docente la usa para crear tres versiones del mismo quiz | E5: Responde en clase, sin IA | F5: 10 | G5: Generador de material | H5: 1 | I5: Bajo | J5: Resultados del quiz
A6: RE3 | B6: Recordar | C6: Glosario verificado | D6: Señala imprecisiones en las definiciones escritas por el estudiante | E6: Define 10 términos y corrige con base en la retroalimentación | F6: 20 | G6: Retroalimentador | H6: 4 | I6: Medio | J6: Glosario con correcciones marcadas
A7: RE4 | B7: Recordar | C7: Bingo de conceptos | D7: Genera tarjetas y pistas del bingo | E7: Juega y justifica cada marca | F7: 20 | G7: Generador de material | H7: 2 | I7: Bajo | J7: Tarjeta de bingo con justificaciones
A8: RE5 | B8: Recordar | C8: Mnemotecnias propias | D8: Propone cinco mnemotecnias para un listado | E8: Elige una, la mejora y la prueba con un compañero | F8: 15 | G8: Generador de material | H8: 2 | I8: Bajo | J8: Mnemotecnia final y resultado de la prueba
A9: RE6 | B9: Recordar | C9: Calendario de repasos espaciados | D9: Arma un calendario de repasos antes de la evaluación | E9: Lo ajusta a su horario y lo cumple | F9: 15 | G9: Planificador | H9: 3 | I9: Bajo | J9: Calendario y registro de cumplimiento
A10: CO1 | B10: Comprender | C10: Explícaselo a un niño de 10 años | D10: Actúa como un niño que hace preguntas | E10: Explica el concepto con sus palabras y responde | F10: 20 | G10: Tutor que pregunta | H10: 2 | I10: Medio | J10: Transcripción comentada
A11: CO2 | B11: Comprender | C11: Mi resumen frente al de la IA | D11: Genera un resumen del texto | E11: Escribe el suyo primero y compara qué se perdió | F11: 25 | G11: Objeto de comparación | H11: 3 | I11: Medio | J11: Tabla de diferencias entre ambos resúmenes
A12: CO3 | B12: Comprender | C12: Ejemplos y no ejemplos | D12: Genera tres ejemplos y tres no ejemplos de un concepto | E12: Clasifica y justifica cada uno | F12: 20 | G12: Generador de material | H12: 2 | I12: Bajo | J12: Clasificación justificada
A13: CO4 | B13: Comprender | C13: Cadena de por qués | D13: Formula cinco "por qué" encadenados | E13: Responde cada uno con evidencia o razonamiento | F13: 20 | G13: Tutor que pregunta | H13: 2 | I13: Bajo | J13: Cadena de respuestas
A14: CO5 | B14: Comprender | C14: Un resumen en tres tamaños | D14: Resume en una línea, un párrafo y una página | E14: Identifica qué se pierde en cada tamaño | F14: 20 | G14: Objeto de comparación | H14: 3 | I14: Medio | J14: Lista de pérdidas por tamaño
A15: CO6 | B15: Comprender | C15: Lectura con glosario a su nivel | D15: Adapta el glosario al nivel lector del estudiante | E15: Lee y usa el glosario; explica dos términos | F15: 25 | G15: Apoyo de accesibilidad | H15: 3 | I15: Bajo | J15: Explicación oral de dos términos
... A39: CR6 | B39: Crear | C39: Un tutor que no da la respuesta | D39: Responde como tutor con el prompt de los estudiantes | E39: Diseña y prueba prompts que enseñen sin resolver | F39: 45 | G39: Objeto de diseño | H39: 5 | I39: Alto | J39: Prompt, pruebas y mejoras

Sheet Plan
A1: PLAN DE UNIDAD: ESCRIBE LOS ID DE LAS ACTIVIDADES ELEGIDAS Y MIRA LA COBERTURA POR NIVEL (ejemplo: 8 actividades)
A3: N.º | B3: ID elegido | C3: Nivel | D3: Actividad | E3: Minutos | F3: Nivel de uso de IA | G3: Riesgo | H3: Orden superior
A4: 1 | B4: RE1 | C4: =IF(B4="","",INDEX(Banco!$B$4:$B$39,MATCH(B4,Banco!$A$4:$A$39,0))) | D4: =IF(B4="","",INDEX(Banco!$C$4:$C$39,MATCH(B4,Banco!$A$4:$A$39,0))) | E4: =IF(B4="","",INDEX(Banco!$F$4:$F$39,MATCH(B4,Banco!$A$4:$A$39,0))) | F4: =IF(B4="","",INDEX(Banco!$H$4:$H$39,MATCH(B4,Banco!$A$4:$A$39,0))) | G4: =IF(B4="","",INDEX(Banco!$I$4:$I$39,MATCH(B4,Banco!$A$4:$A$39,0))) | H4: =IF(B4="","",INDEX(Niveles!$E$4:$E$9,MATCH(C4,Niveles!$B$4:$B$9,0)))
A5: 2 | B5: CO4 | C5: =IF(B5="","",INDEX(Banco!$B$4:$B$39,MATCH(B5,Banco!$A$4:$A$39,0))) | D5: =IF(B5="","",INDEX(Banco!$C$4:$C$39,MATCH(B5,Banco!$A$4:$A$39,0))) | E5: =IF(B5="","",INDEX(Banco!$F$4:$F$39,MATCH(B5,Banco!$A$4:$A$39,0))) | F5: =IF(B5="","",INDEX(Banco!$H$4:$H$39,MATCH(B5,Banco!$A$4:$A$39,0))) | G5: =IF(B5="","",INDEX(Banco!$I$4:$I$39,MATCH(B5,Banco!$A$4:$A$39,0))) | H5: =IF(B5="","",INDEX(Niveles!$E$4:$E$9,MATCH(C5,Niveles!$B$4:$B$9,0)))
A6: 3 | B6: AP1 | C6: =IF(B6="","",INDEX(Banco!$B$4:$B$39,MATCH(B6,Banco!$A$4:$A$39,0))) | D6: =IF(B6="","",INDEX(Banco!$C$4:$C$39,MATCH(B6,Banco!$A$4:$A$39,0))) | E6: =IF(B6="","",INDEX(Banco!$F$4:$F$39,MATCH(B6,Banco!$A$4:$A$39,0))) | F6: =IF(B6="","",INDEX(Banco!$H$4:$H$39,MATCH(B6,Banco!$A$4:$A$39,0))) | G6: =IF(B6="","",INDEX(Banco!$I$4:$I$39,MATCH(B6,Banco!$A$4:$A$39,0))) | H6: =IF(B6="","",INDEX(Niveles!$E$4:$E$9,MATCH(C6,Niveles!$B$4:$B$9,0)))
A7: 4 | B7: AP3 | C7: =IF(B7="","",INDEX(Banco!$B$4:$B$39,MATCH(B7,Banco!$A$4:$A$39,0))) | D7: =IF(B7="","",INDEX(Banco!$C$4:$C$39,MATCH(B7,Banco!$A$4:$A$39,0))) | E7: =IF(B7="","",INDEX(Banco!$F$4:$F$39,MATCH(B7,Banco!$A$4:$A$39,0))) | F7: =IF(B7="","",INDEX(Banco!$H$4:$H$39,MATCH(B7,Banco!$A$4:$A$39,0))) | G7: =IF(B7="","",INDEX(Banco!$I$4:$I$39,MATCH(B7,Banco!$A$4:$A$39,0))) | H7: =IF(B7="","",INDEX(Niveles!$E$4:$E$9,MATCH(C7,Niveles!$B$4:$B$9,0)))
A8: 5 | B8: AN2 | C8: =IF(B8="","",INDEX(Banco!$B$4:$B$39,MATCH(B8,Banco!$A$4:$A$39,0))) | D8: =IF(B8="","",INDEX(Banco!$C$4:$C$39,MATCH(B8,Banco!$A$4:$A$39,0))) | E8: =IF(B8="","",INDEX(Banco!$F$4:$F$39,MATCH(B8,Banco!$A$4:$A$39,0))) | F8: =IF(B8="","",INDEX(Banco!$H$4:$H$39,MATCH(B8,Banco!$A$4:$A$39,0))) | G8: =IF(B8="","",INDEX(Banco!$I$4:$I$39,MATCH(B8,Banco!$A$4:$A$39,0))) | H8: =IF(B8="","",INDEX(Niveles!$E$4:$E$9,MATCH(C8,Niveles!$B$4:$B$9,0)))
A9: 6 | B9: AN6 | C9: =IF(B9="","",INDEX(Banco!$B$4:$B$39,MATCH(B9,Banco!$A$4:$A$39,0))) | D9: =IF(B9="","",INDEX(Banco!$C$4:$C$39,MATCH(B9,Banco!$A$4:$A$39,0))) | E9: =IF(B9="","",INDEX(Banco!$F$4:$F$39,MATCH(B9,Banco!$A$4:$A$39,0))) | F9: =IF(B9="","",INDEX(Banco!$H$4:$H$39,MATCH(B9,Banco!$A$4:$A$39,0))) | G9: =IF(B9="","",INDEX(Banco!$I$4:$I$39,MATCH(B9,Banco!$A$4:$A$39,0))) | H9: =IF(B9="","",INDEX(Niveles!$E$4:$E$9,MATCH(C9,Niveles!$B$4:$B$9,0)))
A10: 7 | B10: EV2 | C10: =IF(B10="","",INDEX(Banco!$B$4:$B$39,MATCH(B10,Banco!$A$4:$A$39,0))) | D10: =IF(B10="","",INDEX(Banco!$C$4:$C$39,MATCH(B10,Banco!$A$4:$A$39,0))) | E10: =IF(B10="","",INDEX(Banco!$F$4:$F$39,MATCH(B10,Banco!$A$4:$A$39,0))) | F10: =IF(B10="","",INDEX(Banco!$H$4:$H$39,MATCH(B10,Banco!$A$4:$A$39,0))) | G10: =IF(B10="","",INDEX(Banco!$I$4:$I$39,MATCH(B10,Banco!$A$4:$A$39,0))) | H10: =IF(B10="","",INDEX(Niveles!$E$4:$E$9,MATCH(C10,Niveles!$B$4:$B$9,0)))
A11: 8 | B11: CR6 | C11: =IF(B11="","",INDEX(Banco!$B$4:$B$39,MATCH(B11,Banco!$A$4:$A$39,0))) | D11: =IF(B11="","",INDEX(Banco!$C$4:$C$39,MATCH(B11,Banco!$A$4:$A$39,0))) | E11: =IF(B11="","",INDEX(Banco!$F$4:$F$39,MATCH(B11,Banco!$A$4:$A$39,0))) | F11: =IF(B11="","",INDEX(Banco!$H$4:$H$39,MATCH(B11,Banco!$A$4:$A$39,0))) | G11: =IF(B11="","",INDEX(Banco!$I$4:$I$39,MATCH(B11,Banco!$A$4:$A$39,0))) | H11: =IF(B11="","",INDEX(Niveles!$E$4:$E$9,MATCH(C11,Niveles!$B$4:$B$9,0)))
A12: 9 | C12: =IF(B12="","",INDEX(Banco!$B$4:$B$39,MATCH(B12,Banco!$A$4:$A$39,0))) | D12: =IF(B12="","",INDEX(Banco!$C$4:$C$39,MATCH(B12,Banco!$A$4:$A$39,0))) | E12: =IF(B12="","",INDEX(Banco!$F$4:$F$39,MATCH(B12,Banco!$A$4:$A$39,0))) | F12: =IF(B12="","",INDEX(Banco!$H$4:$H$39,MATCH(B12,Banco!$A$4:$A$39,0))) | G12: =IF(B12="","",INDEX(Banco!$I$4:$I$39,MATCH(B12,Banco!$A$4:$A$39,0))) | H12: =IF(B12="","",INDEX(Niveles!$E$4:$E$9,MATCH(C12,Niveles!$B$4:$B$9,0)))
A13: 10 | C13: =IF(B13="","",INDEX(Banco!$B$4:$B$39,MATCH(B13,Banco!$A$4:$A$39,0))) | D13: =IF(B13="","",INDEX(Banco!$C$4:$C$39,MATCH(B13,Banco!$A$4:$A$39,0))) | E13: =IF(B13="","",INDEX(Banco!$F$4:$F$39,MATCH(B13,Banco!$A$4:$A$39,0))) | F13: =IF(B13="","",INDEX(Banco!$H$4:$H$39,MATCH(B13,Banco!$A$4:$A$39,0))) | G13: =IF(B13="","",INDEX(Banco!$I$4:$I$39,MATCH(B13,Banco!$A$4:$A$39,0))) | H13: =IF(B13="","",INDEX(Niveles!$E$4:$E$9,MATCH(C13,Niveles!$B$4:$B$9,0)))
A14: 11 | C14: =IF(B14="","",INDEX(Banco!$B$4:$B$39,MATCH(B14,Banco!$A$4:$A$39,0))) | D14: =IF(B14="","",INDEX(Banco!$C$4:$C$39,MATCH(B14,Banco!$A$4:$A$39,0))) | E14: =IF(B14="","",INDEX(Banco!$F$4:$F$39,MATCH(B14,Banco!$A$4:$A$39,0))) | F14: =IF(B14="","",INDEX(Banco!$H$4:$H$39,MATCH(B14,Banco!$A$4:$A$39,0))) | G14: =IF(B14="","",INDEX(Banco!$I$4:$I$39,MATCH(B14,Banco!$A$4:$A$39,0))) | H14: =IF(B14="","",INDEX(Niveles!$E$4:$E$9,MATCH(C14,Niveles!$B$4:$B$9,0)))
A15: 12 | C15: =IF(B15="","",INDEX(Banco!$B$4:$B$39,MATCH(B15,Banco!$A$4:$A$39,0))) | D15: =IF(B15="","",INDEX(Banco!$C$4:$C$39,MATCH(B15,Banco!$A$4:$A$39,0))) | E15: =IF(B15="","",INDEX(Banco!$F$4:$F$39,MATCH(B15,Banco!$A$4:$A$39,0))) | F15: =IF(B15="","",INDEX(Banco!$H$4:$H$39,MATCH(B15,Banco!$A$4:$A$39,0))) | G15: =IF(B15="","",INDEX(Banco!$I$4:$I$39,MATCH(B15,Banco!$A$4:$A$39,0))) | H15: =IF(B15="","",INDEX(Niveles!$E$4:$E$9,MATCH(C15,Niveles!$B$4:$B$9,0)))
A16: 13 | C16: =IF(B16="","",INDEX(Banco!$B$4:$B$39,MATCH(B16,Banco!$A$4:$A$39,0))) | D16: =IF(B16="","",INDEX(Banco!$C$4:$C$39,MATCH(B16,Banco!$A$4:$A$39,0))) | E16: =IF(B16="","",INDEX(Banco!$F$4:$F$39,MATCH(B16,Banco!$A$4:$A$39,0))) | F16: =IF(B16="","",INDEX(Banco!$H$4:$H$39,MATCH(B16,Banco!$A$4:$A$39,0))) | G16: =IF(B16="","",INDEX(Banco!$I$4:$I$39,MATCH(B16,Banco!$A$4:$A$39,0))) | H16: =IF(B16="","",INDEX(Niveles!$E$4:$E$9,MATCH(C16,Niveles!$B$4:$B$9,0)))
A17: 14 | C17: =IF(B17="","",INDEX(Banco!$B$4:$B$39,MATCH(B17,Banco!$A$4:$A$39,0))) | D17: =IF(B17="","",INDEX(Banco!$C$4:$C$39,MATCH(B17,Banco!$A$4:$A$39,0))) | E17: =IF(B17="","",INDEX(Banco!$F$4:$F$39,MATCH(B17,Banco!$A$4:$A$39,0))) | F17: =IF(B17="","",INDEX(Banco!$H$4:$H$39,MATCH(B17,Banco!$A$4:$A$39,0))) | G17: =IF(B17="","",INDEX(Banco!$I$4:$I$39,MATCH(B17,Banco!$A$4:$A$39,0))) | H17: =IF(B17="","",INDEX(Niveles!$E$4:$E$9,MATCH(C17,Niveles!$B$4:$B$9,0)))
A18: 15 | C18: =IF(B18="","",INDEX(Banco!$B$4:$B$39,MATCH(B18,Banco!$A$4:$A$39,0))) | D18: =IF(B18="","",INDEX(Banco!$C$4:$C$39,MATCH(B18,Banco!$A$4:$A$39,0))) | E18: =IF(B18="","",INDEX(Banco!$F$4:$F$39,MATCH(B18,Banco!$A$4:$A$39,0))) | F18: =IF(B18="","",INDEX(Banco!$H$4:$H$39,MATCH(B18,Banco!$A$4:$A$39,0))) | G18: =IF(B18="","",INDEX(Banco!$I$4:$I$39,MATCH(B18,Banco!$A$4:$A$39,0))) | H18: =IF(B18="","",INDEX(Niveles!$E$4:$E$9,MATCH(C18,Niveles!$B$4:$B$9,0)))
