Workbook

Sheet Resumen
A1: RESUMEN
A3: Temas evaluados | B3: =COUNTA(Calibracion!A4:A13)
A4: Brecha promedio (predicción menos resultado, en puntos) | B4: =AVERAGE(Calibracion!D4:D13)
A5: Temas en los que sobreestima | B5: =COUNTIF(Calibracion!E4:E13,"Sobreestima")
A6: Temas calibrados | B6: =COUNTIF(Calibracion!E4:E13,"Calibrado")
A7: Temas en los que subestima | B7: =COUNTIF(Calibracion!E4:E13,"Subestima")
A8: Tema con la mayor sobreestimación | B8: =INDEX(Calibracion!A4:A13,MATCH(MAX(Calibracion!D4:D13),Calibracion!D4:D13,0))
A9: Mayor sobreestimación (puntos) | B9: =MAX(Calibracion!D4:D13)
A10: Correlación entre la predicción y el resultado | B10: =CORREL(Calibracion!B4:B13,Calibracion!C4:C13)
A11: Minutos de estudio en la semana | B11: =SUM(Tecnicas!C4:C9)
A12: % de minutos en técnicas de utilidad alta | B12: =SUMIF(Tecnicas!B4:B9,"Alta",Tecnicas!C4:C9)/B11
A13: % de minutos en técnicas de utilidad baja | B13: =SUMIF(Tecnicas!B4:B9,"Baja",Tecnicas!C4:C9)/B11
A14: Sesiones de repaso planeadas | B14: =COUNT(Plan!B4:B9)
A15: Sesiones en fin de semana | B15: =COUNTIF(Plan!F4:F9,"Sí")
A16: Mayor separación entre sesiones (días) | B16: =MAX(Plan!E5:E9)
A17: Menor separación entre sesiones (días) | B17: =MIN(Plan!E5:E9)

Sheet Parametros
A1: PARÁMETROS (editables; datos ficticios de un estudiante)
A3: Margen para considerar una predicción "calibrada" (puntos porcentuales, más o menos) | B3: 10
A4: Fecha de la evaluación | B4: 46492

Sheet Calibracion
A1: CALIBRACIÓN: LO QUE PREDIJE FRENTE A LO QUE OBTUVE
A3: Tema | B3: Predicción (% que creía saber) | C3: Resultado (% obtenido) | D3: Brecha (predicción menos resultado) | E3: Lectura
A4: Tema 1 | B4: 80 | C4: 62 | D4: =B4-C4 | E4: =IF(D4>Parametros!$B$3,"Sobreestima",IF(D4<-Parametros!$B$3,"Subestima","Calibrado"))
A5: Tema 2 | B5: 70 | C5: 70 | D5: =B5-C5 | E5: =IF(D5>Parametros!$B$3,"Sobreestima",IF(D5<-Parametros!$B$3,"Subestima","Calibrado"))
A6: Tema 3 | B6: 90 | C6: 55 | D6: =B6-C6 | E6: =IF(D6>Parametros!$B$3,"Sobreestima",IF(D6<-Parametros!$B$3,"Subestima","Calibrado"))
A7: Tema 4 | B7: 60 | C7: 65 | D7: =B7-C7 | E7: =IF(D7>Parametros!$B$3,"Sobreestima",IF(D7<-Parametros!$B$3,"Subestima","Calibrado"))
A8: Tema 5 | B8: 85 | C8: 72 | D8: =B8-C8 | E8: =IF(D8>Parametros!$B$3,"Sobreestima",IF(D8<-Parametros!$B$3,"Subestima","Calibrado"))
A9: Tema 6 | B9: 75 | C9: 38 | D9: =B9-C9 | E9: =IF(D9>Parametros!$B$3,"Sobreestima",IF(D9<-Parametros!$B$3,"Subestima","Calibrado"))
A10: Tema 7 | B10: 50 | C10: 58 | D10: =B10-C10 | E10: =IF(D10>Parametros!$B$3,"Sobreestima",IF(D10<-Parametros!$B$3,"Subestima","Calibrado"))
A11: Tema 8 | B11: 95 | C11: 88 | D11: =B11-C11 | E11: =IF(D11>Parametros!$B$3,"Sobreestima",IF(D11<-Parametros!$B$3,"Subestima","Calibrado"))
A12: Tema 9 | B12: 65 | C12: 45 | D12: =B12-C12 | E12: =IF(D12>Parametros!$B$3,"Sobreestima",IF(D12<-Parametros!$B$3,"Subestima","Calibrado"))
A13: Tema 10 | B13: 70 | C13: 68 | D13: =B13-C13 | E13: =IF(D13>Parametros!$B$3,"Sobreestima",IF(D13<-Parametros!$B$3,"Subestima","Calibrado"))

Sheet Tecnicas
A1: TÉCNICAS DE ESTUDIO DE UNA SEMANA (minutos) Y SU UTILIDAD SEGÚN LA REVISIÓN DE DUNLOSKY Y COLEGAS (2013)
A3: Técnica | B3: Utilidad (Alta, Moderada o Baja) | C3: Minutos en la semana
A4: Releer el texto | B4: Baja | C4: 240
A5: Subrayar | B5: Baja | C5: 150
A6: Hacer resúmenes | B6: Baja | C6: 120
A7: Autoexamen con tarjetas o preguntas | B7: Alta | C7: 90
A8: Explicarse en voz alta (autoexplicación) | B8: Moderada | C8: 60
A9: Mezclar tipos de problemas (intercalar) | B9: Moderada | C9: 30

Sheet Plan
A1: PLAN DE REPASO ESPACIADO (días antes de la evaluación; editables)
A3: Sesión | B3: Días antes de la evaluación | C3: Fecha | D3: Día de la semana (1 = lunes) | E3: Días desde la sesión anterior | F3: Fin de semana
A4: 1 | B4: 35 | C4: =Parametros!$B$4-B4 | D4: =WEEKDAY(C4,2) | F4: =IF(D4>5,"Sí","No")
A5: 2 | B5: 21 | C5: =Parametros!$B$4-B5 | D5: =WEEKDAY(C5,2) | E5: =C5-C4 | F5: =IF(D5>5,"Sí","No")
A6: 3 | B6: 14 | C6: =Parametros!$B$4-B6 | D6: =WEEKDAY(C6,2) | E6: =C6-C5 | F6: =IF(D6>5,"Sí","No")
A7: 4 | B7: 7 | C7: =Parametros!$B$4-B7 | D7: =WEEKDAY(C7,2) | E7: =C7-C6 | F7: =IF(D7>5,"Sí","No")
A8: 5 | B8: 5 | C8: =Parametros!$B$4-B8 | D8: =WEEKDAY(C8,2) | E8: =C8-C7 | F8: =IF(D8>5,"Sí","No")
A9: 6 | B9: 1 | C9: =Parametros!$B$4-B9 | D9: =WEEKDAY(C9,2) | E9: =C9-C8 | F9: =IF(D9>5,"Sí","No")
