Workbook

Sheet Parametros
A1: PARÁMETROS (editables; deben coincidir con lo que diga el SIEE y se acuerde con el grupo antes de la actividad)
A3: Integrantes por grupo (esta plantilla: 4) | B3: 4
A4: Factor mínimo del ajuste | B4: 0.8
A5: Factor máximo del ajuste | B5: 1.2
A6: Nota mínima de la escala | B6: 1
A7: Nota máxima de la escala | B7: 5
A9: Cada integrante reparte 100 puntos entre todos los integrantes de su grupo (incluido él o ella) según la contribución al trabajo, con criterios acordados de antemano.
A10: El factor 1,0 significa una contribución igual a la del promedio del grupo. El ajuste acotado evita notas extremas por una sola evaluación entre pares.

Sheet Resumen
A1: RESUMEN
A3: Integrantes evaluados | B3: =COUNT(Resultados!A4:A15)
A4: Evaluaciones con suma distinta de 100 | B4: =COUNTIF(Evaluaciones!H4:H15,"La suma*")
A5: Integrantes con factor (sin autoevaluación) menor que 0,8 | B5: =COUNTIF(Resultados!G4:G15,"<"&Parametros!B4)
A6: Integrantes con factor mayor que 1,2 | B6: =COUNTIF(Resultados!G4:G15,">"&Parametros!B5)
A7: Menor factor sin autoevaluación | B7: =MIN(Resultados!G4:G15)
A8: Mayor factor sin autoevaluación | B8: =MAX(Resultados!G4:G15)
A9: Menor nota individual con factor acotado | B9: =MIN(Resultados!J4:J15)
A10: Mayor nota individual con factor acotado | B10: =MAX(Resultados!J4:J15)
A11: Integrantes cuya nota baja más de 0,3 frente a la del grupo | B11: =COUNTIF(Resultados!K4:K15,"<"&-0.3)
A12: Grupos en los que todos aportan por igual (factores entre 0,95 y 1,05) | B12: =SUMPRODUCT(--(COUNTIFS(Resultados!A4:A15,{1,2,3},Resultados!G4:G15,">="&0.95,Resultados!G4:G15,"<="&1.05)=4))

Sheet Evaluaciones
A1: EVALUACIÓN ENTRE PARES (ejemplo ficticio: 3 grupos de 4; cada fila reparte 100 puntos entre los integrantes del grupo)
A3: Grupo | B3: Evaluador (miembro) | C3: Puntos a M1 | D3: Puntos a M2 | E3: Puntos a M3 | F3: Puntos a M4 | G3: Suma | H3: Control
A4: 1 | B4: 1 | C4: 25 | D4: 25 | E4: 25 | F4: 25 | G4: =SUM(C4:F4) | H4: =IF(G4=100,"OK","La suma debe ser 100")
A5: 1 | B5: 2 | C5: 20 | D5: 30 | E5: 25 | F5: 25 | G5: =SUM(C5:F5) | H5: =IF(G5=100,"OK","La suma debe ser 100")
A6: 1 | B6: 3 | C6: 25 | D6: 25 | E6: 25 | F6: 25 | G6: =SUM(C6:F6) | H6: =IF(G6=100,"OK","La suma debe ser 100")
A7: 1 | B7: 4 | C7: 20 | D7: 30 | E7: 25 | F7: 25 | G7: =SUM(C7:F7) | H7: =IF(G7=100,"OK","La suma debe ser 100")
A8: 2 | B8: 1 | C8: 35 | D8: 35 | E8: 25 | F8: 5 | G8: =SUM(C8:F8) | H8: =IF(G8=100,"OK","La suma debe ser 100")
A9: 2 | B9: 2 | C9: 30 | D9: 40 | E9: 25 | F9: 5 | G9: =SUM(C9:F9) | H9: =IF(G9=100,"OK","La suma debe ser 100")
A10: 2 | B10: 3 | C10: 25 | D10: 25 | E10: 40 | F10: 10 | G10: =SUM(C10:F10) | H10: =IF(G10=100,"OK","La suma debe ser 100")
A11: 2 | B11: 4 | C11: 30 | D11: 30 | E11: 30 | F11: 10 | G11: =SUM(C11:F11) | H11: =IF(G11=100,"OK","La suma debe ser 100")
A12: 3 | B12: 1 | C12: 25 | D12: 25 | E12: 25 | F12: 25 | G12: =SUM(C12:F12) | H12: =IF(G12=100,"OK","La suma debe ser 100")
A13: 3 | B13: 2 | C13: 25 | D13: 25 | E13: 25 | F13: 25 | G13: =SUM(C13:F13) | H13: =IF(G13=100,"OK","La suma debe ser 100")
A14: 3 | B14: 3 | C14: 25 | D14: 25 | E14: 25 | F14: 25 | G14: =SUM(C14:F14) | H14: =IF(G14=100,"OK","La suma debe ser 100")
A15: 3 | B15: 4 | C15: 25 | D15: 25 | E15: 25 | F15: 25 | G15: =SUM(C15:F15) | H15: =IF(G15=100,"OK","La suma debe ser 100")

Sheet Notas_grupales
A1: Grupo | B1: Nota del producto del grupo (1,0 a 5,0)
A2: 1 | B2: 4.2
A3: 2 | B3: 3.8
A4: 3 | B4: 4.6

Sheet Resultados
A1: RESULTADOS: FACTOR DE CONTRIBUCIÓN Y NOTA INDIVIDUAL (úsalos como punto de partida para una conversación, no como veredicto)
A3: Grupo | B3: Miembro | C3: Nota del grupo | D3: Puntos promedio recibidos (con autoevaluación) | E3: Factor con autoevaluación | F3: Puntos promedio de los demás (sin autoevaluación) | G3: Factor sin autoevaluación | H3: Factor acotado (sin autoevaluación) | I3: Nota individual sin acotar | J3: Nota individual con factor acotado | K3: Diferencia con la nota del grupo
A4: 1 | B4: 1 | C4: =VLOOKUP(A4,Notas_grupales!$A$2:$B$4,2,FALSE) | D4: =AVERAGEIFS(INDEX(Evaluaciones!$C$4:$F$15,0,B4),Evaluaciones!$A$4:$A$15,A4) | E4: =D4*Parametros!$B$3/100 | F4: =(SUMIFS(INDEX(Evaluaciones!$C$4:$F$15,0,B4),Evaluaciones!$A$4:$A$15,A4)-INDEX(Evaluaciones!$C$4:$F$15,(A4-1)*4+B4,B4))/(Parametros!$B$3-1) | G4: =F4*Parametros!$B$3/100 | H4: =MIN(Parametros!$B$5,MAX(Parametros!$B$4,G4)) | I4: =MIN(Parametros!$B$7,MAX(Parametros!$B$6,C4*G4)) | J4: =MIN(Parametros!$B$7,MAX(Parametros!$B$6,C4*H4)) | K4: =J4-C4
A5: 1 | B5: 2 | C5: =VLOOKUP(A5,Notas_grupales!$A$2:$B$4,2,FALSE) | D5: =AVERAGEIFS(INDEX(Evaluaciones!$C$4:$F$15,0,B5),Evaluaciones!$A$4:$A$15,A5) | E5: =D5*Parametros!$B$3/100 | F5: =(SUMIFS(INDEX(Evaluaciones!$C$4:$F$15,0,B5),Evaluaciones!$A$4:$A$15,A5)-INDEX(Evaluaciones!$C$4:$F$15,(A5-1)*4+B5,B5))/(Parametros!$B$3-1) | G5: =F5*Parametros!$B$3/100 | H5: =MIN(Parametros!$B$5,MAX(Parametros!$B$4,G5)) | I5: =MIN(Parametros!$B$7,MAX(Parametros!$B$6,C5*G5)) | J5: =MIN(Parametros!$B$7,MAX(Parametros!$B$6,C5*H5)) | K5: =J5-C5
A6: 1 | B6: 3 | C6: =VLOOKUP(A6,Notas_grupales!$A$2:$B$4,2,FALSE) | D6: =AVERAGEIFS(INDEX(Evaluaciones!$C$4:$F$15,0,B6),Evaluaciones!$A$4:$A$15,A6) | E6: =D6*Parametros!$B$3/100 | F6: =(SUMIFS(INDEX(Evaluaciones!$C$4:$F$15,0,B6),Evaluaciones!$A$4:$A$15,A6)-INDEX(Evaluaciones!$C$4:$F$15,(A6-1)*4+B6,B6))/(Parametros!$B$3-1) | G6: =F6*Parametros!$B$3/100 | H6: =MIN(Parametros!$B$5,MAX(Parametros!$B$4,G6)) | I6: =MIN(Parametros!$B$7,MAX(Parametros!$B$6,C6*G6)) | J6: =MIN(Parametros!$B$7,MAX(Parametros!$B$6,C6*H6)) | K6: =J6-C6
A7: 1 | B7: 4 | C7: =VLOOKUP(A7,Notas_grupales!$A$2:$B$4,2,FALSE) | D7: =AVERAGEIFS(INDEX(Evaluaciones!$C$4:$F$15,0,B7),Evaluaciones!$A$4:$A$15,A7) | E7: =D7*Parametros!$B$3/100 | F7: =(SUMIFS(INDEX(Evaluaciones!$C$4:$F$15,0,B7),Evaluaciones!$A$4:$A$15,A7)-INDEX(Evaluaciones!$C$4:$F$15,(A7-1)*4+B7,B7))/(Parametros!$B$3-1) | G7: =F7*Parametros!$B$3/100 | H7: =MIN(Parametros!$B$5,MAX(Parametros!$B$4,G7)) | I7: =MIN(Parametros!$B$7,MAX(Parametros!$B$6,C7*G7)) | J7: =MIN(Parametros!$B$7,MAX(Parametros!$B$6,C7*H7)) | K7: =J7-C7
A8: 2 | B8: 1 | C8: =VLOOKUP(A8,Notas_grupales!$A$2:$B$4,2,FALSE) | D8: =AVERAGEIFS(INDEX(Evaluaciones!$C$4:$F$15,0,B8),Evaluaciones!$A$4:$A$15,A8) | E8: =D8*Parametros!$B$3/100 | F8: =(SUMIFS(INDEX(Evaluaciones!$C$4:$F$15,0,B8),Evaluaciones!$A$4:$A$15,A8)-INDEX(Evaluaciones!$C$4:$F$15,(A8-1)*4+B8,B8))/(Parametros!$B$3-1) | G8: =F8*Parametros!$B$3/100 | H8: =MIN(Parametros!$B$5,MAX(Parametros!$B$4,G8)) | I8: =MIN(Parametros!$B$7,MAX(Parametros!$B$6,C8*G8)) | J8: =MIN(Parametros!$B$7,MAX(Parametros!$B$6,C8*H8)) | K8: =J8-C8
A9: 2 | B9: 2 | C9: =VLOOKUP(A9,Notas_grupales!$A$2:$B$4,2,FALSE) | D9: =AVERAGEIFS(INDEX(Evaluaciones!$C$4:$F$15,0,B9),Evaluaciones!$A$4:$A$15,A9) | E9: =D9*Parametros!$B$3/100 | F9: =(SUMIFS(INDEX(Evaluaciones!$C$4:$F$15,0,B9),Evaluaciones!$A$4:$A$15,A9)-INDEX(Evaluaciones!$C$4:$F$15,(A9-1)*4+B9,B9))/(Parametros!$B$3-1) | G9: =F9*Parametros!$B$3/100 | H9: =MIN(Parametros!$B$5,MAX(Parametros!$B$4,G9)) | I9: =MIN(Parametros!$B$7,MAX(Parametros!$B$6,C9*G9)) | J9: =MIN(Parametros!$B$7,MAX(Parametros!$B$6,C9*H9)) | K9: =J9-C9
A10: 2 | B10: 3 | C10: =VLOOKUP(A10,Notas_grupales!$A$2:$B$4,2,FALSE) | D10: =AVERAGEIFS(INDEX(Evaluaciones!$C$4:$F$15,0,B10),Evaluaciones!$A$4:$A$15,A10) | E10: =D10*Parametros!$B$3/100 | F10: =(SUMIFS(INDEX(Evaluaciones!$C$4:$F$15,0,B10),Evaluaciones!$A$4:$A$15,A10)-INDEX(Evaluaciones!$C$4:$F$15,(A10-1)*4+B10,B10))/(Parametros!$B$3-1) | G10: =F10*Parametros!$B$3/100 | H10: =MIN(Parametros!$B$5,MAX(Parametros!$B$4,G10)) | I10: =MIN(Parametros!$B$7,MAX(Parametros!$B$6,C10*G10)) | J10: =MIN(Parametros!$B$7,MAX(Parametros!$B$6,C10*H10)) | K10: =J10-C10
A11: 2 | B11: 4 | C11: =VLOOKUP(A11,Notas_grupales!$A$2:$B$4,2,FALSE) | D11: =AVERAGEIFS(INDEX(Evaluaciones!$C$4:$F$15,0,B11),Evaluaciones!$A$4:$A$15,A11) | E11: =D11*Parametros!$B$3/100 | F11: =(SUMIFS(INDEX(Evaluaciones!$C$4:$F$15,0,B11),Evaluaciones!$A$4:$A$15,A11)-INDEX(Evaluaciones!$C$4:$F$15,(A11-1)*4+B11,B11))/(Parametros!$B$3-1) | G11: =F11*Parametros!$B$3/100 | H11: =MIN(Parametros!$B$5,MAX(Parametros!$B$4,G11)) | I11: =MIN(Parametros!$B$7,MAX(Parametros!$B$6,C11*G11)) | J11: =MIN(Parametros!$B$7,MAX(Parametros!$B$6,C11*H11)) | K11: =J11-C11
A12: 3 | B12: 1 | C12: =VLOOKUP(A12,Notas_grupales!$A$2:$B$4,2,FALSE) | D12: =AVERAGEIFS(INDEX(Evaluaciones!$C$4:$F$15,0,B12),Evaluaciones!$A$4:$A$15,A12) | E12: =D12*Parametros!$B$3/100 | F12: =(SUMIFS(INDEX(Evaluaciones!$C$4:$F$15,0,B12),Evaluaciones!$A$4:$A$15,A12)-INDEX(Evaluaciones!$C$4:$F$15,(A12-1)*4+B12,B12))/(Parametros!$B$3-1) | G12: =F12*Parametros!$B$3/100 | H12: =MIN(Parametros!$B$5,MAX(Parametros!$B$4,G12)) | I12: =MIN(Parametros!$B$7,MAX(Parametros!$B$6,C12*G12)) | J12: =MIN(Parametros!$B$7,MAX(Parametros!$B$6,C12*H12)) | K12: =J12-C12
A13: 3 | B13: 2 | C13: =VLOOKUP(A13,Notas_grupales!$A$2:$B$4,2,FALSE) | D13: =AVERAGEIFS(INDEX(Evaluaciones!$C$4:$F$15,0,B13),Evaluaciones!$A$4:$A$15,A13) | E13: =D13*Parametros!$B$3/100 | F13: =(SUMIFS(INDEX(Evaluaciones!$C$4:$F$15,0,B13),Evaluaciones!$A$4:$A$15,A13)-INDEX(Evaluaciones!$C$4:$F$15,(A13-1)*4+B13,B13))/(Parametros!$B$3-1) | G13: =F13*Parametros!$B$3/100 | H13: =MIN(Parametros!$B$5,MAX(Parametros!$B$4,G13)) | I13: =MIN(Parametros!$B$7,MAX(Parametros!$B$6,C13*G13)) | J13: =MIN(Parametros!$B$7,MAX(Parametros!$B$6,C13*H13)) | K13: =J13-C13
A14: 3 | B14: 3 | C14: =VLOOKUP(A14,Notas_grupales!$A$2:$B$4,2,FALSE) | D14: =AVERAGEIFS(INDEX(Evaluaciones!$C$4:$F$15,0,B14),Evaluaciones!$A$4:$A$15,A14) | E14: =D14*Parametros!$B$3/100 | F14: =(SUMIFS(INDEX(Evaluaciones!$C$4:$F$15,0,B14),Evaluaciones!$A$4:$A$15,A14)-INDEX(Evaluaciones!$C$4:$F$15,(A14-1)*4+B14,B14))/(Parametros!$B$3-1) | G14: =F14*Parametros!$B$3/100 | H14: =MIN(Parametros!$B$5,MAX(Parametros!$B$4,G14)) | I14: =MIN(Parametros!$B$7,MAX(Parametros!$B$6,C14*G14)) | J14: =MIN(Parametros!$B$7,MAX(Parametros!$B$6,C14*H14)) | K14: =J14-C14
A15: 3 | B15: 4 | C15: =VLOOKUP(A15,Notas_grupales!$A$2:$B$4,2,FALSE) | D15: =AVERAGEIFS(INDEX(Evaluaciones!$C$4:$F$15,0,B15),Evaluaciones!$A$4:$A$15,A15) | E15: =D15*Parametros!$B$3/100 | F15: =(SUMIFS(INDEX(Evaluaciones!$C$4:$F$15,0,B15),Evaluaciones!$A$4:$A$15,A15)-INDEX(Evaluaciones!$C$4:$F$15,(A15-1)*4+B15,B15))/(Parametros!$B$3-1) | G15: =F15*Parametros!$B$3/100 | H15: =MIN(Parametros!$B$5,MAX(Parametros!$B$4,G15)) | I15: =MIN(Parametros!$B$7,MAX(Parametros!$B$6,C15*G15)) | J15: =MIN(Parametros!$B$7,MAX(Parametros!$B$6,C15*H15)) | K15: =J15-C15
