Workbook

Sheet Resumen
A1: RESUMEN DEL DIAGNÓSTICO
A3: Estudiantes | B3: =COUNTA(Respuestas!A5:A34)
A4: Respuestas correctas del grupo (%) | B4: =SUM(Estudiantes!B4:B33)/(B3*8)
A5: Respuestas basadas en una idea previa (%) | B5: =SUM(Estudiantes!C4:C33)/(B3*8)
A6: Preguntas en las que la idea previa supera a la correcta | B6: =COUNTIF(Analisis!J4:J11,"La idea previa supera*")
A7: Estudiantes con 5 o más respuestas con ideas previas | B7: =COUNTIF(Estudiantes!E4:E33,"Ideas previas muy arraigadas")
A8: Idea previa más frecuente (código) | B8: =INDEX(Analisis!I4:I11,MATCH(MAX(Analisis!H4:H11),Analisis!H4:H11,0))

Sheet Preguntas
A1: BANCO DE PREGUNTAS DIAGNÓSTICAS DE CIENCIAS (ejemplo: cada distractor representa una idea previa frecuente; la etiqueta indica cuál)
A3: N.º | B3: Tema | C3: Pregunta | D3: Opción A | E3: Etiqueta A | F3: Opción B | G3: Etiqueta B | H3: Opción C | I3: Etiqueta C | J3: Opción D | K3: Etiqueta D | L3: Clave (calculada) | M3: Letra de la idea previa (calculada)
A4: 1 | B4: Estaciones | C4: ¿Por qué hay verano e invierno en la Tierra? | D4: La Tierra está más cerca del Sol en verano y más lejos en invierno | E4: C1 | F4: La inclinación del eje terrestre cambia la inclinación de los rayos solares y la duración de los días | G4: OK | H4: La Luna tapa parte de la luz del Sol en invierno | J4: Las nubes cambian con las estaciones y dejan pasar más o menos calor | L4: =IF(E4="OK","A",IF(G4="OK","B",IF(I4="OK","C",IF(K4="OK","D","")))) | M4: =IF(LEFT(E4,1)="C","A",IF(LEFT(G4,1)="C","B",IF(LEFT(I4,1)="C","C",IF(LEFT(K4,1)="C","D",""))))
A5: 2 | B5: Fases de la Luna | C5: ¿Por qué vemos fases de la Luna? | D5: La sombra de la Tierra tapa una parte de la Luna | E5: C2 | F5: Desde la Tierra vemos distintas partes de la mitad iluminada de la Luna | G5: OK | H5: Las nubes tapan parte de la Luna | J5: La Luna cambia de forma durante el mes | L5: =IF(E5="OK","A",IF(G5="OK","B",IF(I5="OK","C",IF(K5="OK","D","")))) | M5: =IF(LEFT(E5,1)="C","A",IF(LEFT(G5,1)="C","B",IF(LEFT(I5,1)="C","C",IF(LEFT(K5,1)="C","D",""))))
A6: 3 | B6: Caída de objetos | C6: En un tubo del que se sacó el aire se sueltan a la vez una pluma y una piedra desde la misma altura. ¿Qué ocurre? | D6: La piedra llega primero porque es más pesada | E6: C3 | F6: Llegan al mismo tiempo | G6: OK | H6: La pluma llega primero porque es más liviana | J6: Depende del tamaño de cada objeto y no se puede saber | L6: =IF(E6="OK","A",IF(G6="OK","B",IF(I6="OK","C",IF(K6="OK","D","")))) | M6: =IF(LEFT(E6,1)="C","A",IF(LEFT(G6,1)="C","B",IF(LEFT(I6,1)="C","C",IF(LEFT(K6,1)="C","D",""))))
A7: 4 | B7: Circuito eléctrico | C7: En un circuito simple con una pila y un bombillo encendido, la corriente eléctrica... | D7: Se va gastando en el bombillo: vuelve a la pila menor que la que salió | E7: C4 | F7: Es la misma en todos los puntos del circuito | G7: OK | H7: Sale solo por uno de los polos de la pila | J7: Vuelve a la pila mayor que la que salió | L7: =IF(E7="OK","A",IF(G7="OK","B",IF(I7="OK","C",IF(K7="OK","D","")))) | M7: =IF(LEFT(E7,1)="C","A",IF(LEFT(G7,1)="C","B",IF(LEFT(I7,1)="C","C",IF(LEFT(K7,1)="C","D",""))))
A8: 5 | B8: Origen de la masa de una planta | C8: Un árbol crece y aumenta su masa. ¿De dónde viene la mayor parte de esa masa? | D8: Del suelo, que va perdiendo tierra | E8: C5 | F8: Del dióxido de carbono del aire y del agua | G8: OK | H8: De la luz del Sol | J8: De los abonos que se le agregan | L8: =IF(E8="OK","A",IF(G8="OK","B",IF(I8="OK","C",IF(K8="OK","D","")))) | M8: =IF(LEFT(E8,1)="C","A",IF(LEFT(G8,1)="C","B",IF(LEFT(I8,1)="C","C",IF(LEFT(K8,1)="C","D",""))))
A9: 6 | B9: Fuerza y movimiento | C9: Un carrito se mueve en línea recta a velocidad constante sobre una superficie sin fricción. Sobre él actúa... | D9: Una fuerza constante en la dirección del movimiento | E9: C6 | F9: Ninguna fuerza neta | G9: OK | H9: Una fuerza que va disminuyendo | J9: Una fuerza hacia atrás que lo frena poco a poco | L9: =IF(E9="OK","A",IF(G9="OK","B",IF(I9="OK","C",IF(K9="OK","D","")))) | M9: =IF(LEFT(E9,1)="C","A",IF(LEFT(G9,1)="C","B",IF(LEFT(I9,1)="C","C",IF(LEFT(K9,1)="C","D",""))))
A10: 7 | B10: Agua que hierve | C10: Cuando el agua hierve en una olla se forman burbujas. ¿Qué hay dentro de ellas? | D10: Aire | E10: C7 | F10: Vapor de agua | G10: OK | H10: Oxígeno e hidrógeno separados | J10: Nada: están vacías | L10: =IF(E10="OK","A",IF(G10="OK","B",IF(I10="OK","C",IF(K10="OK","D","")))) | M10: =IF(LEFT(E10,1)="C","A",IF(LEFT(G10,1)="C","B",IF(LEFT(I10,1)="C","C",IF(LEFT(K10,1)="C","D",""))))
A11: 8 | B11: Calor y temperatura | C11: Un trozo de metal y uno de madera llevan horas en la misma habitación. Al tocarlos, el metal se siente más frío porque... | D11: El metal tiene una temperatura menor que la madera | E11: C8 | F11: El metal conduce el calor de la mano más rápido que la madera | G11: OK | H11: La madera produce calor | J11: El metal absorbe el frío del ambiente | L11: =IF(E11="OK","A",IF(G11="OK","B",IF(I11="OK","C",IF(K11="OK","D","")))) | M11: =IF(LEFT(E11,1)="C","A",IF(LEFT(G11,1)="C","B",IF(LEFT(I11,1)="C","C",IF(LEFT(K11,1)="C","D",""))))

Sheet Concepciones
A1: CATÁLOGO DE IDEAS PREVIAS (concepciones alternativas frecuentes en la literatura; verifica con tus estudiantes)
A3: Código | B3: Idea previa
A4: C1 | B4: Las estaciones se deben a la distancia al Sol
A5: C2 | B5: Las fases de la Luna las produce la sombra de la Tierra
A6: C3 | B6: Los objetos más pesados caen más rápido
A7: C4 | B7: La corriente se gasta en el bombillo
A8: C5 | B8: Las plantas crecen con la tierra del suelo
A9: C6 | B9: Se necesita una fuerza para mantener el movimiento
A10: C7 | B10: Las burbujas del agua hirviendo son de aire
A11: C8 | B11: La sensación de frío indica la temperatura del objeto

Sheet Respuestas
A1: RESPUESTAS DEL GRUPO (ejemplo ficticio: 30 estudiantes, 8 preguntas)
A2: Estudiante | B2: 1 | C2: 2 | D2: 3 | E2: 4 | F2: 5 | G2: 6 | H2: 7 | I2: 8
A3: Clave | B3: =Preguntas!L4 | C3: =Preguntas!L5 | D3: =Preguntas!L6 | E3: =Preguntas!L7 | F3: =Preguntas!L8 | G3: =Preguntas!L9 | H3: =Preguntas!L10 | I3: =Preguntas!L11
A4: Idea previa | B4: =Preguntas!M4 | C4: =Preguntas!M5 | D4: =Preguntas!M6 | E4: =Preguntas!M7 | F4: =Preguntas!M8 | G4: =Preguntas!M9 | H4: =Preguntas!M10 | I4: =Preguntas!M11
A5: E01 | B5: A | C5: B | D5: A | E5: B | F5: A | G5: A | H5: B | I5: A
A6: E02 | B6: B | C6: A | D6: B | E6: B | F6: A | G6: C | H6: C | I6: A
A7: E03 | B7: A | C7: C | D7: A | E7: B | F7: A | G7: A | H7: A | I7: A
A8: E04 | B8: A | C8: B | D8: A | E8: B | F8: B | G8: A | H8: A | I8: A
A9: E05 | B9: A | C9: A | D9: A | E9: A | F9: D | G9: B | H9: A | I9: A
A10: E06 | B10: A | C10: A | D10: A | E10: D | F10: A | G10: C | H10: A | I10: B
A11: E07 | B11: A | C11: D | D11: B | E11: A | F11: A | G11: A | H11: D | I11: B
A12: E08 | B12: A | C12: A | D12: A | E12: B | F12: B | G12: B | H12: A | I12: B
A13: E09 | B13: A | C13: A | D13: A | E13: A | F13: A | G13: A | H13: D | I13: B
A14: E10 | B14: A | C14: B | D14: B | E14: B | F14: A | G14: B | H14: B | I14: A
A15: E11 | B15: C | C15: B | D15: A | E15: A | F15: B | G15: A | H15: A | I15: A
A16: E12 | B16: D | C16: C | D16: B | E16: B | F16: A | G16: B | H16: A | I16: B
... A34: E30 | B34: B | C34: A | D34: B | E34: A | F34: D | G34: A | H34: A | I34: D

Sheet Analisis
A1: ANÁLISIS POR PREGUNTA: CUÁNTOS ELIGIERON CADA OPCIÓN
A3: N.º | B3: Tema | C3: A | D3: B | E3: C | F3: D | G3: % correcta | H3: % idea previa | I3: Idea previa dominante (código) | J3: Lectura
A4: 1 | B4: =Preguntas!B4 | C4: =COUNTIF(Respuestas!$B$5:$B$34,"A") | D4: =COUNTIF(Respuestas!$B$5:$B$34,"B") | E4: =COUNTIF(Respuestas!$B$5:$B$34,"C") | F4: =COUNTIF(Respuestas!$B$5:$B$34,"D") | G4: =COUNTIF(Respuestas!$B$5:$B$34,Respuestas!B$3)/30 | H4: =IF(Respuestas!B$4="",0,COUNTIF(Respuestas!$B$5:$B$34,Respuestas!B$4)/30) | I4: =IF(LEFT(Preguntas!E4,1)="C",Preguntas!E4,IF(LEFT(Preguntas!G4,1)="C",Preguntas!G4,IF(LEFT(Preguntas!I4,1)="C",Preguntas!I4,IF(LEFT(Preguntas!K4,1)="C",Preguntas!K4,"")))) | J4: =IF(H4>G4,"La idea previa supera a la respuesta correcta",IF(H4>=0.3,"La idea previa es frecuente","Sin concentración en una idea previa"))
A5: 2 | B5: =Preguntas!B5 | C5: =COUNTIF(Respuestas!$C$5:$C$34,"A") | D5: =COUNTIF(Respuestas!$C$5:$C$34,"B") | E5: =COUNTIF(Respuestas!$C$5:$C$34,"C") | F5: =COUNTIF(Respuestas!$C$5:$C$34,"D") | G5: =COUNTIF(Respuestas!$C$5:$C$34,Respuestas!C$3)/30 | H5: =IF(Respuestas!C$4="",0,COUNTIF(Respuestas!$C$5:$C$34,Respuestas!C$4)/30) | I5: =IF(LEFT(Preguntas!E5,1)="C",Preguntas!E5,IF(LEFT(Preguntas!G5,1)="C",Preguntas!G5,IF(LEFT(Preguntas!I5,1)="C",Preguntas!I5,IF(LEFT(Preguntas!K5,1)="C",Preguntas!K5,"")))) | J5: =IF(H5>G5,"La idea previa supera a la respuesta correcta",IF(H5>=0.3,"La idea previa es frecuente","Sin concentración en una idea previa"))
A6: 3 | B6: =Preguntas!B6 | C6: =COUNTIF(Respuestas!$D$5:$D$34,"A") | D6: =COUNTIF(Respuestas!$D$5:$D$34,"B") | E6: =COUNTIF(Respuestas!$D$5:$D$34,"C") | F6: =COUNTIF(Respuestas!$D$5:$D$34,"D") | G6: =COUNTIF(Respuestas!$D$5:$D$34,Respuestas!D$3)/30 | H6: =IF(Respuestas!D$4="",0,COUNTIF(Respuestas!$D$5:$D$34,Respuestas!D$4)/30) | I6: =IF(LEFT(Preguntas!E6,1)="C",Preguntas!E6,IF(LEFT(Preguntas!G6,1)="C",Preguntas!G6,IF(LEFT(Preguntas!I6,1)="C",Preguntas!I6,IF(LEFT(Preguntas!K6,1)="C",Preguntas!K6,"")))) | J6: =IF(H6>G6,"La idea previa supera a la respuesta correcta",IF(H6>=0.3,"La idea previa es frecuente","Sin concentración en una idea previa"))
A7: 4 | B7: =Preguntas!B7 | C7: =COUNTIF(Respuestas!$E$5:$E$34,"A") | D7: =COUNTIF(Respuestas!$E$5:$E$34,"B") | E7: =COUNTIF(Respuestas!$E$5:$E$34,"C") | F7: =COUNTIF(Respuestas!$E$5:$E$34,"D") | G7: =COUNTIF(Respuestas!$E$5:$E$34,Respuestas!E$3)/30 | H7: =IF(Respuestas!E$4="",0,COUNTIF(Respuestas!$E$5:$E$34,Respuestas!E$4)/30) | I7: =IF(LEFT(Preguntas!E7,1)="C",Preguntas!E7,IF(LEFT(Preguntas!G7,1)="C",Preguntas!G7,IF(LEFT(Preguntas!I7,1)="C",Preguntas!I7,IF(LEFT(Preguntas!K7,1)="C",Preguntas!K7,"")))) | J7: =IF(H7>G7,"La idea previa supera a la respuesta correcta",IF(H7>=0.3,"La idea previa es frecuente","Sin concentración en una idea previa"))
A8: 5 | B8: =Preguntas!B8 | C8: =COUNTIF(Respuestas!$F$5:$F$34,"A") | D8: =COUNTIF(Respuestas!$F$5:$F$34,"B") | E8: =COUNTIF(Respuestas!$F$5:$F$34,"C") | F8: =COUNTIF(Respuestas!$F$5:$F$34,"D") | G8: =COUNTIF(Respuestas!$F$5:$F$34,Respuestas!F$3)/30 | H8: =IF(Respuestas!F$4="",0,COUNTIF(Respuestas!$F$5:$F$34,Respuestas!F$4)/30) | I8: =IF(LEFT(Preguntas!E8,1)="C",Preguntas!E8,IF(LEFT(Preguntas!G8,1)="C",Preguntas!G8,IF(LEFT(Preguntas!I8,1)="C",Preguntas!I8,IF(LEFT(Preguntas!K8,1)="C",Preguntas!K8,"")))) | J8: =IF(H8>G8,"La idea previa supera a la respuesta correcta",IF(H8>=0.3,"La idea previa es frecuente","Sin concentración en una idea previa"))
A9: 6 | B9: =Preguntas!B9 | C9: =COUNTIF(Respuestas!$G$5:$G$34,"A") | D9: =COUNTIF(Respuestas!$G$5:$G$34,"B") | E9: =COUNTIF(Respuestas!$G$5:$G$34,"C") | F9: =COUNTIF(Respuestas!$G$5:$G$34,"D") | G9: =COUNTIF(Respuestas!$G$5:$G$34,Respuestas!G$3)/30 | H9: =IF(Respuestas!G$4="",0,COUNTIF(Respuestas!$G$5:$G$34,Respuestas!G$4)/30) | I9: =IF(LEFT(Preguntas!E9,1)="C",Preguntas!E9,IF(LEFT(Preguntas!G9,1)="C",Preguntas!G9,IF(LEFT(Preguntas!I9,1)="C",Preguntas!I9,IF(LEFT(Preguntas!K9,1)="C",Preguntas!K9,"")))) | J9: =IF(H9>G9,"La idea previa supera a la respuesta correcta",IF(H9>=0.3,"La idea previa es frecuente","Sin concentración en una idea previa"))
A10: 7 | B10: =Preguntas!B10 | C10: =COUNTIF(Respuestas!$H$5:$H$34,"A") | D10: =COUNTIF(Respuestas!$H$5:$H$34,"B") | E10: =COUNTIF(Respuestas!$H$5:$H$34,"C") | F10: =COUNTIF(Respuestas!$H$5:$H$34,"D") | G10: =COUNTIF(Respuestas!$H$5:$H$34,Respuestas!H$3)/30 | H10: =IF(Respuestas!H$4="",0,COUNTIF(Respuestas!$H$5:$H$34,Respuestas!H$4)/30) | I10: =IF(LEFT(Preguntas!E10,1)="C",Preguntas!E10,IF(LEFT(Preguntas!G10,1)="C",Preguntas!G10,IF(LEFT(Preguntas!I10,1)="C",Preguntas!I10,IF(LEFT(Preguntas!K10,1)="C",Preguntas!K10,"")))) | J10: =IF(H10>G10,"La idea previa supera a la respuesta correcta",IF(H10>=0.3,"La idea previa es frecuente","Sin concentración en una idea previa"))
A11: 8 | B11: =Preguntas!B11 | C11: =COUNTIF(Respuestas!$I$5:$I$34,"A") | D11: =COUNTIF(Respuestas!$I$5:$I$34,"B") | E11: =COUNTIF(Respuestas!$I$5:$I$34,"C") | F11: =COUNTIF(Respuestas!$I$5:$I$34,"D") | G11: =COUNTIF(Respuestas!$I$5:$I$34,Respuestas!I$3)/30 | H11: =IF(Respuestas!I$4="",0,COUNTIF(Respuestas!$I$5:$I$34,Respuestas!I$4)/30) | I11: =IF(LEFT(Preguntas!E11,1)="C",Preguntas!E11,IF(LEFT(Preguntas!G11,1)="C",Preguntas!G11,IF(LEFT(Preguntas!I11,1)="C",Preguntas!I11,IF(LEFT(Preguntas!K11,1)="C",Preguntas!K11,"")))) | J11: =IF(H11>G11,"La idea previa supera a la respuesta correcta",IF(H11>=0.3,"La idea previa es frecuente","Sin concentración en una idea previa"))

Sheet Estudiantes
A1: PERFIL POR ESTUDIANTE
A3: Estudiante | B3: Respuestas correctas | C3: Respuestas con una idea previa | D3: Otras respuestas | E3: Perfil
A4: =Respuestas!A5 | B4: =SUMPRODUCT(--(Respuestas!$B5:$I5=Respuestas!$B$3:$I$3)) | C4: =SUMPRODUCT(--(Respuestas!$B5:$I5=Respuestas!$B$4:$I$4)) | D4: =8-B4-C4 | E4: =IF(C4>=5,"Ideas previas muy arraigadas",IF(C4>=3,"Varias ideas previas",IF(B4>=5,"Comprensión sólida","Mixto")))
A5: =Respuestas!A6 | B5: =SUMPRODUCT(--(Respuestas!$B6:$I6=Respuestas!$B$3:$I$3)) | C5: =SUMPRODUCT(--(Respuestas!$B6:$I6=Respuestas!$B$4:$I$4)) | D5: =8-B5-C5 | E5: =IF(C5>=5,"Ideas previas muy arraigadas",IF(C5>=3,"Varias ideas previas",IF(B5>=5,"Comprensión sólida","Mixto")))
A6: =Respuestas!A7 | B6: =SUMPRODUCT(--(Respuestas!$B7:$I7=Respuestas!$B$3:$I$3)) | C6: =SUMPRODUCT(--(Respuestas!$B7:$I7=Respuestas!$B$4:$I$4)) | D6: =8-B6-C6 | E6: =IF(C6>=5,"Ideas previas muy arraigadas",IF(C6>=3,"Varias ideas previas",IF(B6>=5,"Comprensión sólida","Mixto")))
A7: =Respuestas!A8 | B7: =SUMPRODUCT(--(Respuestas!$B8:$I8=Respuestas!$B$3:$I$3)) | C7: =SUMPRODUCT(--(Respuestas!$B8:$I8=Respuestas!$B$4:$I$4)) | D7: =8-B7-C7 | E7: =IF(C7>=5,"Ideas previas muy arraigadas",IF(C7>=3,"Varias ideas previas",IF(B7>=5,"Comprensión sólida","Mixto")))
A8: =Respuestas!A9 | B8: =SUMPRODUCT(--(Respuestas!$B9:$I9=Respuestas!$B$3:$I$3)) | C8: =SUMPRODUCT(--(Respuestas!$B9:$I9=Respuestas!$B$4:$I$4)) | D8: =8-B8-C8 | E8: =IF(C8>=5,"Ideas previas muy arraigadas",IF(C8>=3,"Varias ideas previas",IF(B8>=5,"Comprensión sólida","Mixto")))
A9: =Respuestas!A10 | B9: =SUMPRODUCT(--(Respuestas!$B10:$I10=Respuestas!$B$3:$I$3)) | C9: =SUMPRODUCT(--(Respuestas!$B10:$I10=Respuestas!$B$4:$I$4)) | D9: =8-B9-C9 | E9: =IF(C9>=5,"Ideas previas muy arraigadas",IF(C9>=3,"Varias ideas previas",IF(B9>=5,"Comprensión sólida","Mixto")))
A10: =Respuestas!A11 | B10: =SUMPRODUCT(--(Respuestas!$B11:$I11=Respuestas!$B$3:$I$3)) | C10: =SUMPRODUCT(--(Respuestas!$B11:$I11=Respuestas!$B$4:$I$4)) | D10: =8-B10-C10 | E10: =IF(C10>=5,"Ideas previas muy arraigadas",IF(C10>=3,"Varias ideas previas",IF(B10>=5,"Comprensión sólida","Mixto")))
A11: =Respuestas!A12 | B11: =SUMPRODUCT(--(Respuestas!$B12:$I12=Respuestas!$B$3:$I$3)) | C11: =SUMPRODUCT(--(Respuestas!$B12:$I12=Respuestas!$B$4:$I$4)) | D11: =8-B11-C11 | E11: =IF(C11>=5,"Ideas previas muy arraigadas",IF(C11>=3,"Varias ideas previas",IF(B11>=5,"Comprensión sólida","Mixto")))
A12: =Respuestas!A13 | B12: =SUMPRODUCT(--(Respuestas!$B13:$I13=Respuestas!$B$3:$I$3)) | C12: =SUMPRODUCT(--(Respuestas!$B13:$I13=Respuestas!$B$4:$I$4)) | D12: =8-B12-C12 | E12: =IF(C12>=5,"Ideas previas muy arraigadas",IF(C12>=3,"Varias ideas previas",IF(B12>=5,"Comprensión sólida","Mixto")))
A13: =Respuestas!A14 | B13: =SUMPRODUCT(--(Respuestas!$B14:$I14=Respuestas!$B$3:$I$3)) | C13: =SUMPRODUCT(--(Respuestas!$B14:$I14=Respuestas!$B$4:$I$4)) | D13: =8-B13-C13 | E13: =IF(C13>=5,"Ideas previas muy arraigadas",IF(C13>=3,"Varias ideas previas",IF(B13>=5,"Comprensión sólida","Mixto")))
A14: =Respuestas!A15 | B14: =SUMPRODUCT(--(Respuestas!$B15:$I15=Respuestas!$B$3:$I$3)) | C14: =SUMPRODUCT(--(Respuestas!$B15:$I15=Respuestas!$B$4:$I$4)) | D14: =8-B14-C14 | E14: =IF(C14>=5,"Ideas previas muy arraigadas",IF(C14>=3,"Varias ideas previas",IF(B14>=5,"Comprensión sólida","Mixto")))
A15: =Respuestas!A16 | B15: =SUMPRODUCT(--(Respuestas!$B16:$I16=Respuestas!$B$3:$I$3)) | C15: =SUMPRODUCT(--(Respuestas!$B16:$I16=Respuestas!$B$4:$I$4)) | D15: =8-B15-C15 | E15: =IF(C15>=5,"Ideas previas muy arraigadas",IF(C15>=3,"Varias ideas previas",IF(B15>=5,"Comprensión sólida","Mixto")))
... A33: =Respuestas!A34 | B33: =SUMPRODUCT(--(Respuestas!$B34:$I34=Respuestas!$B$3:$I$3)) | C33: =SUMPRODUCT(--(Respuestas!$B34:$I34=Respuestas!$B$4:$I$4)) | D33: =8-B33-C33 | E33: =IF(C33>=5,"Ideas previas muy arraigadas",IF(C33>=3,"Varias ideas previas",IF(B33>=5,"Comprensión sólida","Mixto")))
