Workbook

Sheet Resumen
A1: RESUMEN DEL ANÁLISIS
A3: Procesos analizados | B3: =COUNTA(Procesos!A5:A25)
A4: Procesos con brecha de tiempo de recuperación | B4: =COUNTIF(Procesos!M5:M25,">0")
A5: Procesos con brecha de datos (respaldo más viejo que el tolerable) | B5: =COUNTIF(Procesos!N5:N25,">0")
A6: Procesos sin alternativa manual | B6: =COUNTIF(Procesos!K5:K25,"No")
A7: Procesos con las tres debilidades | B7: =COUNTIFS(Procesos!M5:M25,">0",Procesos!N5:N25,">0",Procesos!K5:K25,"No")
A8: Mayor criticidad | B8: =MAX(Procesos!L5:L25)
A9: Proceso de mayor prioridad | B9: =INDEX(Procesos!B5:B25,MATCH(1,Procesos!P5:P25,0))
A10: Mayor brecha de tiempo (h) | B10: =MAX(Procesos!M5:M25)
A11: Proceso con la mayor brecha de tiempo | B11: =INDEX(Procesos!B5:B25,MATCH(MAX(Procesos!M5:M25),Procesos!M5:M25,0))

Sheet Procesos
A1: ANÁLISIS DE IMPACTO DE LOS PROCESOS DEL COLEGIO (ejemplo ficticio; impactos de 1 a 5; tiempos en horas)
A2: Pesos de la criticidad: | D2: 0.4 | E2: 0.3 | F2: 0.3 | G2: =IF(ROUND(D2+E2+F2,4)=1,"Suman 100 %","Revisa los pesos")
A4: ID | B4: Proceso | C4: Responsable | D4: Impacto académico | E4: Impacto en familias | F4: Impacto legal o financiero | G4: Tolerancia máxima de interrupción (RTO objetivo, h) | H4: Pérdida de datos tolerable (RPO objetivo, h) | I4: Tiempo real de recuperación (h) | J4: Antigüedad del último respaldo (h) | K4: ¿Hay alternativa manual? (Sí/No) | L4: Criticidad (1-5) | M4: Brecha de tiempo (h) | N4: Brecha de datos (h) | O4: Índice de prioridad | P4: Posición
A5: P1 | B5: Plataforma de notas | C5: Coordinación | D5: 5 | E5: 4 | F5: 5 | G5: 8 | H5: 4 | I5: 24 | J5: 24 | K5: No | L5: =IF(A5="","",ROUND(D5*$D$2+E5*$E$2+F5*$F$2,2)) | M5: =IF(A5="","",MAX(0,I5-G5)) | N5: =IF(OR(A5="",H5="",J5=""),IF(A5="","",0),MAX(0,J5-H5)) | O5: =IF(A5="","",ROUND(L5*(1+0.5*(M5>0)+0.5*(N5>0)+0.5*(K5="No")),2)) | P5: =IF(A5="","",RANK(O5,$O$5:$O$25,0))
A6: P2 | B6: Correo institucional | C6: Sistemas | D6: 4 | E6: 3 | F6: 3 | G6: 4 | H6: 24 | I6: 24 | J6: 24 | K6: Sí | L6: =IF(A6="","",ROUND(D6*$D$2+E6*$E$2+F6*$F$2,2)) | M6: =IF(A6="","",MAX(0,I6-G6)) | N6: =IF(OR(A6="",H6="",J6=""),IF(A6="","",0),MAX(0,J6-H6)) | O6: =IF(A6="","",ROUND(L6*(1+0.5*(M6>0)+0.5*(N6>0)+0.5*(K6="No")),2)) | P6: =IF(A6="","",RANK(O6,$O$5:$O$25,0))
A7: P3 | B7: Pagos y matrículas | C7: Tesorería | D7: 3 | E7: 5 | F7: 5 | G7: 24 | H7: 4 | I7: 48 | J7: 12 | K7: No | L7: =IF(A7="","",ROUND(D7*$D$2+E7*$E$2+F7*$F$2,2)) | M7: =IF(A7="","",MAX(0,I7-G7)) | N7: =IF(OR(A7="",H7="",J7=""),IF(A7="","",0),MAX(0,J7-H7)) | O7: =IF(A7="","",ROUND(L7*(1+0.5*(M7>0)+0.5*(N7>0)+0.5*(K7="No")),2)) | P7: =IF(A7="","",RANK(O7,$O$5:$O$25,0))
A8: P4 | B8: Aula virtual | C8: Docentes | D8: 5 | E8: 3 | F8: 2 | G8: 8 | H8: 12 | I8: 8 | J8: 24 | K8: Sí | L8: =IF(A8="","",ROUND(D8*$D$2+E8*$E$2+F8*$F$2,2)) | M8: =IF(A8="","",MAX(0,I8-G8)) | N8: =IF(OR(A8="",H8="",J8=""),IF(A8="","",0),MAX(0,J8-H8)) | O8: =IF(A8="","",ROUND(L8*(1+0.5*(M8>0)+0.5*(N8>0)+0.5*(K8="No")),2)) | P8: =IF(A8="","",RANK(O8,$O$5:$O$25,0))
A9: P5 | B9: Comunicación con familias | C9: Secretaría | D9: 3 | E9: 5 | F9: 3 | G9: 4 | H9: 24 | I9: 12 | J9: 24 | K9: Sí | L9: =IF(A9="","",ROUND(D9*$D$2+E9*$E$2+F9*$F$2,2)) | M9: =IF(A9="","",MAX(0,I9-G9)) | N9: =IF(OR(A9="",H9="",J9=""),IF(A9="","",0),MAX(0,J9-H9)) | O9: =IF(A9="","",ROUND(L9*(1+0.5*(M9>0)+0.5*(N9>0)+0.5*(K9="No")),2)) | P9: =IF(A9="","",RANK(O9,$O$5:$O$25,0))
A10: P6 | B10: Red y Wi-Fi | C10: Sistemas | D10: 4 | E10: 2 | F10: 2 | G10: 4 | I10: 8 | K10: Sí | L10: =IF(A10="","",ROUND(D10*$D$2+E10*$E$2+F10*$F$2,2)) | M10: =IF(A10="","",MAX(0,I10-G10)) | N10: =IF(OR(A10="",H10="",J10=""),IF(A10="","",0),MAX(0,J10-H10)) | O10: =IF(A10="","",ROUND(L10*(1+0.5*(M10>0)+0.5*(N10>0)+0.5*(K10="No")),2)) | P10: =IF(A10="","",RANK(O10,$O$5:$O$25,0))
A11: P7 | B11: Registro de asistencia | C11: Docentes | D11: 3 | E11: 4 | F11: 4 | G11: 24 | H11: 24 | I11: 24 | J11: 24 | K11: Sí | L11: =IF(A11="","",ROUND(D11*$D$2+E11*$E$2+F11*$F$2,2)) | M11: =IF(A11="","",MAX(0,I11-G11)) | N11: =IF(OR(A11="",H11="",J11=""),IF(A11="","",0),MAX(0,J11-H11)) | O11: =IF(A11="","",ROUND(L11*(1+0.5*(M11>0)+0.5*(N11>0)+0.5*(K11="No")),2)) | P11: =IF(A11="","",RANK(O11,$O$5:$O$25,0))
A12: P8 | B12: Evaluaciones en línea | C12: Docentes | D12: 5 | E12: 3 | F12: 3 | G12: 2 | H12: 1 | I12: 12 | J12: 24 | K12: No | L12: =IF(A12="","",ROUND(D12*$D$2+E12*$E$2+F12*$F$2,2)) | M12: =IF(A12="","",MAX(0,I12-G12)) | N12: =IF(OR(A12="",H12="",J12=""),IF(A12="","",0),MAX(0,J12-H12)) | O12: =IF(A12="","",ROUND(L12*(1+0.5*(M12>0)+0.5*(N12>0)+0.5*(K12="No")),2)) | P12: =IF(A12="","",RANK(O12,$O$5:$O$25,0))
L13: =IF(A13="","",ROUND(D13*$D$2+E13*$E$2+F13*$F$2,2)) | M13: =IF(A13="","",MAX(0,I13-G13)) | N13: =IF(OR(A13="",H13="",J13=""),IF(A13="","",0),MAX(0,J13-H13)) | O13: =IF(A13="","",ROUND(L13*(1+0.5*(M13>0)+0.5*(N13>0)+0.5*(K13="No")),2)) | P13: =IF(A13="","",RANK(O13,$O$5:$O$25,0))
L14: =IF(A14="","",ROUND(D14*$D$2+E14*$E$2+F14*$F$2,2)) | M14: =IF(A14="","",MAX(0,I14-G14)) | N14: =IF(OR(A14="",H14="",J14=""),IF(A14="","",0),MAX(0,J14-H14)) | O14: =IF(A14="","",ROUND(L14*(1+0.5*(M14>0)+0.5*(N14>0)+0.5*(K14="No")),2)) | P14: =IF(A14="","",RANK(O14,$O$5:$O$25,0))
L15: =IF(A15="","",ROUND(D15*$D$2+E15*$E$2+F15*$F$2,2)) | M15: =IF(A15="","",MAX(0,I15-G15)) | N15: =IF(OR(A15="",H15="",J15=""),IF(A15="","",0),MAX(0,J15-H15)) | O15: =IF(A15="","",ROUND(L15*(1+0.5*(M15>0)+0.5*(N15>0)+0.5*(K15="No")),2)) | P15: =IF(A15="","",RANK(O15,$O$5:$O$25,0))
L16: =IF(A16="","",ROUND(D16*$D$2+E16*$E$2+F16*$F$2,2)) | M16: =IF(A16="","",MAX(0,I16-G16)) | N16: =IF(OR(A16="",H16="",J16=""),IF(A16="","",0),MAX(0,J16-H16)) | O16: =IF(A16="","",ROUND(L16*(1+0.5*(M16>0)+0.5*(N16>0)+0.5*(K16="No")),2)) | P16: =IF(A16="","",RANK(O16,$O$5:$O$25,0))
L17: =IF(A17="","",ROUND(D17*$D$2+E17*$E$2+F17*$F$2,2)) | M17: =IF(A17="","",MAX(0,I17-G17)) | N17: =IF(OR(A17="",H17="",J17=""),IF(A17="","",0),MAX(0,J17-H17)) | O17: =IF(A17="","",ROUND(L17*(1+0.5*(M17>0)+0.5*(N17>0)+0.5*(K17="No")),2)) | P17: =IF(A17="","",RANK(O17,$O$5:$O$25,0))
L18: =IF(A18="","",ROUND(D18*$D$2+E18*$E$2+F18*$F$2,2)) | M18: =IF(A18="","",MAX(0,I18-G18)) | N18: =IF(OR(A18="",H18="",J18=""),IF(A18="","",0),MAX(0,J18-H18)) | O18: =IF(A18="","",ROUND(L18*(1+0.5*(M18>0)+0.5*(N18>0)+0.5*(K18="No")),2)) | P18: =IF(A18="","",RANK(O18,$O$5:$O$25,0))
L19: =IF(A19="","",ROUND(D19*$D$2+E19*$E$2+F19*$F$2,2)) | M19: =IF(A19="","",MAX(0,I19-G19)) | N19: =IF(OR(A19="",H19="",J19=""),IF(A19="","",0),MAX(0,J19-H19)) | O19: =IF(A19="","",ROUND(L19*(1+0.5*(M19>0)+0.5*(N19>0)+0.5*(K19="No")),2)) | P19: =IF(A19="","",RANK(O19,$O$5:$O$25,0))
L20: =IF(A20="","",ROUND(D20*$D$2+E20*$E$2+F20*$F$2,2)) | M20: =IF(A20="","",MAX(0,I20-G20)) | N20: =IF(OR(A20="",H20="",J20=""),IF(A20="","",0),MAX(0,J20-H20)) | O20: =IF(A20="","",ROUND(L20*(1+0.5*(M20>0)+0.5*(N20>0)+0.5*(K20="No")),2)) | P20: =IF(A20="","",RANK(O20,$O$5:$O$25,0))
L21: =IF(A21="","",ROUND(D21*$D$2+E21*$E$2+F21*$F$2,2)) | M21: =IF(A21="","",MAX(0,I21-G21)) | N21: =IF(OR(A21="",H21="",J21=""),IF(A21="","",0),MAX(0,J21-H21)) | O21: =IF(A21="","",ROUND(L21*(1+0.5*(M21>0)+0.5*(N21>0)+0.5*(K21="No")),2)) | P21: =IF(A21="","",RANK(O21,$O$5:$O$25,0))
L22: =IF(A22="","",ROUND(D22*$D$2+E22*$E$2+F22*$F$2,2)) | M22: =IF(A22="","",MAX(0,I22-G22)) | N22: =IF(OR(A22="",H22="",J22=""),IF(A22="","",0),MAX(0,J22-H22)) | O22: =IF(A22="","",ROUND(L22*(1+0.5*(M22>0)+0.5*(N22>0)+0.5*(K22="No")),2)) | P22: =IF(A22="","",RANK(O22,$O$5:$O$25,0))
L23: =IF(A23="","",ROUND(D23*$D$2+E23*$E$2+F23*$F$2,2)) | M23: =IF(A23="","",MAX(0,I23-G23)) | N23: =IF(OR(A23="",H23="",J23=""),IF(A23="","",0),MAX(0,J23-H23)) | O23: =IF(A23="","",ROUND(L23*(1+0.5*(M23>0)+0.5*(N23>0)+0.5*(K23="No")),2)) | P23: =IF(A23="","",RANK(O23,$O$5:$O$25,0))
L24: =IF(A24="","",ROUND(D24*$D$2+E24*$E$2+F24*$F$2,2)) | M24: =IF(A24="","",MAX(0,I24-G24)) | N24: =IF(OR(A24="",H24="",J24=""),IF(A24="","",0),MAX(0,J24-H24)) | O24: =IF(A24="","",ROUND(L24*(1+0.5*(M24>0)+0.5*(N24>0)+0.5*(K24="No")),2)) | P24: =IF(A24="","",RANK(O24,$O$5:$O$25,0))
L25: =IF(A25="","",ROUND(D25*$D$2+E25*$E$2+F25*$F$2,2)) | M25: =IF(A25="","",MAX(0,I25-G25)) | N25: =IF(OR(A25="",H25="",J25=""),IF(A25="","",0),MAX(0,J25-H25)) | O25: =IF(A25="","",ROUND(L25*(1+0.5*(M25>0)+0.5*(N25>0)+0.5*(K25="No")),2)) | P25: =IF(A25="","",RANK(O25,$O$5:$O$25,0))

Sheet Escenarios
A1: ESCENARIOS A CUBRIR (marca qué procesos del análisis afecta cada uno y quién actúa; ejemplo editable)
A3: Escenario | B3: Procesos afectados | C3: Primera acción | D3: Responsable | E3: Alternativa mientras tanto
A4: Corte de internet de la sede | B4: P2, P4, P5, P6, P8 | C4: Llamar al proveedor y activar datos móviles de respaldo | D4: Sistemas | E4: Material impreso y actividades sin conexión
A5: Falla de la plataforma de notas | B5: P1 | C5: Contactar al proveedor y exportar la última copia | D5: Coordinación | E5: Hoja de cálculo de contingencia con copia protegida
A6: Ataque de ransomware | B6: P1, P2, P3, P4, P7 | C6: Aislar equipos y seguir el protocolo de los primeros 60 minutos | D6: Sistemas y rectoría | E6: Listados impresos y comunicación por teléfono
A7: Pérdida de energía prolongada | B7: P4, P6, P8 | C7: Verificar respaldo de energía y reprogramar actividades en línea | D7: Rectoría | E7: Clases sin dispositivos
A8: Ausencia del único responsable técnico | B8: P2, P6 | C8: Activar al suplente y las credenciales de emergencia | D8: Rectoría | E8: Soporte externo contratado
